<?xml version="1.0" encoding="UTF-8"?>

<Bundle xmlns="http://hl7.org/fhir">
  <id value="CauseOfDeathCodingMessage-Example1"/>
  <meta>
    <profile value="http://cdc.gov/nchs/nvss/fhir/vital-records-messaging/StructureDefinition/VRM-CauseOfDeathCodingMessage"/>
  </meta>
  <type value="message"/>
  <timestamp value="2021-05-20T00:00:00Z"/>
  <entry>
    <fullUrl value="http://www.example.org/fhir/Header/CauseOfDeathCodingHeader-Example1"/>
    <resource>
      <MessageHeader>
        <id value="CauseOfDeathCodingHeader-Example1"/>
        <meta>
          <profile value="http://cdc.gov/nchs/nvss/fhir/vital-records-messaging/StructureDefinition/VRM-CauseOfDeathCodingHeader"/>
        </meta>
        <text>
          <status value="generated"/><div xmlns="http://www.w3.org/1999/xhtml"><p><b>Generated Narrative: MessageHeader</b><a name="CauseOfDeathCodingHeader-Example1"> </a></p><div style="display: inline-block; background-color: #d9e0e7; padding: 6px; margin: 4px; border: 1px solid #8da1b4; border-radius: 5px; line-height: 60%"><p style="margin-bottom: 0px">Resource MessageHeader &quot;CauseOfDeathCodingHeader-Example1&quot; </p><p style="margin-bottom: 0px">Profile: <a href="StructureDefinition-VRM-CauseOfDeathCodingHeader.html">Cause of Death Coding Header</a></p></div><p><b>event</b>: <a href="http://nchs.cdc.gov/vrdr_causeofdeath_coding">http://nchs.cdc.gov/vrdr_causeofdeath_coding</a></p><h3>Destinations</h3><table class="grid"><tr><td style="display: none">-</td><td><b>Endpoint</b></td></tr><tr><td style="display: none">*</td><td><a href="https://sos.ny.gov/vitalrecords">https://sos.ny.gov/vitalrecords</a></td></tr></table><h3>Sources</h3><table class="grid"><tr><td style="display: none">-</td><td><b>Endpoint</b></td></tr><tr><td style="display: none">*</td><td><a href="http://nchs.cdc.gov/vrdr_submission">http://nchs.cdc.gov/vrdr_submission</a></td></tr></table><h3>Responses</h3><table class="grid"><tr><td style="display: none">-</td><td><b>Identifier</b></td><td><b>Code</b></td></tr><tr><td style="display: none">*</td><td>SubmissionHeader-Example1</td><td>ok</td></tr></table><p><b>focus</b>: <a href="#Bundle_CauseOfDeathCodedContentBundle-Example1">See above (Bundle/CauseOfDeathCodedContentBundle-Example1)</a></p></div>
        </text>
        <eventUri value="http://nchs.cdc.gov/vrdr_causeofdeath_coding"/>
        <destination>
          <endpoint value="https://sos.ny.gov/vitalrecords"/>
        </destination>
        <source>
          <endpoint value="http://nchs.cdc.gov/vrdr_submission"/>
        </source>
        <response>
          <identifier value="SubmissionHeader-Example1"/>
          <code value="ok"/>
        </response>
        <focus>
          <reference value="Bundle/CauseOfDeathCodedContentBundle-Example1"/>
        </focus>
      </MessageHeader>
    </resource>
  </entry>
  <entry>
    <fullUrl value="http://www.example.org/fhir/Parameters/Parameters-Example1"/>
    <resource>
      <Parameters>
        <id value="Parameters-Example1"/>
        <meta>
          <profile value="http://cdc.gov/nchs/nvss/fhir/vital-records-messaging/StructureDefinition/VRM-MessageParameters"/>
        </meta>
        <parameter>
          <name value="jurisdiction_id"/>
          <valueString value="NY"/>
        </parameter>
        <parameter>
          <name value="cert_no"/>
          <valueUnsignedInt value="123456"/>
        </parameter>
        <parameter>
          <name value="death_year"/>
          <valueUnsignedInt value="2018"/>
        </parameter>
        <parameter>
          <name value="state_auxiliary_id"/>
          <valueString value="abcdef10"/>
        </parameter>
      </Parameters>
    </resource>
  </entry>
  <entry>
    <fullUrl value="http://www.example.org/fhir/Bundle/CauseOfDeathCodedContentBundle-Example1"/>
    <resource>
      <Bundle>
        <id value="CauseOfDeathCodedContentBundle-Example1"/>
        <meta>
          <profile value="http://hl7.org/fhir/us/vrdr/StructureDefinition/vrdr-cause-of-death-coded-bundle"/>
        </meta>
        <identifier>
          <extension url="http://hl7.org/fhir/us/vrdr/StructureDefinition/CertificateNumber">
            <valueString value="000182"/>
          </extension>
          <extension url="http://hl7.org/fhir/us/vrdr/StructureDefinition/AuxiliaryStateIdentifier1">
            <valueString value="000000000001"/>
          </extension>
          <extension url="http://hl7.org/fhir/us/vrdr/StructureDefinition/AuxiliaryStateIdentifier2">
            <valueString value="100000000001"/>
          </extension>
          <system value="http://nchs.cdc.gov/vrdr_id"/>
          <value value="2020NY000182"/>
        </identifier>
        <type value="collection"/>
        <timestamp value="2020-10-20T14:48:35.401641-04:00"/>
        <entry>
          <fullUrl value="http://www.example.org/fhir/Observation/ActivityAtTimeOfDeath-Example1"/>
          <resource>
            <Observation>
              <id value="ActivityAtTimeOfDeath-Example1"/>
              <meta>
                <profile value="http://hl7.org/fhir/us/vrdr/StructureDefinition/vrdr-activity-at-time-of-death"/>
              </meta>
              <status value="final"/>
              <code>
                <coding>
                  <system value="http://loinc.org"/>
                  <code value="80626-5"/>
                </coding>
              </code>
              <subject>
                <display value="NCHS generated"/>
              </subject>
              <valueCodeableConcept>
                <coding>
                  <system value="http://hl7.org/fhir/us/vrdr/CodeSystem/vrdr-activity-at-time-of-death-cs"/>
                  <code value="1"/>
                  <display value="While engaged in leisure activities."/>
                </coding>
              </valueCodeableConcept>
            </Observation>
          </resource>
        </entry>
        <entry>
          <fullUrl value="http://www.example.org/fhir/Observation/ManualUnderlyingCauseOfDeath-Example1"/>
          <resource>
            <Observation>
              <id value="ManualUnderlyingCauseOfDeath-Example1"/>
              <meta>
                <profile value="http://hl7.org/fhir/us/vrdr/StructureDefinition/vrdr-manual-underlying-cause-of-death"/>
              </meta>
              <status value="final"/>
              <code>
                <coding>
                  <system value="http://loinc.org"/>
                  <code value="80359-3"/>
                </coding>
              </code>
              <subject>
                <display value="NCHS generated"/>
              </subject>
              <valueCodeableConcept>
                <coding>
                  <system value="http://hl7.org/fhir/sid/icd-10"/>
                  <code value="J96.0"/>
                </coding>
              </valueCodeableConcept>
            </Observation>
          </resource>
        </entry>
        <entry>
          <fullUrl value="http://www.example.org/fhir/Observation/AutomatedUnderlyingCauseOfDeath-Example1"/>
          <resource>
            <Observation>
              <id value="AutomatedUnderlyingCauseOfDeath-Example1"/>
              <meta>
                <profile value="http://hl7.org/fhir/us/vrdr/StructureDefinition/vrdr-automated-underlying-cause-of-death"/>
              </meta>
              <status value="final"/>
              <code>
                <coding>
                  <system value="http://loinc.org"/>
                  <code value="80358-5"/>
                </coding>
              </code>
              <subject>
                <display value="NCHS generated"/>
              </subject>
              <valueCodeableConcept>
                <coding>
                  <system value="http://hl7.org/fhir/sid/icd-10"/>
                  <code value="J96.0"/>
                </coding>
              </valueCodeableConcept>
            </Observation>
          </resource>
        </entry>
        <entry>
          <fullUrl value="http://www.example.org/fhir/Observation/RecordAxisCauseOfDeath-Example1"/>
          <resource>
            <Observation>
              <id value="RecordAxisCauseOfDeath-Example1"/>
              <meta>
                <profile value="http://hl7.org/fhir/us/vrdr/StructureDefinition/vrdr-record-axis-cause-of-death"/>
              </meta>
              <status value="final"/>
              <code>
                <coding>
                  <system value="http://loinc.org"/>
                  <code value="80357-7"/>
                </coding>
              </code>
              <subject>
                <display value="NCHS generated"/>
              </subject>
              <valueCodeableConcept>
                <coding>
                  <system value="http://hl7.org/fhir/sid/icd-10"/>
                  <code value="J96.0"/>
                </coding>
              </valueCodeableConcept>
              <component>
                <code>
                  <coding>
                    <system value="http://hl7.org/fhir/us/vrdr/CodeSystem/vrdr-component-cs"/>
                    <code value="position"/>
                  </coding>
                </code>
                <valueInteger value="1"/>
              </component>
            </Observation>
          </resource>
        </entry>
        <entry>
          <fullUrl value="http://www.example.org/fhir/Observation/EntityAxisCauseOfDeath-Example1"/>
          <resource>
            <Observation>
              <id value="EntityAxisCauseOfDeath-Example1"/>
              <meta>
                <profile value="http://hl7.org/fhir/us/vrdr/StructureDefinition/vrdr-entity-axis-cause-of-death"/>
              </meta>
              <status value="final"/>
              <code>
                <coding>
                  <system value="http://loinc.org"/>
                  <code value="80356-9"/>
                </coding>
              </code>
              <subject>
                <display value="NCHS generated"/>
              </subject>
              <valueCodeableConcept>
                <coding>
                  <system value="http://hl7.org/fhir/sid/icd-10"/>
                  <code value="J96.0"/>
                </coding>
              </valueCodeableConcept>
              <component>
                <code>
                  <coding>
                    <system value="http://hl7.org/fhir/us/vrdr/CodeSystem/vrdr-component-cs"/>
                    <code value="lineNumber"/>
                  </coding>
                </code>
                <valueInteger value="1"/>
              </component>
              <component>
                <code>
                  <coding>
                    <system value="http://hl7.org/fhir/us/vrdr/CodeSystem/vrdr-component-cs"/>
                    <code value="position"/>
                  </coding>
                </code>
                <valueInteger value="1"/>
              </component>
            </Observation>
          </resource>
        </entry>
        <entry>
          <fullUrl value="http://www.example.org/fhir/Observation/EntityAxisCauseOfDeath-Example2"/>
          <resource>
            <Observation>
              <id value="EntityAxisCauseOfDeath-Example2"/>
              <meta>
                <profile value="http://hl7.org/fhir/us/vrdr/StructureDefinition/vrdr-entity-axis-cause-of-death"/>
              </meta>
              <status value="final"/>
              <code>
                <coding>
                  <system value="http://loinc.org"/>
                  <code value="80356-9"/>
                </coding>
              </code>
              <subject>
                <display value="NCHS generated"/>
              </subject>
              <valueCodeableConcept>
                <coding>
                  <system value="http://hl7.org/fhir/sid/icd-10"/>
                  <code value="T27.3"/>
                </coding>
              </valueCodeableConcept>
              <component>
                <code>
                  <coding>
                    <system value="http://hl7.org/fhir/us/vrdr/CodeSystem/vrdr-component-cs"/>
                    <code value="lineNumber"/>
                  </coding>
                </code>
                <valueInteger value="2"/>
              </component>
              <component>
                <code>
                  <coding>
                    <system value="http://hl7.org/fhir/us/vrdr/CodeSystem/vrdr-component-cs"/>
                    <code value="position"/>
                  </coding>
                </code>
                <valueInteger value="1"/>
              </component>
            </Observation>
          </resource>
        </entry>
        <entry>
          <fullUrl value="http://www.example.org/fhir/Observation/EntityAxisCauseOfDeath-Example3"/>
          <resource>
            <Observation>
              <id value="EntityAxisCauseOfDeath-Example3"/>
              <meta>
                <profile value="http://hl7.org/fhir/us/vrdr/StructureDefinition/vrdr-entity-axis-cause-of-death"/>
              </meta>
              <status value="final"/>
              <code>
                <coding>
                  <system value="http://loinc.org"/>
                  <code value="80356-9"/>
                </coding>
              </code>
              <subject>
                <display value="NCHS generated"/>
              </subject>
              <valueCodeableConcept>
                <coding>
                  <system value="http://hl7.org/fhir/sid/icd-10"/>
                  <code value="X00"/>
                </coding>
              </valueCodeableConcept>
              <component>
                <code>
                  <coding>
                    <system value="http://hl7.org/fhir/us/vrdr/CodeSystem/vrdr-component-cs"/>
                    <code value="lineNumber"/>
                  </coding>
                </code>
                <valueInteger value="2"/>
              </component>
              <component>
                <code>
                  <coding>
                    <system value="http://hl7.org/fhir/us/vrdr/CodeSystem/vrdr-component-cs"/>
                    <code value="position"/>
                  </coding>
                </code>
                <valueInteger value="2"/>
              </component>
              <component>
                <code>
                  <coding>
                    <system value="http://hl7.org/fhir/us/vrdr/CodeSystem/vrdr-component-cs"/>
                    <code value="eCodeIndicator"/>
                  </coding>
                </code>
                <valueBoolean value="true"/>
              </component>
            </Observation>
          </resource>
        </entry>
        <entry>
          <fullUrl value="http://www.example.org/fhir/Observation/EntityAxisCauseOfDeath-Example4"/>
          <resource>
            <Observation>
              <id value="EntityAxisCauseOfDeath-Example4"/>
              <meta>
                <profile value="http://hl7.org/fhir/us/vrdr/StructureDefinition/vrdr-entity-axis-cause-of-death"/>
              </meta>
              <status value="final"/>
              <code>
                <coding>
                  <system value="http://loinc.org"/>
                  <code value="80356-9"/>
                </coding>
              </code>
              <subject>
                <display value="NCHS generated"/>
              </subject>
              <valueCodeableConcept>
                <coding>
                  <system value="http://hl7.org/fhir/sid/icd-10"/>
                  <code value="T27.2"/>
                </coding>
              </valueCodeableConcept>
              <component>
                <code>
                  <coding>
                    <system value="http://hl7.org/fhir/us/vrdr/CodeSystem/vrdr-component-cs"/>
                    <code value="lineNumber"/>
                  </coding>
                </code>
                <valueInteger value="2"/>
              </component>
              <component>
                <code>
                  <coding>
                    <system value="http://hl7.org/fhir/us/vrdr/CodeSystem/vrdr-component-cs"/>
                    <code value="position"/>
                  </coding>
                </code>
                <valueInteger value="3"/>
              </component>
              <component>
                <code>
                  <coding>
                    <system value="http://hl7.org/fhir/us/vrdr/CodeSystem/vrdr-component-cs"/>
                    <code value="eCodeIndicator"/>
                  </coding>
                </code>
                <valueBoolean value="false"/>
              </component>
            </Observation>
          </resource>
        </entry>
        <entry>
          <fullUrl value="http://www.example.org/fhir/Observation/PlaceOfInjury-Example1"/>
          <resource>
            <Observation>
              <id value="PlaceOfInjury-Example1"/>
              <meta>
                <profile value="http://hl7.org/fhir/us/vrdr/StructureDefinition/vrdr-place-of-injury"/>
              </meta>
              <status value="final"/>
              <code>
                <coding>
                  <system value="http://loinc.org"/>
                  <code value="11376-1"/>
                </coding>
              </code>
              <subject>
                <display value="NCHS generated"/>
              </subject>
              <valueCodeableConcept>
                <coding>
                  <system value="http://loinc.org"/>
                  <code value="LA14084-0"/>
                  <display value="Home"/>
                </coding>
              </valueCodeableConcept>
            </Observation>
          </resource>
        </entry>
        <entry>
          <fullUrl value="http://www.example.org/fhir/Parameter/CodingStatusValues-Example1"/>
          <resource>
            <Parameters>
              <id value="CodingStatusValues-Example1"/>
              <meta>
                <profile value="http://hl7.org/fhir/us/vrdr/StructureDefinition/vrdr-coding-status-values"/>
              </meta>
              <parameter>
                <name value="shipmentNumber"/>
                <valueString value="A2B2"/>
              </parameter>
              <parameter>
                <name value="receiptDate"/>
                <valueDate value="2021-12-12"/>
              </parameter>
              <parameter>
                <name value="coderStatus"/>
                <valueInteger value="5"/>
              </parameter>
              <parameter>
                <name value="intentionalReject"/>
                <valueCodeableConcept>
                  <coding>
                    <system value="http://hl7.org/fhir/us/vrdr/CodeSystem/vrdr-intentional-reject-cs"/>
                    <code value="1"/>
                    <display value="Reject1"/>
                  </coding>
                </valueCodeableConcept>
              </parameter>
              <parameter>
                <name value="acmeSystemReject"/>
                <valueCodeableConcept>
                  <coding>
                    <system value="http://hl7.org/fhir/us/vrdr/CodeSystem/vrdr-system-reject-cs"/>
                    <code value="0"/>
                    <display value="Not Rejected"/>
                  </coding>
                </valueCodeableConcept>
              </parameter>
              <parameter>
                <name value="transaxConversion"/>
                <valueCodeableConcept>
                  <coding>
                    <system value="http://hl7.org/fhir/us/vrdr/CodeSystem/vrdr-transax-conversion-cs"/>
                    <code value="3"/>
                    <display value="Conversion using non-ambivalent table entries"/>
                  </coding>
                </valueCodeableConcept>
              </parameter>
            </Parameters>
          </resource>
        </entry>
        <entry>
          <fullUrl value="http://www.example.org/fhir/Observation/DecedentPregnancyStatus-Example1"/>
          <resource>
            <Observation>
              <id value="DecedentPregnancyStatus-Example1"/>
              <meta>
                <profile value="http://hl7.org/fhir/us/vrdr/StructureDefinition/vrdr-decedent-pregnancy-status"/>
              </meta>
              <status value="final"/>
              <code>
                <coding>
                  <system value="http://loinc.org"/>
                  <code value="69442-2"/>
                </coding>
              </code>
              <subject>
                <reference value="Patient/Decedent-Example1"/>
              </subject>
              <valueCodeableConcept>
                <extension url="http://hl7.org/fhir/us/vrdr/StructureDefinition/BypassEditFlag">
                  <valueCodeableConcept>
                    <coding>
                      <system value="http://hl7.org/fhir/us/vrdr/CodeSystem/vrdr-bypass-edit-flag-cs"/>
                      <code value="2"/>
                      <display value="Edit Failed, Data Queried, but not Verified"/>
                    </coding>
                  </valueCodeableConcept>
                </extension>
                <coding>
                  <system value="http://hl7.org/fhir/us/vrdr/CodeSystem/vrdr-pregnancy-status-cs"/>
                  <code value="2"/>
                  <display value="Pregnant at time of death"/>
                </coding>
              </valueCodeableConcept>
            </Observation>
          </resource>
        </entry>
        <entry>
          <fullUrl value="http://www.example.org/fhir/Observation/TobaccoUseContributedToDeath-Example1"/>
          <resource>
            <Observation>
              <id value="TobaccoUseContributedToDeath-Example1"/>
              <meta>
                <profile value="http://hl7.org/fhir/us/vrdr/StructureDefinition/vrdr-tobacco-use-contributed-to-death"/>
              </meta>
              <status value="final"/>
              <code>
                <coding>
                  <system value="http://loinc.org"/>
                  <code value="69443-0"/>
                  <display value="Did tobacco use contribute to death"/>
                </coding>
              </code>
              <subject>
                <reference value="Patient/Decedent-Example1"/>
              </subject>
              <valueCodeableConcept>
                <coding>
                  <system value="http://snomed.info/sct"/>
                  <code value="373066001"/>
                  <display value="Yes"/>
                </coding>
              </valueCodeableConcept>
            </Observation>
          </resource>
        </entry>
        <entry>
          <fullUrl value="http://www.example.org/fhir/Observation/SurgeryDate-Example1"/>
          <resource>
            <Observation>
              <id value="SurgeryDate-Example1"/>
              <meta>
                <profile value="http://hl7.org/fhir/us/vrdr/StructureDefinition/vrdr-surgery-date"/>
              </meta>
              <status value="final"/>
              <code>
                <coding>
                  <system value="http://loinc.org"/>
                  <code value="80992-1"/>
                </coding>
              </code>
              <subject>
                <reference value="Patient/Decedent-Example1"/>
              </subject>
              <effectiveDateTime value="2019-11-12"/>
            </Observation>
          </resource>
        </entry>
        <entry>
          <fullUrl value="http://www.example.org/fhir/Observation/MannerOfDeath-Example1"/>
          <resource>
            <Observation>
              <id value="MannerOfDeath-Example1"/>
              <meta>
                <profile value="http://hl7.org/fhir/us/vrdr/StructureDefinition/vrdr-manner-of-death"/>
              </meta>
              <status value="final"/>
              <code>
                <coding>
                  <system value="http://loinc.org"/>
                  <code value="69449-7"/>
                </coding>
              </code>
              <subject>
                <reference value="Patient/Decedent-Example1"/>
              </subject>
              <performer>
                <reference value="Practitioner/Certifier-Example1"/>
              </performer>
              <valueCodeableConcept>
                <coding>
                  <system value="http://snomed.info/sct"/>
                  <code value="38605008"/>
                  <display value="Natural death"/>
                </coding>
              </valueCodeableConcept>
            </Observation>
          </resource>
        </entry>
        <entry>
          <fullUrl value="http://www.example.org/fhir/Observation/InjuryIncident-Example1"/>
          <resource>
            <Observation>
              <id value="InjuryIncident-Example1"/>
              <meta>
                <profile value="http://hl7.org/fhir/us/vrdr/StructureDefinition/vrdr-injury-incident"/>
              </meta>
              <status value="final"/>
              <code>
                <coding>
                  <system value="http://loinc.org"/>
                  <code value="11374-6"/>
                </coding>
              </code>
              <subject>
                <reference value="Patient/Decedent-Example1"/>
              </subject>
              <effectiveDateTime value="2019-11-02T13:00:00-05:00"/>
              <valueCodeableConcept>
                <text value="drug toxicity"/>
              </valueCodeableConcept>
              <component>
                <code>
                  <coding>
                    <system value="http://loinc.org"/>
                    <code value="69444-8"/>
                  </coding>
                </code>
                <valueCodeableConcept>
                  <coding>
                    <system value="http://terminology.hl7.org/CodeSystem/v2-0136"/>
                    <code value="N"/>
                    <display value="No"/>
                  </coding>
                </valueCodeableConcept>
              </component>
              <component>
                <code>
                  <coding>
                    <system value="http://loinc.org"/>
                    <code value="69450-5"/>
                  </coding>
                </code>
                <valueCodeableConcept>
                  <text value="Home"/>
                </valueCodeableConcept>
              </component>
              <component>
                <code>
                  <coding>
                    <system value="http://loinc.org"/>
                    <code value="69451-3"/>
                  </coding>
                </code>
                <valueCodeableConcept>
                  <coding>
                    <system value="http://terminology.hl7.org/CodeSystem/v3-NullFlavor"/>
                    <code value="OTH"/>
                    <display value="Other"/>
                  </coding>
                  <text value="Hoverboard Rider"/>
                </valueCodeableConcept>
              </component>
            </Observation>
          </resource>
        </entry>
        <entry>
          <fullUrl value="http://www.example.org/fhir/Procedure/DeathCertification-Example2"/>
          <resource>
            <Procedure>
              <id value="DeathCertification-Example2"/>
              <meta>
                <profile value="http://hl7.org/fhir/us/vrdr/StructureDefinition/vrdr-death-certification"/>
              </meta>
              <identifier>
                <value value="180"/>
              </identifier>
              <status value="completed"/>
              <category>
                <coding>
                  <system value="http://snomed.info/sct"/>
                  <code value="103693007"/>
                  <display value="Diagnostic procedure"/>
                </coding>
              </category>
              <code>
                <coding>
                  <system value="http://snomed.info/sct"/>
                  <code value="308646001"/>
                  <display value="Death certification"/>
                </coding>
              </code>
              <subject>
                <reference value="Patient/Decedent-Example1"/>
              </subject>
              <performedDateTime value="2020-11-14T16:39:40-05:00"/>
              <performer>
                <function>
                  <coding>
                    <system value="http://snomed.info/sct"/>
                    <code value="434641000124105"/>
                    <display value="Death certification and verification by physician"/>
                  </coding>
                </function>
                <actor>
                  <reference value="Practitioner/Certifier-Example1"/>
                </actor>
              </performer>
            </Procedure>
          </resource>
        </entry>
        <entry>
          <fullUrl value="http://www.example.org/fhir/Observation/CauseOfDeathPart1-Example1"/>
          <resource>
            <Observation>
              <id value="CauseOfDeathPart1-Example1"/>
              <meta>
                <profile value="http://hl7.org/fhir/us/vrdr/StructureDefinition/vrdr-cause-of-death-part1"/>
              </meta>
              <status value="final"/>
              <code>
                <coding>
                  <system value="http://loinc.org"/>
                  <code value="69453-9"/>
                </coding>
              </code>
              <subject>
                <reference value="Patient/Decedent-Example1"/>
              </subject>
              <performer>
                <reference value="Practitioner/Certifier-Example1"/>
              </performer>
              <valueCodeableConcept>
                <text value="Cardiopulmonary arrest"/>
              </valueCodeableConcept>
              <component>
                <code>
                  <coding>
                    <system value="http://hl7.org/fhir/us/vrdr/CodeSystem/vrdr-component-cs"/>
                    <code value="lineNumber"/>
                  </coding>
                </code>
                <valueInteger value="1"/>
              </component>
              <component>
                <code>
                  <coding>
                    <system value="http://loinc.org"/>
                    <code value="69440-6"/>
                  </coding>
                </code>
                <valueString value="4 hours"/>
              </component>
            </Observation>
          </resource>
        </entry>
        <entry>
          <fullUrl value="http://www.example.org/fhir/Observation/CauseOfDeathPart1-Example2"/>
          <resource>
            <Observation>
              <id value="CauseOfDeathPart1-Example2"/>
              <meta>
                <profile value="http://hl7.org/fhir/us/vrdr/StructureDefinition/vrdr-cause-of-death-part1"/>
              </meta>
              <status value="final"/>
              <code>
                <coding>
                  <system value="http://loinc.org"/>
                  <code value="69453-9"/>
                </coding>
              </code>
              <subject>
                <reference value="Patient/Decedent-Example1"/>
              </subject>
              <performer>
                <reference value="Practitioner/Certifier-Example1"/>
              </performer>
              <valueCodeableConcept>
                <text value="Eclampsia"/>
              </valueCodeableConcept>
              <component>
                <code>
                  <coding>
                    <system value="http://hl7.org/fhir/us/vrdr/CodeSystem/vrdr-component-cs"/>
                    <code value="lineNumber"/>
                  </coding>
                </code>
                <valueInteger value="2"/>
              </component>
              <component>
                <code>
                  <coding>
                    <system value="http://loinc.org"/>
                    <code value="69440-6"/>
                  </coding>
                </code>
                <valueString value="3 months"/>
              </component>
            </Observation>
          </resource>
        </entry>
        <entry>
          <fullUrl value="http://www.example.org/fhir/Observation/CauseOfDeathPart2-Example1"/>
          <resource>
            <Observation>
              <id value="CauseOfDeathPart2-Example1"/>
              <meta>
                <profile value="http://hl7.org/fhir/us/vrdr/StructureDefinition/vrdr-cause-of-death-part2"/>
              </meta>
              <status value="final"/>
              <code>
                <coding>
                  <system value="http://loinc.org"/>
                  <code value="69441-4"/>
                </coding>
              </code>
              <subject>
                <reference value="Patient/Decedent-Example1"/>
              </subject>
              <performer>
                <reference value="Practitioner/Certifier-Example1"/>
              </performer>
              <valueCodeableConcept>
                <text value="hypertensive heart disease"/>
              </valueCodeableConcept>
            </Observation>
          </resource>
        </entry>
        <entry>
          <fullUrl value="http://www.example.org/fhir/Observation/AutopsyPerformedIndicator-Example1"/>
          <resource>
            <Observation>
              <id value="AutopsyPerformedIndicator-Example1"/>
              <meta>
                <profile value="http://hl7.org/fhir/us/vrdr/StructureDefinition/vrdr-autopsy-performed-indicator"/>
              </meta>
              <status value="final"/>
              <code>
                <coding>
                  <system value="http://loinc.org"/>
                  <code value="85699-7"/>
                </coding>
              </code>
              <subject>
                <reference value="Patient/Decedent-Example1"/>
              </subject>
              <valueCodeableConcept>
                <coding>
                  <system value="http://terminology.hl7.org/CodeSystem/v2-0136"/>
                  <code value="Y"/>
                  <display value="Yes"/>
                </coding>
              </valueCodeableConcept>
              <component>
                <code>
                  <coding>
                    <system value="http://loinc.org"/>
                    <code value="69436-4"/>
                  </coding>
                </code>
                <valueCodeableConcept>
                  <coding>
                    <system value="http://terminology.hl7.org/CodeSystem/v2-0136"/>
                    <code value="Y"/>
                    <display value="Yes"/>
                  </coding>
                </valueCodeableConcept>
              </component>
            </Observation>
          </resource>
        </entry>
      </Bundle>
    </resource>
  </entry>
</Bundle>