<?xml version="1.0" encoding="UTF-8"?>

<ImplementationGuide xmlns="http://hl7.org/fhir">
  <id value="vital-records-fhir-messaging"/>
  <text>
    <status value="extensions"/><div xmlns="http://www.w3.org/1999/xhtml"><h2>VitalRecordsFHIRMessagingIG</h2><p>The official URL for this implementation guide is: </p><pre>http://cdc.gov/nchs/nvss/fhir/vital-records-messaging/ImplementationGuide/vital-records-fhir-messaging</pre></div>
  </text>
  <url value="http://cdc.gov/nchs/nvss/fhir/vital-records-messaging/ImplementationGuide/vital-records-fhir-messaging"/>
  <version value="1.0.0"/>
  <name value="VitalRecordsFHIRMessagingIG"/>
  <title value="Vital Records FHIR Messaging (VRFM) IG"/>
  <status value="draft"/>
  <date value="2023-12-28T12:14:20-05:00"/>
  <publisher value="CDC NCHS"/>
  <contact>
    <name value="CDC NCHS"/>
    <telecom>
      <system value="url"/>
      <value value="http://cdc.gov/nchs"/>
    </telecom>
  </contact>
  <packageId value="vital-records-fhir-messaging"/>
  <license value="CC0-1.0"/>
  <fhirVersion value="4.0.1"/>
  <dependsOn id="hl7tx">
    <extension url="http://hl7.org/fhir/tools/StructureDefinition/implementationguide-dependency-comment">
      <valueMarkdown value="Automatically added as a dependency - all IGs depend on HL7 Terminology"/>
    </extension>
    <uri value="http://terminology.hl7.org/ImplementationGuide/hl7.terminology"/>
    <packageId value="hl7.terminology.r4"/>
    <version value="5.3.0"/>
  </dependsOn>
  <dependsOn id="hl7ext">
    <extension url="http://hl7.org/fhir/tools/StructureDefinition/implementationguide-dependency-comment">
      <valueMarkdown value="Automatically added as a dependency - all IGs depend on the HL7 Extension Pack"/>
    </extension>
    <uri value="http://hl7.org/fhir/extensions/ImplementationGuide/hl7.fhir.uv.extensions"/>
    <packageId value="hl7.fhir.uv.extensions.r4"/>
    <version value="1.0.0"/>
  </dependsOn>
  <dependsOn id="hl7_fhir_us_core">
    <uri value="http://hl7.org/fhir/us/core/ImplementationGuide/hl7.fhir.us.core"/>
    <packageId value="hl7.fhir.us.core"/>
    <version value="5.0.1"/>
  </dependsOn>
  <dependsOn id="hl7_fhir_us_vrdr">
    <uri value="http://hl7.org/fhir/us/vrdr/ImplementationGuide/hl7.fhir.us.vrdr"/>
    <packageId value="hl7.fhir.us.vrdr"/>
    <version value="current"/>
  </dependsOn>
  <definition>
    <extension url="http://hl7.org/fhir/tools/StructureDefinition/ig-parameter">
      <extension url="code">
        <valueString value="copyrightyear"/>
      </extension>
      <extension url="value">
        <valueString value="2022+"/>
      </extension>
    </extension>
    <extension url="http://hl7.org/fhir/tools/StructureDefinition/ig-parameter">
      <extension url="code">
        <valueString value="releaselabel"/>
      </extension>
      <extension url="value">
        <valueString value="ci-build"/>
      </extension>
    </extension>
    <extension url="http://hl7.org/fhir/tools/StructureDefinition/ig-parameter">
      <extension url="code">
        <valueString value="show-inherited-invariants"/>
      </extension>
      <extension url="value">
        <valueString value="false"/>
      </extension>
    </extension>
    <extension url="http://hl7.org/fhir/tools/StructureDefinition/ig-parameter">
      <extension url="code">
        <valueString value="version-comparison"/>
      </extension>
      <extension url="value">
        <valueString value="n/a"/>
      </extension>
    </extension>
    <extension url="http://hl7.org/fhir/tools/StructureDefinition/ig-parameter">
      <extension url="code">
        <valueString value="path-expansion-params"/>
      </extension>
      <extension url="value">
        <valueString value="../../exp-params.json"/>
      </extension>
    </extension>
    <extension url="http://hl7.org/fhir/tools/StructureDefinition/ig-parameter">
      <extension url="code">
        <valueString value="autoload-resources"/>
      </extension>
      <extension url="value">
        <valueString value="true"/>
      </extension>
    </extension>
    <extension url="http://hl7.org/fhir/tools/StructureDefinition/ig-parameter">
      <extension url="code">
        <valueString value="path-liquid"/>
      </extension>
      <extension url="value">
        <valueString value="template/liquid"/>
      </extension>
    </extension>
    <extension url="http://hl7.org/fhir/tools/StructureDefinition/ig-parameter">
      <extension url="code">
        <valueString value="path-liquid"/>
      </extension>
      <extension url="value">
        <valueString value="input/liquid"/>
      </extension>
    </extension>
    <extension url="http://hl7.org/fhir/tools/StructureDefinition/ig-parameter">
      <extension url="code">
        <valueString value="path-qa"/>
      </extension>
      <extension url="value">
        <valueString value="temp/qa"/>
      </extension>
    </extension>
    <extension url="http://hl7.org/fhir/tools/StructureDefinition/ig-parameter">
      <extension url="code">
        <valueString value="path-temp"/>
      </extension>
      <extension url="value">
        <valueString value="temp/pages"/>
      </extension>
    </extension>
    <extension url="http://hl7.org/fhir/tools/StructureDefinition/ig-parameter">
      <extension url="code">
        <valueString value="path-output"/>
      </extension>
      <extension url="value">
        <valueString value="output"/>
      </extension>
    </extension>
    <extension url="http://hl7.org/fhir/tools/StructureDefinition/ig-parameter">
      <extension url="code">
        <valueString value="path-suppressed-warnings"/>
      </extension>
      <extension url="value">
        <valueString value="input/ignoreWarnings.txt"/>
      </extension>
    </extension>
    <extension url="http://hl7.org/fhir/tools/StructureDefinition/ig-parameter">
      <extension url="code">
        <valueString value="path-history"/>
      </extension>
      <extension url="value">
        <valueString value="http://cdc.gov/nchs/nvss/fhir/vital-records-messaging/history.html"/>
      </extension>
    </extension>
    <extension url="http://hl7.org/fhir/tools/StructureDefinition/ig-parameter">
      <extension url="code">
        <valueString value="template-html"/>
      </extension>
      <extension url="value">
        <valueString value="template-page.html"/>
      </extension>
    </extension>
    <extension url="http://hl7.org/fhir/tools/StructureDefinition/ig-parameter">
      <extension url="code">
        <valueString value="template-md"/>
      </extension>
      <extension url="value">
        <valueString value="template-page-md.html"/>
      </extension>
    </extension>
    <extension url="http://hl7.org/fhir/tools/StructureDefinition/ig-parameter">
      <extension url="code">
        <valueString value="apply-contact"/>
      </extension>
      <extension url="value">
        <valueString value="true"/>
      </extension>
    </extension>
    <extension url="http://hl7.org/fhir/tools/StructureDefinition/ig-parameter">
      <extension url="code">
        <valueString value="apply-context"/>
      </extension>
      <extension url="value">
        <valueString value="true"/>
      </extension>
    </extension>
    <extension url="http://hl7.org/fhir/tools/StructureDefinition/ig-parameter">
      <extension url="code">
        <valueString value="apply-copyright"/>
      </extension>
      <extension url="value">
        <valueString value="true"/>
      </extension>
    </extension>
    <extension url="http://hl7.org/fhir/tools/StructureDefinition/ig-parameter">
      <extension url="code">
        <valueString value="apply-jurisdiction"/>
      </extension>
      <extension url="value">
        <valueString value="true"/>
      </extension>
    </extension>
    <extension url="http://hl7.org/fhir/tools/StructureDefinition/ig-parameter">
      <extension url="code">
        <valueString value="apply-license"/>
      </extension>
      <extension url="value">
        <valueString value="true"/>
      </extension>
    </extension>
    <extension url="http://hl7.org/fhir/tools/StructureDefinition/ig-parameter">
      <extension url="code">
        <valueString value="apply-publisher"/>
      </extension>
      <extension url="value">
        <valueString value="true"/>
      </extension>
    </extension>
    <extension url="http://hl7.org/fhir/tools/StructureDefinition/ig-parameter">
      <extension url="code">
        <valueString value="apply-version"/>
      </extension>
      <extension url="value">
        <valueString value="true"/>
      </extension>
    </extension>
    <extension url="http://hl7.org/fhir/tools/StructureDefinition/ig-parameter">
      <extension url="code">
        <valueString value="apply-wg"/>
      </extension>
      <extension url="value">
        <valueString value="true"/>
      </extension>
    </extension>
    <extension url="http://hl7.org/fhir/tools/StructureDefinition/ig-parameter">
      <extension url="code">
        <valueString value="active-tables"/>
      </extension>
      <extension url="value">
        <valueString value="true"/>
      </extension>
    </extension>
    <extension url="http://hl7.org/fhir/tools/StructureDefinition/ig-parameter">
      <extension url="code">
        <valueString value="fmm-definition"/>
      </extension>
      <extension url="value">
        <valueString value="http://hl7.org/fhir/versions.html#maturity"/>
      </extension>
    </extension>
    <extension url="http://hl7.org/fhir/tools/StructureDefinition/ig-parameter">
      <extension url="code">
        <valueString value="propagate-status"/>
      </extension>
      <extension url="value">
        <valueString value="true"/>
      </extension>
    </extension>
    <extension url="http://hl7.org/fhir/tools/StructureDefinition/ig-parameter">
      <extension url="code">
        <valueString value="excludelogbinaryformat"/>
      </extension>
      <extension url="value">
        <valueString value="true"/>
      </extension>
    </extension>
    <extension url="http://hl7.org/fhir/tools/StructureDefinition/ig-parameter">
      <extension url="code">
        <valueString value="tabbed-snapshots"/>
      </extension>
      <extension url="value">
        <valueString value="true"/>
      </extension>
    </extension>
    <extension url="http://hl7.org/fhir/tools/StructureDefinition/ig-internal-dependency">
      <valueCode value="hl7.fhir.uv.tools#current"/>
    </extension>
    <extension url="http://hl7.org/fhir/tools/StructureDefinition/ig-parameter">
      <extension url="code">
        <valueCode value="copyrightyear"/>
      </extension>
      <extension url="value">
        <valueString value="2022+"/>
      </extension>
    </extension>
    <extension url="http://hl7.org/fhir/tools/StructureDefinition/ig-parameter">
      <extension url="code">
        <valueCode value="releaselabel"/>
      </extension>
      <extension url="value">
        <valueString value="ci-build"/>
      </extension>
    </extension>
    <extension url="http://hl7.org/fhir/tools/StructureDefinition/ig-parameter">
      <extension url="code">
        <valueCode value="show-inherited-invariants"/>
      </extension>
      <extension url="value">
        <valueString value="false"/>
      </extension>
    </extension>
    <extension url="http://hl7.org/fhir/tools/StructureDefinition/ig-parameter">
      <extension url="code">
        <valueCode value="version-comparison"/>
      </extension>
      <extension url="value">
        <valueString value="n/a"/>
      </extension>
    </extension>
    <extension url="http://hl7.org/fhir/tools/StructureDefinition/ig-parameter">
      <extension url="code">
        <valueCode value="path-expansion-params"/>
      </extension>
      <extension url="value">
        <valueString value="../../exp-params.json"/>
      </extension>
    </extension>
    <extension url="http://hl7.org/fhir/tools/StructureDefinition/ig-parameter">
      <extension url="code">
        <valueCode value="autoload-resources"/>
      </extension>
      <extension url="value">
        <valueString value="true"/>
      </extension>
    </extension>
    <extension url="http://hl7.org/fhir/tools/StructureDefinition/ig-parameter">
      <extension url="code">
        <valueCode value="path-liquid"/>
      </extension>
      <extension url="value">
        <valueString value="template/liquid"/>
      </extension>
    </extension>
    <extension url="http://hl7.org/fhir/tools/StructureDefinition/ig-parameter">
      <extension url="code">
        <valueCode value="path-liquid"/>
      </extension>
      <extension url="value">
        <valueString value="input/liquid"/>
      </extension>
    </extension>
    <extension url="http://hl7.org/fhir/tools/StructureDefinition/ig-parameter">
      <extension url="code">
        <valueCode value="path-qa"/>
      </extension>
      <extension url="value">
        <valueString value="temp/qa"/>
      </extension>
    </extension>
    <extension url="http://hl7.org/fhir/tools/StructureDefinition/ig-parameter">
      <extension url="code">
        <valueCode value="path-temp"/>
      </extension>
      <extension url="value">
        <valueString value="temp/pages"/>
      </extension>
    </extension>
    <extension url="http://hl7.org/fhir/tools/StructureDefinition/ig-parameter">
      <extension url="code">
        <valueCode value="path-output"/>
      </extension>
      <extension url="value">
        <valueString value="output"/>
      </extension>
    </extension>
    <extension url="http://hl7.org/fhir/tools/StructureDefinition/ig-parameter">
      <extension url="code">
        <valueCode value="path-suppressed-warnings"/>
      </extension>
      <extension url="value">
        <valueString value="input/ignoreWarnings.txt"/>
      </extension>
    </extension>
    <extension url="http://hl7.org/fhir/tools/StructureDefinition/ig-parameter">
      <extension url="code">
        <valueCode value="path-history"/>
      </extension>
      <extension url="value">
        <valueString value="http://cdc.gov/nchs/nvss/fhir/vital-records-messaging/history.html"/>
      </extension>
    </extension>
    <extension url="http://hl7.org/fhir/tools/StructureDefinition/ig-parameter">
      <extension url="code">
        <valueCode value="template-html"/>
      </extension>
      <extension url="value">
        <valueString value="template-page.html"/>
      </extension>
    </extension>
    <extension url="http://hl7.org/fhir/tools/StructureDefinition/ig-parameter">
      <extension url="code">
        <valueCode value="template-md"/>
      </extension>
      <extension url="value">
        <valueString value="template-page-md.html"/>
      </extension>
    </extension>
    <extension url="http://hl7.org/fhir/tools/StructureDefinition/ig-parameter">
      <extension url="code">
        <valueCode value="apply-contact"/>
      </extension>
      <extension url="value">
        <valueString value="true"/>
      </extension>
    </extension>
    <extension url="http://hl7.org/fhir/tools/StructureDefinition/ig-parameter">
      <extension url="code">
        <valueCode value="apply-context"/>
      </extension>
      <extension url="value">
        <valueString value="true"/>
      </extension>
    </extension>
    <extension url="http://hl7.org/fhir/tools/StructureDefinition/ig-parameter">
      <extension url="code">
        <valueCode value="apply-copyright"/>
      </extension>
      <extension url="value">
        <valueString value="true"/>
      </extension>
    </extension>
    <extension url="http://hl7.org/fhir/tools/StructureDefinition/ig-parameter">
      <extension url="code">
        <valueCode value="apply-jurisdiction"/>
      </extension>
      <extension url="value">
        <valueString value="true"/>
      </extension>
    </extension>
    <extension url="http://hl7.org/fhir/tools/StructureDefinition/ig-parameter">
      <extension url="code">
        <valueCode value="apply-license"/>
      </extension>
      <extension url="value">
        <valueString value="true"/>
      </extension>
    </extension>
    <extension url="http://hl7.org/fhir/tools/StructureDefinition/ig-parameter">
      <extension url="code">
        <valueCode value="apply-publisher"/>
      </extension>
      <extension url="value">
        <valueString value="true"/>
      </extension>
    </extension>
    <extension url="http://hl7.org/fhir/tools/StructureDefinition/ig-parameter">
      <extension url="code">
        <valueCode value="apply-version"/>
      </extension>
      <extension url="value">
        <valueString value="true"/>
      </extension>
    </extension>
    <extension url="http://hl7.org/fhir/tools/StructureDefinition/ig-parameter">
      <extension url="code">
        <valueCode value="apply-wg"/>
      </extension>
      <extension url="value">
        <valueString value="true"/>
      </extension>
    </extension>
    <extension url="http://hl7.org/fhir/tools/StructureDefinition/ig-parameter">
      <extension url="code">
        <valueCode value="active-tables"/>
      </extension>
      <extension url="value">
        <valueString value="true"/>
      </extension>
    </extension>
    <extension url="http://hl7.org/fhir/tools/StructureDefinition/ig-parameter">
      <extension url="code">
        <valueCode value="fmm-definition"/>
      </extension>
      <extension url="value">
        <valueString value="http://hl7.org/fhir/versions.html#maturity"/>
      </extension>
    </extension>
    <extension url="http://hl7.org/fhir/tools/StructureDefinition/ig-parameter">
      <extension url="code">
        <valueCode value="propagate-status"/>
      </extension>
      <extension url="value">
        <valueString value="true"/>
      </extension>
    </extension>
    <extension url="http://hl7.org/fhir/tools/StructureDefinition/ig-parameter">
      <extension url="code">
        <valueCode value="excludelogbinaryformat"/>
      </extension>
      <extension url="value">
        <valueString value="true"/>
      </extension>
    </extension>
    <extension url="http://hl7.org/fhir/tools/StructureDefinition/ig-parameter">
      <extension url="code">
        <valueCode value="tabbed-snapshots"/>
      </extension>
      <extension url="value">
        <valueString value="true"/>
      </extension>
    </extension>
    <grouping id="Messages">
      <name value="Message Profiles"/>
      <description value="Message Profiles"/>
    </grouping>
    <grouping id="Headers">
      <name value="Message Header Profiles"/>
      <description value="Message Header Profiles"/>
    </grouping>
    <grouping id="Parameters">
      <name value="Message Parameter Profiles"/>
      <description value="Message Parameter Profiles"/>
    </grouping>
    <grouping id="Outcomes">
      <name value="Outcome Profiles"/>
    </grouping>
    <grouping id="CodeSystems">
      <name value="Codesystems"/>
      <description value="Codesystems"/>
    </grouping>
    <resource>
      <extension url="http://hl7.org/fhir/tools/StructureDefinition/resource-information">
        <valueString value="StructureDefinition:resource"/>
      </extension>
      <reference>
        <reference value="StructureDefinition/VRM-AcknowledgementHeader"/>
      </reference>
      <name value="Acknowledgement Header"/>
      <description value="Acknowledgement  Header"/>
      <exampleBoolean value="false"/>
      <groupingId value="Headers"/>
    </resource>
    <resource>
      <extension url="http://hl7.org/fhir/tools/StructureDefinition/resource-information">
        <valueString value="StructureDefinition:resource"/>
      </extension>
      <reference>
        <reference value="StructureDefinition/VRM-AcknowledgementMessage"/>
      </reference>
      <name value="Acknowledgement Message"/>
      <description value="Acknowledgement Message"/>
      <exampleBoolean value="false"/>
      <groupingId value="Messages"/>
    </resource>
    <resource>
      <extension url="http://hl7.org/fhir/tools/StructureDefinition/resource-information">
        <valueString value="MessageHeader"/>
      </extension>
      <reference>
        <reference value="MessageHeader/AcknowledgementHeader-Example1"/>
      </reference>
      <name value="AcknowledgementHeader-Example1"/>
      <description value="Acknowledgement Header: Example"/>
      <exampleCanonical value="http://cdc.gov/nchs/nvss/fhir/vital-records-messaging/StructureDefinition/VRM-AcknowledgementHeader"/>
    </resource>
    <resource>
      <extension url="http://hl7.org/fhir/tools/StructureDefinition/resource-information">
        <valueString value="Bundle"/>
      </extension>
      <reference>
        <reference value="Bundle/AcknowledgementMessage-Example1"/>
      </reference>
      <name value="AcknowledgementMessage-Example1"/>
      <description value="Acknowledgement message - Example"/>
      <exampleCanonical value="http://cdc.gov/nchs/nvss/fhir/vital-records-messaging/StructureDefinition/VRM-AcknowledgementMessage"/>
    </resource>
    <resource>
      <extension url="http://hl7.org/fhir/tools/StructureDefinition/resource-information">
        <valueString value="Observation"/>
      </extension>
      <reference>
        <reference value="Observation/ActivityAtTimeOfDeath-Example1"/>
      </reference>
      <name value="ActivityAtTimeOfDeath-Example1"/>
      <description value="ActivityAtTimeOfDeath-Example1"/>
      <exampleBoolean value="true"/>
    </resource>
    <resource>
      <extension url="http://hl7.org/fhir/tools/StructureDefinition/resource-information">
        <valueString value="StructureDefinition:resource"/>
      </extension>
      <reference>
        <reference value="StructureDefinition/VRM-AliasHeader"/>
      </reference>
      <name value="Alias Header"/>
      <description value="Alias Header"/>
      <exampleBoolean value="false"/>
      <groupingId value="Headers"/>
    </resource>
    <resource>
      <extension url="http://hl7.org/fhir/tools/StructureDefinition/resource-information">
        <valueString value="StructureDefinition:resource"/>
      </extension>
      <reference>
        <reference value="StructureDefinition/VRM-AliasParameters"/>
      </reference>
      <name value="Alias Message Parameters"/>
      <description value="Parameters for an Alias Message"/>
      <exampleBoolean value="false"/>
      <groupingId value="Parameters"/>
    </resource>
    <resource>
      <extension url="http://hl7.org/fhir/tools/StructureDefinition/resource-information">
        <valueString value="MessageHeader"/>
      </extension>
      <reference>
        <reference value="MessageHeader/AliasHeader-Example1"/>
      </reference>
      <name value="AliasHeader-Example1"/>
      <description value="Alias Message Header- Example"/>
      <exampleCanonical value="http://cdc.gov/nchs/nvss/fhir/vital-records-messaging/StructureDefinition/VRM-AliasHeader"/>
    </resource>
    <resource>
      <extension url="http://hl7.org/fhir/tools/StructureDefinition/resource-information">
        <valueString value="Parameters"/>
      </extension>
      <reference>
        <reference value="Parameters/AliasParameters-Example1"/>
      </reference>
      <name value="AliasParameters-Example1"/>
      <description value="Alias Message Parameters- Example"/>
      <exampleCanonical value="http://cdc.gov/nchs/nvss/fhir/vital-records-messaging/StructureDefinition/VRM-AliasParameters"/>
    </resource>
    <resource>
      <extension url="http://hl7.org/fhir/tools/StructureDefinition/resource-information">
        <valueString value="Observation"/>
      </extension>
      <reference>
        <reference value="Observation/AutomatedUnderlyingCauseOfDeath-Example1"/>
      </reference>
      <name value="AutomatedUnderlyingCauseOfDeath-Example1"/>
      <description value="AutomatedUnderlyingCauseOfDeath-Example1"/>
      <exampleBoolean value="true"/>
    </resource>
    <resource>
      <extension url="http://hl7.org/fhir/tools/StructureDefinition/resource-information">
        <valueString value="Observation"/>
      </extension>
      <reference>
        <reference value="Observation/AutopsyPerformedIndicator-Example1"/>
      </reference>
      <name value="AutopsyPerformedIndicator-Example1"/>
      <description value="AutopsyPerformedIndicator-Example1"/>
      <exampleBoolean value="true"/>
    </resource>
    <resource>
      <extension url="http://hl7.org/fhir/tools/StructureDefinition/resource-information">
        <valueString value="Observation"/>
      </extension>
      <reference>
        <reference value="Observation/BirthRecordIdentifier-Example1"/>
      </reference>
      <name value="BirthRecordIdentifier-Example1"/>
      <description value="BirthRecordIdentifier-Example1"/>
      <exampleBoolean value="true"/>
    </resource>
    <resource>
      <extension url="http://hl7.org/fhir/tools/StructureDefinition/resource-information">
        <valueString value="StructureDefinition:resource"/>
      </extension>
      <reference>
        <reference value="StructureDefinition/VRM-CauseOfDeathCodingHeader"/>
      </reference>
      <name value="Cause of Death Coding Header"/>
      <description value="Cause of Death Coding Header"/>
      <exampleBoolean value="false"/>
      <groupingId value="Headers"/>
    </resource>
    <resource>
      <extension url="http://hl7.org/fhir/tools/StructureDefinition/resource-information">
        <valueString value="StructureDefinition:resource"/>
      </extension>
      <reference>
        <reference value="StructureDefinition/VRM-CauseOfDeathCodingMessage"/>
      </reference>
      <name value="Cause of Death Coding Message"/>
      <description value="Message for cause of death coding response to death records"/>
      <exampleBoolean value="false"/>
      <groupingId value="Messages"/>
    </resource>
    <resource>
      <extension url="http://hl7.org/fhir/tools/StructureDefinition/resource-information">
        <valueString value="StructureDefinition:resource"/>
      </extension>
      <reference>
        <reference value="StructureDefinition/VRM-CauseOfDeathCodingUpdateHeader"/>
      </reference>
      <name value="Cause Of Death Coding Update  Header"/>
      <description value="Cause Of Death Death Coding Update Header"/>
      <exampleBoolean value="false"/>
      <groupingId value="Headers"/>
    </resource>
    <resource>
      <extension url="http://hl7.org/fhir/tools/StructureDefinition/resource-information">
        <valueString value="StructureDefinition:resource"/>
      </extension>
      <reference>
        <reference value="StructureDefinition/VRM-CauseOfDeathCodingUpdateMessage"/>
      </reference>
      <name value="Cause Of Death Coding Update Message"/>
      <description value="Message for updating Cause Of Death coding response to death records"/>
      <exampleBoolean value="false"/>
      <groupingId value="Messages"/>
    </resource>
    <resource>
      <extension url="http://hl7.org/fhir/tools/StructureDefinition/resource-information">
        <valueString value="Bundle"/>
      </extension>
      <reference>
        <reference value="Bundle/CauseOfDeathCodedContentBundle-Example1"/>
      </reference>
      <name value="CauseOfDeathCodedContentBundle-Example1"/>
      <description value="CauseofDeathCodedContentBundle-Example1"/>
      <exampleBoolean value="true"/>
    </resource>
    <resource>
      <extension url="http://hl7.org/fhir/tools/StructureDefinition/resource-information">
        <valueString value="MessageHeader"/>
      </extension>
      <reference>
        <reference value="MessageHeader/CauseOfDeathCodingHeader-Example1"/>
      </reference>
      <name value="CauseOfDeathCodingHeader-Example1"/>
      <description value="Header for Cause of Death Coding Message - Example1- coded content only"/>
      <exampleCanonical value="http://cdc.gov/nchs/nvss/fhir/vital-records-messaging/StructureDefinition/VRM-CauseOfDeathCodingHeader"/>
    </resource>
    <resource>
      <extension url="http://hl7.org/fhir/tools/StructureDefinition/resource-information">
        <valueString value="Bundle"/>
      </extension>
      <reference>
        <reference value="Bundle/CauseOfDeathCodingMessage-Example1"/>
      </reference>
      <name value="CauseOfDeathCodingMessage-Example1"/>
      <description value="Cause of death coding message - Example1 -- coded content only"/>
      <exampleCanonical value="http://cdc.gov/nchs/nvss/fhir/vital-records-messaging/StructureDefinition/VRM-CauseOfDeathCodingMessage"/>
    </resource>
    <resource>
      <extension url="http://hl7.org/fhir/tools/StructureDefinition/resource-information">
        <valueString value="MessageHeader"/>
      </extension>
      <reference>
        <reference value="MessageHeader/CauseOfDeathCodingUpdateHeader-Example1"/>
      </reference>
      <name value="CauseOfDeathCodingUpdateHeader-Example1"/>
      <description value="Header for Cause Of Death Coding Update Message - Example"/>
      <exampleCanonical value="http://cdc.gov/nchs/nvss/fhir/vital-records-messaging/StructureDefinition/VRM-CauseOfDeathCodingUpdateHeader"/>
    </resource>
    <resource>
      <extension url="http://hl7.org/fhir/tools/StructureDefinition/resource-information">
        <valueString value="Bundle"/>
      </extension>
      <reference>
        <reference value="Bundle/CauseOfDeathCodingUpdateMessage1"/>
      </reference>
      <name value="CauseOfDeathCodingUpdateMessage1"/>
      <description value="Cause of Death Coding update message - Example"/>
      <exampleCanonical value="http://cdc.gov/nchs/nvss/fhir/vital-records-messaging/StructureDefinition/VRM-CauseOfDeathCodingUpdateMessage"/>
    </resource>
    <resource>
      <extension url="http://hl7.org/fhir/tools/StructureDefinition/resource-information">
        <valueString value="Observation"/>
      </extension>
      <reference>
        <reference value="Observation/CauseOfDeathPart1-Example1"/>
      </reference>
      <name value="CauseOfDeathPart1-Example1"/>
      <description value="CauseOfDeathPart1-Example1"/>
      <exampleBoolean value="true"/>
    </resource>
    <resource>
      <extension url="http://hl7.org/fhir/tools/StructureDefinition/resource-information">
        <valueString value="Observation"/>
      </extension>
      <reference>
        <reference value="Observation/CauseOfDeathPart1-Example2"/>
      </reference>
      <name value="CauseOfDeathPart1-Example2"/>
      <description value="CauseOfDeathPart1-Example2"/>
      <exampleBoolean value="true"/>
    </resource>
    <resource>
      <extension url="http://hl7.org/fhir/tools/StructureDefinition/resource-information">
        <valueString value="Observation"/>
      </extension>
      <reference>
        <reference value="Observation/CauseOfDeathPart2-Example1"/>
      </reference>
      <name value="CauseOfDeathPart2-Example1"/>
      <description value="CauseOfDeathPart2-Example1"/>
      <exampleBoolean value="true"/>
    </resource>
    <resource>
      <extension url="http://hl7.org/fhir/tools/StructureDefinition/resource-information">
        <valueString value="Practitioner"/>
      </extension>
      <reference>
        <reference value="Practitioner/Certifier-Example1"/>
      </reference>
      <name value="Certifier-Example1"/>
      <description value="Certifier-Example1"/>
      <exampleBoolean value="true"/>
    </resource>
    <resource>
      <extension url="http://hl7.org/fhir/tools/StructureDefinition/resource-information">
        <valueString value="Observation"/>
      </extension>
      <reference>
        <reference value="Observation/CodedRaceAndEthnicity-Example1"/>
      </reference>
      <name value="CodedRaceAndEthnicity-Example1"/>
      <description value="CodedRaceAndEthnicity-Example1"/>
      <exampleBoolean value="true"/>
    </resource>
    <resource>
      <extension url="http://hl7.org/fhir/tools/StructureDefinition/resource-information">
        <valueString value="Parameters"/>
      </extension>
      <reference>
        <reference value="Parameters/CodingStatusValues-Example1"/>
      </reference>
      <name value="CodingStatusValues-Example1"/>
      <description value="CodingStatusValues-Example1"/>
      <exampleBoolean value="true"/>
    </resource>
    <resource>
      <extension url="http://hl7.org/fhir/tools/StructureDefinition/resource-information">
        <valueString value="Composition"/>
      </extension>
      <reference>
        <reference value="Composition/DeathCertificate-Example1"/>
      </reference>
      <name value="Death Certificate"/>
      <description value="DeathCertificate-Example1"/>
      <exampleBoolean value="true"/>
    </resource>
    <resource>
      <extension url="http://hl7.org/fhir/tools/StructureDefinition/resource-information">
        <valueString value="Composition"/>
      </extension>
      <reference>
        <reference value="Composition/DeathCertificate-Example2"/>
      </reference>
      <name value="Death Certificate"/>
      <description value="DeathCertificate-Example2 (with coded content)"/>
      <exampleBoolean value="true"/>
    </resource>
    <resource>
      <extension url="http://hl7.org/fhir/tools/StructureDefinition/resource-information">
        <valueString value="StructureDefinition:resource"/>
      </extension>
      <reference>
        <reference value="StructureDefinition/VRM-SubmissionHeader"/>
      </reference>
      <name value="Death Message Header"/>
      <description value="Death Message Submission Header"/>
      <exampleBoolean value="false"/>
      <groupingId value="Headers"/>
    </resource>
    <resource>
      <extension url="http://hl7.org/fhir/tools/StructureDefinition/resource-information">
        <valueString value="StructureDefinition:resource"/>
      </extension>
      <reference>
        <reference value="StructureDefinition/VRM-MessageParameters"/>
      </reference>
      <name value="Death Message Parameters"/>
      <description value="Base parameter set for most Messages.  Parameters with all-caps names are defined as per the 2022 IJE specification."/>
      <exampleBoolean value="false"/>
      <groupingId value="Parameters"/>
    </resource>
    <resource>
      <extension url="http://hl7.org/fhir/tools/StructureDefinition/resource-information">
        <valueString value="StructureDefinition:resource"/>
      </extension>
      <reference>
        <reference value="StructureDefinition/VRM-UpdateHeader"/>
      </reference>
      <name value="Death Message Update Header"/>
      <description value="Death Message Update Header"/>
      <exampleBoolean value="false"/>
      <groupingId value="Headers"/>
    </resource>
    <resource>
      <extension url="http://hl7.org/fhir/tools/StructureDefinition/resource-information">
        <valueString value="StructureDefinition:resource"/>
      </extension>
      <reference>
        <reference value="StructureDefinition/VRM-DeathRecordAliasMessage"/>
      </reference>
      <name value="Death Record Alias Message"/>
      <description value="Message for aliasing death records"/>
      <exampleBoolean value="false"/>
      <groupingId value="Messages"/>
    </resource>
    <resource>
      <extension url="http://hl7.org/fhir/tools/StructureDefinition/resource-information">
        <valueString value="StructureDefinition:resource"/>
      </extension>
      <reference>
        <reference value="StructureDefinition/VRM-DeathRecordSubmissionMessage"/>
      </reference>
      <name value="Death Record Submission Message"/>
      <description value="Message for submitting death records"/>
      <exampleBoolean value="false"/>
      <groupingId value="Messages"/>
    </resource>
    <resource>
      <extension url="http://hl7.org/fhir/tools/StructureDefinition/resource-information">
        <valueString value="StructureDefinition:resource"/>
      </extension>
      <reference>
        <reference value="StructureDefinition/VRM-DeathRecordUpdateMessage"/>
      </reference>
      <name value="Death Record Update Message"/>
      <description value="Message for updating death records"/>
      <exampleBoolean value="false"/>
      <groupingId value="Messages"/>
    </resource>
    <resource>
      <extension url="http://hl7.org/fhir/tools/StructureDefinition/resource-information">
        <valueString value="StructureDefinition:resource"/>
      </extension>
      <reference>
        <reference value="StructureDefinition/VRM-DeathRecordVoidMessage"/>
      </reference>
      <name value="Death Record Void Message"/>
      <description value="Message for voiding death records"/>
      <exampleBoolean value="false"/>
      <groupingId value="Messages"/>
    </resource>
    <resource>
      <extension url="http://hl7.org/fhir/tools/StructureDefinition/resource-information">
        <valueString value="Bundle"/>
      </extension>
      <reference>
        <reference value="Bundle/DeathCertificateDocument-Example1"/>
      </reference>
      <name value="DeathCertificateDocument-Example1"/>
      <description value="DeathCertificateDocument-Example1"/>
      <exampleBoolean value="true"/>
    </resource>
    <resource>
      <extension url="http://hl7.org/fhir/tools/StructureDefinition/resource-information">
        <valueString value="Bundle"/>
      </extension>
      <reference>
        <reference value="Bundle/DeathCertificateDocument-Example2"/>
      </reference>
      <name value="DeathCertificateDocument-Example2"/>
      <description value="DeathCertificateDocument-Example2 (with coded content)"/>
      <exampleBoolean value="true"/>
    </resource>
    <resource>
      <extension url="http://hl7.org/fhir/tools/StructureDefinition/resource-information">
        <valueString value="Procedure"/>
      </extension>
      <reference>
        <reference value="Procedure/DeathCertification-Example1"/>
      </reference>
      <name value="DeathCertification-Example1"/>
      <description value="DeathCertification-Example1"/>
      <exampleBoolean value="true"/>
    </resource>
    <resource>
      <extension url="http://hl7.org/fhir/tools/StructureDefinition/resource-information">
        <valueString value="Procedure"/>
      </extension>
      <reference>
        <reference value="Procedure/DeathCertification-Example2"/>
      </reference>
      <name value="DeathCertification-Example2"/>
      <description value="DeathCertification-Example1"/>
      <exampleBoolean value="true"/>
    </resource>
    <resource>
      <extension url="http://hl7.org/fhir/tools/StructureDefinition/resource-information">
        <valueString value="Observation"/>
      </extension>
      <reference>
        <reference value="Observation/DeathDate-Example1"/>
      </reference>
      <name value="DeathDate-Example1"/>
      <description value="DeathDate-Example1"/>
      <exampleBoolean value="true"/>
    </resource>
    <resource>
      <extension url="http://hl7.org/fhir/tools/StructureDefinition/resource-information">
        <valueString value="Observation"/>
      </extension>
      <reference>
        <reference value="Observation/DeathDate-Example2"/>
      </reference>
      <name value="DeathDate-Example2"/>
      <description value="DeathDate-Example1"/>
      <exampleBoolean value="true"/>
    </resource>
    <resource>
      <extension url="http://hl7.org/fhir/tools/StructureDefinition/resource-information">
        <valueString value="Observation"/>
      </extension>
      <reference>
        <reference value="Observation/DeathDate-Example3"/>
      </reference>
      <name value="DeathDate-Example3"/>
      <description value="DeathDate-Example3 - Stripped down for Mortality Roster"/>
      <exampleBoolean value="true"/>
    </resource>
    <resource>
      <extension url="http://hl7.org/fhir/tools/StructureDefinition/resource-information">
        <valueString value="Location"/>
      </extension>
      <reference>
        <reference value="Location/DeathLocation-Example1"/>
      </reference>
      <name value="DeathLocation-Example1"/>
      <description value="DeathLocation-Example1 - State = Jurisdiction"/>
      <exampleBoolean value="true"/>
    </resource>
    <resource>
      <extension url="http://hl7.org/fhir/tools/StructureDefinition/resource-information">
        <valueString value="Location"/>
      </extension>
      <reference>
        <reference value="Location/DeathLocation-Example2"/>
      </reference>
      <name value="DeathLocation-Example2"/>
      <description value="DeathLocation-Example2 - State != Jurisdiction"/>
      <exampleBoolean value="true"/>
    </resource>
    <resource>
      <extension url="http://hl7.org/fhir/tools/StructureDefinition/resource-information">
        <valueString value="Location"/>
      </extension>
      <reference>
        <reference value="Location/DeathLocation-Example3"/>
      </reference>
      <name value="DeathLocation-Example3"/>
      <description value="DeathLocation-Example3 - Stripped Down for Mortality Roster"/>
      <exampleBoolean value="true"/>
    </resource>
    <resource>
      <extension url="http://hl7.org/fhir/tools/StructureDefinition/resource-information">
        <valueString value="Bundle"/>
      </extension>
      <reference>
        <reference value="Bundle/DeathRecordAliasMessage-Example1"/>
      </reference>
      <name value="DeathRecordAliasMessage-Example1"/>
      <description value="Alias Message - Example"/>
      <exampleCanonical value="http://cdc.gov/nchs/nvss/fhir/vital-records-messaging/StructureDefinition/VRM-DeathRecordAliasMessage"/>
    </resource>
    <resource>
      <extension url="http://hl7.org/fhir/tools/StructureDefinition/resource-information">
        <valueString value="Bundle"/>
      </extension>
      <reference>
        <reference value="Bundle/DeathRecordSubmissionMessage-Example1"/>
      </reference>
      <name value="DeathRecordSubmissionMessage-Example1"/>
      <description value="Submission mesage - Example"/>
      <exampleCanonical value="http://cdc.gov/nchs/nvss/fhir/vital-records-messaging/StructureDefinition/VRM-DeathRecordSubmissionMessage"/>
    </resource>
    <resource>
      <extension url="http://hl7.org/fhir/tools/StructureDefinition/resource-information">
        <valueString value="Bundle"/>
      </extension>
      <reference>
        <reference value="Bundle/DeathRecordVoidMessage-Example1"/>
      </reference>
      <name value="DeathRecordVoidMessage-Example1"/>
      <description value="Void message - example"/>
      <exampleCanonical value="http://cdc.gov/nchs/nvss/fhir/vital-records-messaging/StructureDefinition/VRM-DeathRecordVoidMessage"/>
    </resource>
    <resource>
      <extension url="http://hl7.org/fhir/tools/StructureDefinition/resource-information">
        <valueString value="Patient"/>
      </extension>
      <reference>
        <reference value="Patient/Decedent-Example1"/>
      </reference>
      <name value="Decedent-Example1"/>
      <description value="Decedent-Example1"/>
      <exampleBoolean value="true"/>
    </resource>
    <resource>
      <extension url="http://hl7.org/fhir/tools/StructureDefinition/resource-information">
        <valueString value="Patient"/>
      </extension>
      <reference>
        <reference value="Patient/Decedent-Example2"/>
      </reference>
      <name value="Decedent-Example2"/>
      <description value="Decedent-Example2 - with birth jurisdiction"/>
      <exampleBoolean value="true"/>
    </resource>
    <resource>
      <extension url="http://hl7.org/fhir/tools/StructureDefinition/resource-information">
        <valueString value="Patient"/>
      </extension>
      <reference>
        <reference value="Patient/Decedent-Example3"/>
      </reference>
      <name value="Decedent-Example3"/>
      <description value="Decedent-Example3 - Stripped down for Mortality Roster"/>
      <exampleBoolean value="true"/>
    </resource>
    <resource>
      <extension url="http://hl7.org/fhir/tools/StructureDefinition/resource-information">
        <valueString value="Observation"/>
      </extension>
      <reference>
        <reference value="Observation/DecedentAge-Example1"/>
      </reference>
      <name value="DecedentAge-Example1"/>
      <description value="DecedentAge-Example1"/>
      <exampleBoolean value="true"/>
    </resource>
    <resource>
      <extension url="http://hl7.org/fhir/tools/StructureDefinition/resource-information">
        <valueString value="Observation"/>
      </extension>
      <reference>
        <reference value="Observation/DecedentDispositionMethod-Example1"/>
      </reference>
      <name value="DecedentDispositionMethod-Example1"/>
      <description value="DecedentDispositionMethod-Example1"/>
      <exampleBoolean value="true"/>
    </resource>
    <resource>
      <extension url="http://hl7.org/fhir/tools/StructureDefinition/resource-information">
        <valueString value="Observation"/>
      </extension>
      <reference>
        <reference value="Observation/DecedentEducationLevel-Example1"/>
      </reference>
      <name value="DecedentEducationLevel-Example1"/>
      <description value="DeathDate-Example1"/>
      <exampleBoolean value="true"/>
    </resource>
    <resource>
      <extension url="http://hl7.org/fhir/tools/StructureDefinition/resource-information">
        <valueString value="RelatedPerson"/>
      </extension>
      <reference>
        <reference value="RelatedPerson/DecedentFather-Example1"/>
      </reference>
      <name value="DecedentFather-Example1"/>
      <description value="DecedentFather-Example1"/>
      <exampleBoolean value="true"/>
    </resource>
    <resource>
      <extension url="http://hl7.org/fhir/tools/StructureDefinition/resource-information">
        <valueString value="Observation"/>
      </extension>
      <reference>
        <reference value="Observation/DecedentMilitaryService-Example1"/>
      </reference>
      <name value="DecedentMilitaryService-Example1"/>
      <description value="DecedentMilitaryService-Example1"/>
      <exampleBoolean value="true"/>
    </resource>
    <resource>
      <extension url="http://hl7.org/fhir/tools/StructureDefinition/resource-information">
        <valueString value="RelatedPerson"/>
      </extension>
      <reference>
        <reference value="RelatedPerson/DecedentMother-Example1"/>
      </reference>
      <name value="DecedentMother-Example1"/>
      <description value="DecedentFather-Example1"/>
      <exampleBoolean value="true"/>
    </resource>
    <resource>
      <extension url="http://hl7.org/fhir/tools/StructureDefinition/resource-information">
        <valueString value="Observation"/>
      </extension>
      <reference>
        <reference value="Observation/DecedentPregnancyStatus-Example1"/>
      </reference>
      <name value="DecedentPregnancyStatus-Example1"/>
      <description value="DecedentPregnancyStatus-Example1"/>
      <exampleBoolean value="true"/>
    </resource>
    <resource>
      <extension url="http://hl7.org/fhir/tools/StructureDefinition/resource-information">
        <valueString value="RelatedPerson"/>
      </extension>
      <reference>
        <reference value="RelatedPerson/DecedentSpouse-Example1"/>
      </reference>
      <name value="DecedentSpouse-Example1"/>
      <description value="DecedentSpouse-Example1"/>
      <exampleBoolean value="true"/>
    </resource>
    <resource>
      <extension url="http://hl7.org/fhir/tools/StructureDefinition/resource-information">
        <valueString value="Observation"/>
      </extension>
      <reference>
        <reference value="Observation/DecedentUsualWork-Example1"/>
      </reference>
      <name value="DecedentUsualWork-Example1"/>
      <description value="DecedentUsualWork-Example1 - without coded values"/>
      <exampleBoolean value="true"/>
    </resource>
    <resource>
      <extension url="http://hl7.org/fhir/tools/StructureDefinition/resource-information">
        <valueString value="Observation"/>
      </extension>
      <reference>
        <reference value="Observation/DecedentUsualWork-Example2"/>
      </reference>
      <name value="DecedentUsualWork-Example2"/>
      <description value="DecedentUsualWork-Example2 - with coded values"/>
      <exampleBoolean value="true"/>
    </resource>
    <resource>
      <extension url="http://hl7.org/fhir/tools/StructureDefinition/resource-information">
        <valueString value="Bundle"/>
      </extension>
      <reference>
        <reference value="Bundle/DemographicCodedContentBundle-Example1"/>
      </reference>
      <name value="DemographicCodedContentBundle-Example1"/>
      <description value="DemographicCodedContentBundle-Example1"/>
      <exampleBoolean value="true"/>
    </resource>
    <resource>
      <extension url="http://hl7.org/fhir/tools/StructureDefinition/resource-information">
        <valueString value="StructureDefinition:resource"/>
      </extension>
      <reference>
        <reference value="StructureDefinition/VRM-DemographicsCodingHeader"/>
      </reference>
      <name value="Demographics Coding Header"/>
      <description value="Demographics Coding Header"/>
      <exampleBoolean value="false"/>
      <groupingId value="Headers"/>
    </resource>
    <resource>
      <extension url="http://hl7.org/fhir/tools/StructureDefinition/resource-information">
        <valueString value="StructureDefinition:resource"/>
      </extension>
      <reference>
        <reference value="StructureDefinition/VRM-DemographicsCodingMessage"/>
      </reference>
      <name value="Demographics Coding Message"/>
      <description value="Message for demographics coding response to death records"/>
      <exampleBoolean value="false"/>
      <groupingId value="Messages"/>
    </resource>
    <resource>
      <extension url="http://hl7.org/fhir/tools/StructureDefinition/resource-information">
        <valueString value="StructureDefinition:resource"/>
      </extension>
      <reference>
        <reference value="StructureDefinition/VRM-DemographicsCodingUpdateHeader"/>
      </reference>
      <name value="Demographics Coding Update Header"/>
      <description value="Demographics Coding Update Header"/>
      <exampleBoolean value="false"/>
      <groupingId value="Headers"/>
    </resource>
    <resource>
      <extension url="http://hl7.org/fhir/tools/StructureDefinition/resource-information">
        <valueString value="StructureDefinition:resource"/>
      </extension>
      <reference>
        <reference value="StructureDefinition/VRM-DemographicsCodingUpdateMessage"/>
      </reference>
      <name value="Demographics Coding Update Message"/>
      <description value="Message for updating Demographics coding response to death records"/>
      <exampleBoolean value="false"/>
      <groupingId value="Messages"/>
    </resource>
    <resource>
      <extension url="http://hl7.org/fhir/tools/StructureDefinition/resource-information">
        <valueString value="MessageHeader"/>
      </extension>
      <reference>
        <reference value="MessageHeader/DemographicsCodingHeader-Example1"/>
      </reference>
      <name value="DemographicsCodingHeader-Example1"/>
      <description value="Header for Demographic Coding Message - Example"/>
      <exampleCanonical value="http://cdc.gov/nchs/nvss/fhir/vital-records-messaging/StructureDefinition/VRM-DemographicsCodingHeader"/>
    </resource>
    <resource>
      <extension url="http://hl7.org/fhir/tools/StructureDefinition/resource-information">
        <valueString value="Bundle"/>
      </extension>
      <reference>
        <reference value="Bundle/DemographicsCodingMessage-Example1"/>
      </reference>
      <name value="DemographicsCodingMessage-Example1"/>
      <description value="Cause of death coding message - Example1 -- coded content only"/>
      <exampleCanonical value="http://cdc.gov/nchs/nvss/fhir/vital-records-messaging/StructureDefinition/VRM-DemographicsCodingMessage"/>
    </resource>
    <resource>
      <extension url="http://hl7.org/fhir/tools/StructureDefinition/resource-information">
        <valueString value="MessageHeader"/>
      </extension>
      <reference>
        <reference value="MessageHeader/DemographicsCodingUpdateHeader-Example1"/>
      </reference>
      <name value="DemographicsCodingUpdateHeader-Example1"/>
      <description value="Header for Demographic Coding Update Message - Example"/>
      <exampleCanonical value="http://cdc.gov/nchs/nvss/fhir/vital-records-messaging/StructureDefinition/VRM-DemographicsCodingUpdateHeader"/>
    </resource>
    <resource>
      <extension url="http://hl7.org/fhir/tools/StructureDefinition/resource-information">
        <valueString value="Bundle"/>
      </extension>
      <reference>
        <reference value="Bundle/DemographicsCodingUpdateMessage1"/>
      </reference>
      <name value="DemographicsCodingUpdateMessage1"/>
      <description value="Demographic Coding update message - Example"/>
      <exampleCanonical value="http://cdc.gov/nchs/nvss/fhir/vital-records-messaging/StructureDefinition/VRM-DemographicsCodingUpdateMessage"/>
    </resource>
    <resource>
      <extension url="http://hl7.org/fhir/tools/StructureDefinition/resource-information">
        <valueString value="Location"/>
      </extension>
      <reference>
        <reference value="Location/DispositionLocation-Example1"/>
      </reference>
      <name value="DispositionLocation-Example1"/>
      <description value="DispositionLocation-Example1"/>
      <exampleBoolean value="true"/>
    </resource>
    <resource>
      <extension url="http://hl7.org/fhir/tools/StructureDefinition/resource-information">
        <valueString value="Observation"/>
      </extension>
      <reference>
        <reference value="Observation/EmergingIssues-Example1"/>
      </reference>
      <name value="EmergingIssues-Example1"/>
      <description value="EmergingIssues-Example1 make sure it is example"/>
      <exampleBoolean value="true"/>
    </resource>
    <resource>
      <extension url="http://hl7.org/fhir/tools/StructureDefinition/resource-information">
        <valueString value="Observation"/>
      </extension>
      <reference>
        <reference value="Observation/EntityAxisCauseOfDeath-Example1"/>
      </reference>
      <name value="EntityAxisCauseOfDeath-Example1"/>
      <description value="EntityAxisCauseOfDeath-Example1"/>
      <exampleBoolean value="true"/>
    </resource>
    <resource>
      <extension url="http://hl7.org/fhir/tools/StructureDefinition/resource-information">
        <valueString value="Observation"/>
      </extension>
      <reference>
        <reference value="Observation/EntityAxisCauseOfDeath-Example2"/>
      </reference>
      <name value="EntityAxisCauseOfDeath-Example2"/>
      <description value="EntityAxisCauseOfDeath-Example2"/>
      <exampleBoolean value="true"/>
    </resource>
    <resource>
      <extension url="http://hl7.org/fhir/tools/StructureDefinition/resource-information">
        <valueString value="Observation"/>
      </extension>
      <reference>
        <reference value="Observation/EntityAxisCauseOfDeath-Example3"/>
      </reference>
      <name value="EntityAxisCauseOfDeath-Example3"/>
      <description value="EntityAxisCauseOfDeath-Example3"/>
      <exampleBoolean value="true"/>
    </resource>
    <resource>
      <extension url="http://hl7.org/fhir/tools/StructureDefinition/resource-information">
        <valueString value="Observation"/>
      </extension>
      <reference>
        <reference value="Observation/EntityAxisCauseOfDeath-Example4"/>
      </reference>
      <name value="EntityAxisCauseOfDeath-Example4"/>
      <description value="EntityAxisCauseOfDeath-Example3"/>
      <exampleBoolean value="true"/>
    </resource>
    <resource>
      <extension url="http://hl7.org/fhir/tools/StructureDefinition/resource-information">
        <valueString value="Observation"/>
      </extension>
      <reference>
        <reference value="Observation/ExaminerContacted-Example1"/>
      </reference>
      <name value="ExaminerContacted-Example1"/>
      <description value="AutopsyPerformedIndicator-Example1"/>
      <exampleBoolean value="true"/>
    </resource>
    <resource>
      <extension url="http://hl7.org/fhir/tools/StructureDefinition/resource-information">
        <valueString value="StructureDefinition:resource"/>
      </extension>
      <reference>
        <reference value="StructureDefinition/VRM-ExtractionErrorHeader"/>
      </reference>
      <name value="Extraction Error Header"/>
      <description value="Extraction Error Message Header"/>
      <exampleBoolean value="false"/>
      <groupingId value="Headers"/>
    </resource>
    <resource>
      <extension url="http://hl7.org/fhir/tools/StructureDefinition/resource-information">
        <valueString value="StructureDefinition:resource"/>
      </extension>
      <reference>
        <reference value="StructureDefinition/VRM-ExtractionErrorMessage"/>
      </reference>
      <name value="Extraction Error Message"/>
      <description value="Message for Errors during content extraction"/>
      <exampleBoolean value="false"/>
      <groupingId value="Messages"/>
    </resource>
    <resource>
      <extension url="http://hl7.org/fhir/tools/StructureDefinition/resource-information">
        <valueString value="MessageHeader"/>
      </extension>
      <reference>
        <reference value="MessageHeader/ExtractionErrorHeader-Example1"/>
      </reference>
      <name value="ExtractionErrorHeader-Example1"/>
      <description value="Header for Extraction Error Message - Example"/>
      <exampleCanonical value="http://cdc.gov/nchs/nvss/fhir/vital-records-messaging/StructureDefinition/VRM-ExtractionErrorHeader"/>
    </resource>
    <resource>
      <extension url="http://hl7.org/fhir/tools/StructureDefinition/resource-information">
        <valueString value="Bundle"/>
      </extension>
      <reference>
        <reference value="Bundle/ExtractionErrorMessage-Example1"/>
      </reference>
      <name value="ExtractionErrorMessage-Example1"/>
      <description value="Extraction error message - Example"/>
      <exampleCanonical value="http://cdc.gov/nchs/nvss/fhir/vital-records-messaging/StructureDefinition/VRM-ExtractionErrorMessage"/>
    </resource>
    <resource>
      <extension url="http://hl7.org/fhir/tools/StructureDefinition/resource-information">
        <valueString value="Organization"/>
      </extension>
      <reference>
        <reference value="Organization/FuneralHome-Example1"/>
      </reference>
      <name value="FuneralHome-Example1"/>
      <description value="FuneralHome-Example1"/>
      <exampleBoolean value="true"/>
    </resource>
    <resource>
      <extension url="http://hl7.org/fhir/tools/StructureDefinition/resource-information">
        <valueString value="Observation"/>
      </extension>
      <reference>
        <reference value="Observation/InjuryIncident-Example1"/>
      </reference>
      <name value="InjuryIncident-Example1"/>
      <description value="InjuryIncident-Example1 (with literal transportationRole)"/>
      <exampleBoolean value="true"/>
    </resource>
    <resource>
      <extension url="http://hl7.org/fhir/tools/StructureDefinition/resource-information">
        <valueString value="Observation"/>
      </extension>
      <reference>
        <reference value="Observation/InjuryIncident-Example2"/>
      </reference>
      <name value="InjuryIncident-Example2"/>
      <description value="InjuryIncident-Example2 (with coded transportationRole)"/>
      <exampleBoolean value="true"/>
    </resource>
    <resource>
      <extension url="http://hl7.org/fhir/tools/StructureDefinition/resource-information">
        <valueString value="Location"/>
      </extension>
      <reference>
        <reference value="Location/InjuryLocation-Example1"/>
      </reference>
      <name value="InjuryLocation-Example1"/>
      <description value="InjuryLocation-Example1"/>
      <exampleBoolean value="true"/>
    </resource>
    <resource>
      <extension url="http://hl7.org/fhir/tools/StructureDefinition/resource-information">
        <valueString value="Observation"/>
      </extension>
      <reference>
        <reference value="Observation/InputRaceAndEthnicity-Example1"/>
      </reference>
      <name value="InputRaceAndEthnicity-Example1"/>
      <description value="InputRaceAndEthnicity-Example1"/>
      <exampleBoolean value="true"/>
    </resource>
    <resource>
      <extension url="http://hl7.org/fhir/tools/StructureDefinition/resource-information">
        <valueString value="Observation"/>
      </extension>
      <reference>
        <reference value="Observation/MannerOfDeath-Example1"/>
      </reference>
      <name value="MannerOfDeath-Example1"/>
      <description value="MannerOfDeath-Example1"/>
      <exampleBoolean value="true"/>
    </resource>
    <resource>
      <extension url="http://hl7.org/fhir/tools/StructureDefinition/resource-information">
        <valueString value="Observation"/>
      </extension>
      <reference>
        <reference value="Observation/ManualUnderlyingCauseOfDeath-Example1"/>
      </reference>
      <name value="ManualUnderlyingCauseOfDeath-Example1"/>
      <description value="ManualUnderlyingCauseOfDeath-Example1"/>
      <exampleBoolean value="true"/>
    </resource>
    <resource>
      <extension url="http://hl7.org/fhir/tools/StructureDefinition/resource-information">
        <valueString value="CodeSystem"/>
      </extension>
      <reference>
        <reference value="CodeSystem/VRM-MessageHeaderURI-cs"/>
      </reference>
      <name value="MessageHeader URI Values"/>
      <description value="MessageHeader URI Values"/>
      <exampleBoolean value="false"/>
      <groupingId value="CodeSystems"/>
    </resource>
    <resource>
      <extension url="http://hl7.org/fhir/tools/StructureDefinition/resource-information">
        <valueString value="Bundle"/>
      </extension>
      <reference>
        <reference value="Bundle/MortalityRosterBundle-Example1"/>
      </reference>
      <name value="MortalityRosterBundle-Example1"/>
      <description value="MortalityRosterBundle-Example1"/>
      <exampleBoolean value="true"/>
    </resource>
    <resource>
      <extension url="http://hl7.org/fhir/tools/StructureDefinition/resource-information">
        <valueString value="Practitioner"/>
      </extension>
      <reference>
        <reference value="Practitioner/Mortician-Example1"/>
      </reference>
      <name value="Mortician-Example1"/>
      <description value="Mortician-Example1"/>
      <exampleBoolean value="true"/>
    </resource>
    <resource>
      <extension url="http://hl7.org/fhir/tools/StructureDefinition/resource-information">
        <valueString value="StructureDefinition:resource"/>
      </extension>
      <reference>
        <reference value="StructureDefinition/VRM-Outcome"/>
      </reference>
      <name value="Outcome Profile"/>
      <description value="Outcome profile to support profile-based slicing of bundles"/>
      <exampleBoolean value="false"/>
      <groupingId value="Outcomes"/>
    </resource>
    <resource>
      <extension url="http://hl7.org/fhir/tools/StructureDefinition/resource-information">
        <valueString value="OperationOutcome"/>
      </extension>
      <reference>
        <reference value="OperationOutcome/Outcome-Example1"/>
      </reference>
      <name value="Outcome-Example1"/>
      <description value="Extraction Error Outcome - Example"/>
      <exampleCanonical value="http://cdc.gov/nchs/nvss/fhir/vital-records-messaging/StructureDefinition/VRM-Outcome"/>
    </resource>
    <resource>
      <extension url="http://hl7.org/fhir/tools/StructureDefinition/resource-information">
        <valueString value="Parameters"/>
      </extension>
      <reference>
        <reference value="Parameters/Parameters-Example1"/>
      </reference>
      <name value="Parameters-Example1"/>
      <description value="Parameters for Submission: Example"/>
      <exampleCanonical value="http://cdc.gov/nchs/nvss/fhir/vital-records-messaging/StructureDefinition/VRM-MessageParameters"/>
    </resource>
    <resource>
      <extension url="http://hl7.org/fhir/tools/StructureDefinition/resource-information">
        <valueString value="Observation"/>
      </extension>
      <reference>
        <reference value="Observation/PlaceOfInjury-Example1"/>
      </reference>
      <name value="PlaceOfInjury-Example1"/>
      <description value="PlaceOfInjury-Example1"/>
      <exampleBoolean value="true"/>
    </resource>
    <resource>
      <extension url="http://hl7.org/fhir/tools/StructureDefinition/resource-information">
        <valueString value="Observation"/>
      </extension>
      <reference>
        <reference value="Observation/RecordAxisCauseOfDeath-Example1"/>
      </reference>
      <name value="RecordAxisCauseOfDeath-Example1"/>
      <description value="RecordAxisCauseOfDeath-Example1"/>
      <exampleBoolean value="true"/>
    </resource>
    <resource>
      <extension url="http://hl7.org/fhir/tools/StructureDefinition/resource-information">
        <valueString value="Observation"/>
      </extension>
      <reference>
        <reference value="Observation/RecordAxisCauseOfDeath-Example2"/>
      </reference>
      <name value="RecordAxisCauseOfDeath-Example2"/>
      <description value="RecordAxisCauseOfDeath-Example2"/>
      <exampleBoolean value="true"/>
    </resource>
    <resource>
      <extension url="http://hl7.org/fhir/tools/StructureDefinition/resource-information">
        <valueString value="ValueSet"/>
      </extension>
      <reference>
        <reference value="ValueSet/VRM-Status-vs"/>
      </reference>
      <name value="Status Codes Values"/>
      <description value="Status Codes Values"/>
      <exampleBoolean value="false"/>
    </resource>
    <resource>
      <extension url="http://hl7.org/fhir/tools/StructureDefinition/resource-information">
        <valueString value="CodeSystem"/>
      </extension>
      <reference>
        <reference value="CodeSystem/VRM-Status-cs"/>
      </reference>
      <name value="Status Codes Values"/>
      <description value="Status Codes Values"/>
      <exampleBoolean value="false"/>
    </resource>
    <resource>
      <extension url="http://hl7.org/fhir/tools/StructureDefinition/resource-information">
        <valueString value="StructureDefinition:resource"/>
      </extension>
      <reference>
        <reference value="StructureDefinition/VRM-StatusHeader"/>
      </reference>
      <name value="Status Header"/>
      <description value="Status Header"/>
      <exampleBoolean value="false"/>
      <groupingId value="Headers"/>
    </resource>
    <resource>
      <extension url="http://hl7.org/fhir/tools/StructureDefinition/resource-information">
        <valueString value="StructureDefinition:resource"/>
      </extension>
      <reference>
        <reference value="StructureDefinition/VRM-StatusMessage"/>
      </reference>
      <name value="Status Message"/>
      <description value="Message for sending status of DeathRecord processing"/>
      <exampleBoolean value="false"/>
      <groupingId value="Messages"/>
    </resource>
    <resource>
      <extension url="http://hl7.org/fhir/tools/StructureDefinition/resource-information">
        <valueString value="StructureDefinition:resource"/>
      </extension>
      <reference>
        <reference value="StructureDefinition/VRM-StatusParameters"/>
      </reference>
      <name value="Status Message Parameters"/>
      <description value="Parameters for a Status Message"/>
      <exampleBoolean value="false"/>
      <groupingId value="Parameters"/>
    </resource>
    <resource>
      <extension url="http://hl7.org/fhir/tools/StructureDefinition/resource-information">
        <valueString value="MessageHeader"/>
      </extension>
      <reference>
        <reference value="MessageHeader/StatusHeader-Example1"/>
      </reference>
      <name value="StatusHeader-Example1"/>
      <description value="Parameters for Status: Example1"/>
      <exampleCanonical value="http://cdc.gov/nchs/nvss/fhir/vital-records-messaging/StructureDefinition/VRM-StatusHeader"/>
    </resource>
    <resource>
      <extension url="http://hl7.org/fhir/tools/StructureDefinition/resource-information">
        <valueString value="Bundle"/>
      </extension>
      <reference>
        <reference value="Bundle/StatusMessage-Example1"/>
      </reference>
      <name value="StatusMessage-Example1"/>
      <description value="Status message - Example1"/>
      <exampleCanonical value="http://cdc.gov/nchs/nvss/fhir/vital-records-messaging/StructureDefinition/VRM-StatusMessage"/>
    </resource>
    <resource>
      <extension url="http://hl7.org/fhir/tools/StructureDefinition/resource-information">
        <valueString value="Parameters"/>
      </extension>
      <reference>
        <reference value="Parameters/StatusParameters-Example1"/>
      </reference>
      <name value="StatusParameters-Example1"/>
      <description value="Parameters for Status: Example"/>
      <exampleCanonical value="http://cdc.gov/nchs/nvss/fhir/vital-records-messaging/StructureDefinition/VRM-StatusParameters"/>
    </resource>
    <resource>
      <extension url="http://hl7.org/fhir/tools/StructureDefinition/resource-information">
        <valueString value="MessageHeader"/>
      </extension>
      <reference>
        <reference value="MessageHeader/SubmissionHeader-Example1"/>
      </reference>
      <name value="SubmissionHeader-Example1"/>
      <description value="Header for Submission - Example"/>
      <exampleCanonical value="http://cdc.gov/nchs/nvss/fhir/vital-records-messaging/StructureDefinition/VRM-SubmissionHeader"/>
    </resource>
    <resource>
      <extension url="http://hl7.org/fhir/tools/StructureDefinition/resource-information">
        <valueString value="Observation"/>
      </extension>
      <reference>
        <reference value="Observation/SurgeryDate-Example1"/>
      </reference>
      <name value="SurgeryDate-Example1"/>
      <description value="SurgeryDate-Example1"/>
      <exampleBoolean value="true"/>
    </resource>
    <resource>
      <extension url="http://hl7.org/fhir/tools/StructureDefinition/resource-information">
        <valueString value="Observation"/>
      </extension>
      <reference>
        <reference value="Observation/TobaccoUseContributedToDeath-Example1"/>
      </reference>
      <name value="TobaccoUseContributedToDeath-Example1"/>
      <description value="TobaccoUseContributedToDeath-Example1"/>
      <exampleBoolean value="true"/>
    </resource>
    <resource>
      <extension url="http://hl7.org/fhir/tools/StructureDefinition/resource-information">
        <valueString value="MessageHeader"/>
      </extension>
      <reference>
        <reference value="MessageHeader/UpdateHeader-Example1"/>
      </reference>
      <name value="UpdateHeader-Example1"/>
      <description value="Header for Update: Example"/>
      <exampleCanonical value="http://cdc.gov/nchs/nvss/fhir/vital-records-messaging/StructureDefinition/VRM-UpdateHeader"/>
    </resource>
    <resource>
      <extension url="http://hl7.org/fhir/tools/StructureDefinition/resource-information">
        <valueString value="Bundle"/>
      </extension>
      <reference>
        <reference value="Bundle/UpdateMessage-Example1"/>
      </reference>
      <name value="UpdateMessage-Example1"/>
      <description value="Update message - example"/>
      <exampleCanonical value="http://cdc.gov/nchs/nvss/fhir/vital-records-messaging/StructureDefinition/VRM-DeathRecordUpdateMessage"/>
    </resource>
    <resource>
      <extension url="http://hl7.org/fhir/tools/StructureDefinition/resource-information">
        <valueString value="StructureDefinition:resource"/>
      </extension>
      <reference>
        <reference value="StructureDefinition/VRM-VoidHeader"/>
      </reference>
      <name value="Void Header"/>
      <description value="Void Header"/>
      <exampleBoolean value="false"/>
      <groupingId value="Headers"/>
    </resource>
    <resource>
      <extension url="http://hl7.org/fhir/tools/StructureDefinition/resource-information">
        <valueString value="StructureDefinition:resource"/>
      </extension>
      <reference>
        <reference value="StructureDefinition/VRM-VoidParameters"/>
      </reference>
      <name value="Void Message Parameters"/>
      <description value="Parameters for a Void Message"/>
      <exampleBoolean value="false"/>
      <groupingId value="Parameters"/>
    </resource>
    <resource>
      <extension url="http://hl7.org/fhir/tools/StructureDefinition/resource-information">
        <valueString value="MessageHeader"/>
      </extension>
      <reference>
        <reference value="MessageHeader/VoidHeader-Example1"/>
      </reference>
      <name value="VoidHeader-Example1"/>
      <description value="Parameters for Void: Example"/>
      <exampleCanonical value="http://cdc.gov/nchs/nvss/fhir/vital-records-messaging/StructureDefinition/VRM-VoidHeader"/>
    </resource>
    <resource>
      <extension url="http://hl7.org/fhir/tools/StructureDefinition/resource-information">
        <valueString value="Parameters"/>
      </extension>
      <reference>
        <reference value="Parameters/VoidParameters-Example1"/>
      </reference>
      <name value="VoidParameters-Example1"/>
      <description value="Parameters for Void: Example"/>
      <exampleCanonical value="http://cdc.gov/nchs/nvss/fhir/vital-records-messaging/StructureDefinition/VRM-VoidParameters"/>
    </resource>
    <page>
      <extension url="http://hl7.org/fhir/tools/StructureDefinition/ig-page-name">
        <valueUrl value="toc.html"/>
      </extension>
      <nameUrl value="toc.html"/>
      <title value="Table of Contents"/>
      <generation value="html"/>
      <page>
        <extension url="http://hl7.org/fhir/tools/StructureDefinition/ig-page-name">
          <valueUrl value="index.html"/>
        </extension>
        <nameUrl value="index.html"/>
        <title value="Home"/>
        <generation value="markdown"/>
      </page>
      <page>
        <extension url="http://hl7.org/fhir/tools/StructureDefinition/ig-page-name">
          <valueUrl value="message.html"/>
        </extension>
        <nameUrl value="message.html"/>
        <title value="Messages"/>
        <generation value="markdown"/>
      </page>
      <page>
        <extension url="http://hl7.org/fhir/tools/StructureDefinition/ig-page-name">
          <valueUrl value="artifacts.html"/>
        </extension>
        <nameUrl value="artifacts.html"/>
        <title value="Artifacts Summary"/>
        <generation value="html"/>
      </page>
      <page>
        <extension url="http://hl7.org/fhir/tools/StructureDefinition/ig-page-name">
          <valueUrl value="downloads.html"/>
        </extension>
        <nameUrl value="downloads.html"/>
        <title value="Download Specification"/>
        <generation value="markdown"/>
      </page>
      <page>
        <extension url="http://hl7.org/fhir/tools/StructureDefinition/ig-page-name">
          <valueUrl value="change_log.html"/>
        </extension>
        <nameUrl value="change_log.html"/>
        <title value="Change Log"/>
        <generation value="markdown"/>
      </page>
      <page>
        <extension url="http://hl7.org/fhir/tools/StructureDefinition/ig-page-name">
          <valueUrl value="appendix.html"/>
        </extension>
        <nameUrl value="appendix.html"/>
        <title value="Appendices"/>
        <generation value="markdown"/>
      </page>
      <page>
        <extension url="http://hl7.org/fhir/tools/StructureDefinition/ig-page-name">
          <valueUrl value="june2022testingeventexamples.html"/>
        </extension>
        <nameUrl value="june2022testingeventexamples.html"/>
        <title value="June 2022 Testing Event Examples"/>
        <generation value="markdown"/>
      </page>
      <page>
        <extension url="http://hl7.org/fhir/tools/StructureDefinition/ig-page-name">
          <valueUrl value="business_rules.html"/>
        </extension>
        <nameUrl value="business_rules.html"/>
        <title value="NCHS Error Messages"/>
        <generation value="markdown"/>
      </page>
    </page>
    <parameter>
      <code value="path-resource"/>
      <value value="input/capabilities"/>
    </parameter>
    <parameter>
      <code value="path-resource"/>
      <value value="input/examples"/>
    </parameter>
    <parameter>
      <code value="path-resource"/>
      <value value="input/extensions"/>
    </parameter>
    <parameter>
      <code value="path-resource"/>
      <value value="input/models"/>
    </parameter>
    <parameter>
      <code value="path-resource"/>
      <value value="input/operations"/>
    </parameter>
    <parameter>
      <code value="path-resource"/>
      <value value="input/profiles"/>
    </parameter>
    <parameter>
      <code value="path-resource"/>
      <value value="input/resources"/>
    </parameter>
    <parameter>
      <code value="path-resource"/>
      <value value="input/vocabulary"/>
    </parameter>
    <parameter>
      <code value="path-resource"/>
      <value value="input/maps"/>
    </parameter>
    <parameter>
      <code value="path-resource"/>
      <value value="input/testing"/>
    </parameter>
    <parameter>
      <code value="path-resource"/>
      <value value="input/history"/>
    </parameter>
    <parameter>
      <code value="path-resource"/>
      <value value="fsh-generated/resources"/>
    </parameter>
    <parameter>
      <code value="path-pages"/>
      <value value="template/config"/>
    </parameter>
    <parameter>
      <code value="path-pages"/>
      <value value="input/images"/>
    </parameter>
    <parameter>
      <code value="path-tx-cache"/>
      <value value="input-cache/txcache"/>
    </parameter>
  </definition>
</ImplementationGuide>