<?xml version="1.0" encoding="UTF-8"?>

<Location xmlns="http://hl7.org/fhir">
  <id value="InjuryLocation-Example1"/>
  <meta>
    <profile value="http://hl7.org/fhir/us/vrdr/StructureDefinition/vrdr-injury-location"/>
  </meta>
  <text>
    <status value="generated"/><div xmlns="http://www.w3.org/1999/xhtml"><p><b>Generated Narrative: Location</b><a name="InjuryLocation-Example1"> </a></p><div style="display: inline-block; background-color: #d9e0e7; padding: 6px; margin: 4px; border: 1px solid #8da1b4; border-radius: 5px; line-height: 60%"><p style="margin-bottom: 0px">Resource Location &quot;InjuryLocation-Example1&quot; </p><p style="margin-bottom: 0px">Profile: <a href="https://build.fhir.org/ig/HL7/vrdr//StructureDefinition-vrdr-injury-location.html">Injury Location</a></p></div><p><b>name</b>: Home</p><p><b>description</b>: 5590 Lockwood Drive 20621 US</p><p><b>type</b>: Injury Location <span style="background: LightGoldenRodYellow; margin: 4px; border: 1px solid khaki"> (<a href="https://build.fhir.org/ig/HL7/vrdr//CodeSystem-vrdr-location-type-cs.html">Location Type Code System</a>#injury)</span></p><p><b>address</b>: 5590 Lockwood Drive 20621 US</p></div>
  </text>
  <name value="Home"/>
  <description value="5590 Lockwood Drive 20621 US"/>
  <type>
    <coding>
      <system value="http://hl7.org/fhir/us/vrdr/CodeSystem/vrdr-location-type-cs"/>
      <code value="injury"/>
    </coding>
  </type>
  <address>
    <text value="5590 Lockwood Drive 20621 US"/>
  </address>
</Location>