<?xml version="1.0" encoding="UTF-8"?>

<MessageHeader xmlns="http://hl7.org/fhir">
  <id value="ExtractionErrorHeader-Example1"/>
  <meta>
    <profile value="http://cdc.gov/nchs/nvss/fhir/vital-records-messaging/StructureDefinition/VRM-ExtractionErrorHeader"/>
  </meta>
  <text>
    <status value="generated"/><div xmlns="http://www.w3.org/1999/xhtml"><p><b>Generated Narrative: MessageHeader</b><a name="ExtractionErrorHeader-Example1"> </a></p><div style="display: inline-block; background-color: #d9e0e7; padding: 6px; margin: 4px; border: 1px solid #8da1b4; border-radius: 5px; line-height: 60%"><p style="margin-bottom: 0px">Resource MessageHeader &quot;ExtractionErrorHeader-Example1&quot; </p><p style="margin-bottom: 0px">Profile: <a href="StructureDefinition-VRM-ExtractionErrorHeader.html">Extraction Error Header</a></p></div><p><b>event</b>: <a href="http://nchs.cdc.gov/vrdr_extraction_error">http://nchs.cdc.gov/vrdr_extraction_error</a></p><h3>Destinations</h3><table class="grid"><tr><td style="display: none">-</td><td><b>Endpoint</b></td></tr><tr><td style="display: none">*</td><td><a href="https://sos.ny.gov/vitalrecords">https://sos.ny.gov/vitalrecords</a></td></tr></table><h3>Sources</h3><table class="grid"><tr><td style="display: none">-</td><td><b>Endpoint</b></td></tr><tr><td style="display: none">*</td><td><a href="http://nchs.cdc.gov/vrdr_submission">http://nchs.cdc.gov/vrdr_submission</a></td></tr></table><h3>Responses</h3><table class="grid"><tr><td style="display: none">-</td><td><b>Identifier</b></td><td><b>Code</b></td><td><b>Details</b></td></tr><tr><td style="display: none">*</td><td>54a07cef-4bff-4bb0-8957-9c8fbf7390ed</td><td>fatal-error</td><td><a href="OperationOutcome-Outcome-Example1.html">OperationOutcome/Outcome-Example1</a></td></tr></table><p><b>focus</b>: <a href="Parameters-Parameters-Example1.html">Parameters/Parameters-Example1</a></p></div>
  </text>
  <eventUri value="http://nchs.cdc.gov/vrdr_extraction_error"/>
  <destination>
    <endpoint value="https://sos.ny.gov/vitalrecords"/>
  </destination>
  <source>
    <endpoint value="http://nchs.cdc.gov/vrdr_submission"/>
  </source>
  <response>
    <identifier value="54a07cef-4bff-4bb0-8957-9c8fbf7390ed"/>
    <code value="fatal-error"/>
    <details>
      <reference value="OperationOutcome/Outcome-Example1"/>
    </details>
  </response>
  <focus>
    <reference value="Parameters/Parameters-Example1"/>
  </focus>
</MessageHeader>