<?xml version="1.0" encoding="UTF-8"?>

<MessageHeader xmlns="http://hl7.org/fhir">
  <id value="SubmissionHeader-Example1"/>
  <meta>
    <profile value="http://cdc.gov/nchs/nvss/fhir/vital-records-messaging/StructureDefinition/VRM-SubmissionHeader"/>
  </meta>
  <text>
    <status value="generated"/><div xmlns="http://www.w3.org/1999/xhtml"><p><b>Generated Narrative: MessageHeader</b><a name="SubmissionHeader-Example1"> </a></p><div style="display: inline-block; background-color: #d9e0e7; padding: 6px; margin: 4px; border: 1px solid #8da1b4; border-radius: 5px; line-height: 60%"><p style="margin-bottom: 0px">Resource MessageHeader &quot;SubmissionHeader-Example1&quot; </p><p style="margin-bottom: 0px">Profile: <a href="StructureDefinition-VRM-SubmissionHeader.html">Death Message Header</a></p></div><p><b>event</b>: <a href="http://nchs.cdc.gov/vrdr_submission">http://nchs.cdc.gov/vrdr_submission</a></p><h3>Destinations</h3><table class="grid"><tr><td style="display: none">-</td><td><b>Endpoint</b></td></tr><tr><td style="display: none">*</td><td><a href="http://nchs.cdc.gov/vrdr_submission">http://nchs.cdc.gov/vrdr_submission</a></td></tr></table><h3>Sources</h3><table class="grid"><tr><td style="display: none">-</td><td><b>Endpoint</b></td></tr><tr><td style="display: none">*</td><td><a href="https://sos.ny.gov/vitalrecords">https://sos.ny.gov/vitalrecords</a></td></tr></table><p><b>focus</b>: <a href="Bundle-DeathCertificateDocument-Example1.html">Bundle/DeathCertificateDocument-Example1</a></p></div>
  </text>
  <eventUri value="http://nchs.cdc.gov/vrdr_submission"/>
  <destination>
    <endpoint value="http://nchs.cdc.gov/vrdr_submission"/>
  </destination>
  <source>
    <endpoint value="https://sos.ny.gov/vitalrecords"/>
  </source>
  <focus>
    <reference value="Bundle/DeathCertificateDocument-Example1"/>
  </focus>
</MessageHeader>