<?xml version="1.0" encoding="UTF-8"?>

<Observation xmlns="http://hl7.org/fhir">
  <id value="DeathDate-Example2"/>
  <meta>
    <profile value="http://hl7.org/fhir/us/vrdr/StructureDefinition/vrdr-death-date"/>
  </meta>
  <text>
    <status value="generated"/><div xmlns="http://www.w3.org/1999/xhtml"><p><b>Generated Narrative: Observation</b><a name="DeathDate-Example2"> </a></p><div style="display: inline-block; background-color: #d9e0e7; padding: 6px; margin: 4px; border: 1px solid #8da1b4; border-radius: 5px; line-height: 60%"><p style="margin-bottom: 0px">Resource Observation &quot;DeathDate-Example2&quot; </p><p style="margin-bottom: 0px">Profile: <a href="https://build.fhir.org/ig/HL7/vrdr//StructureDefinition-vrdr-death-date.html">Death Date</a></p></div><p><b>status</b>: final</p><p><b>code</b>: 81956-5 <span style="background: LightGoldenRodYellow; margin: 4px; border: 1px solid khaki"> (<a href="https://loinc.org/">LOINC</a>#81956-5)</span></p><p><b>subject</b>: <a href="Patient-Decedent-Example1.html">Patient/Decedent-Example1</a> &quot; PATEL&quot;</p><p><b>effective</b>: 2020-11-12 16:39:40-0500</p><p><b>performer</b>: <a href="Practitioner-Certifier-Example1.html">Practitioner/Certifier-Example1</a> &quot; BLACK&quot;</p><p><b>value</b>: ??</p><blockquote><p><b>component</b></p><p><b>code</b>: 80616-6 <span style="background: LightGoldenRodYellow; margin: 4px; border: 1px solid khaki"> (<a href="https://loinc.org/">LOINC</a>#80616-6)</span></p><p><b>value</b>: 2020-11-13 16:39:40-0500</p></blockquote><blockquote><p><b>component</b></p><p><b>code</b>: 58332-8 <span style="background: LightGoldenRodYellow; margin: 4px; border: 1px solid khaki"> (<a href="https://loinc.org/">LOINC</a>#58332-8)</span></p><p><b>value</b>: Death in hospital <span style="background: LightGoldenRodYellow; margin: 4px; border: 1px solid khaki"> (<a href="https://browser.ihtsdotools.org/">SNOMED CT</a>#16983000)</span></p></blockquote></div>
  </text>
  <status value="final"/>
  <code>
    <coding>
      <system value="http://loinc.org"/>
      <code value="81956-5"/>
    </coding>
  </code>
  <subject>
    <reference value="Patient/Decedent-Example1"/>
  </subject>
  <effectiveDateTime value="2020-11-12T16:39:40-05:00"/>
  <performer>
    <reference value="Practitioner/Certifier-Example1"/>
  </performer>
  <valueDateTime>
    <extension url="http://hl7.org/fhir/us/vrdr/StructureDefinition/PartialDateTime">
      <extension url="http://hl7.org/fhir/us/vrdr/StructureDefinition/Date-Day">
        <valueUnsignedInt>
          <extension url="http://hl7.org/fhir/StructureDefinition/data-absent-reason">
            <valueCode value="unknown"/>
          </extension>
        </valueUnsignedInt>
      </extension>
      <extension url="http://hl7.org/fhir/us/vrdr/StructureDefinition/Date-Year">
        <valueUnsignedInt value="2020"/>
      </extension>
      <extension url="http://hl7.org/fhir/us/vrdr/StructureDefinition/Date-Month">
        <valueUnsignedInt value="11"/>
      </extension>
      <extension url="http://hl7.org/fhir/us/vrdr/StructureDefinition/Date-Time">
        <valueTime value="12:13:14">
          <extension url="http://hl7.org/fhir/StructureDefinition/data-absent-reason">
            <valueCode value="unknown"/>
          </extension>
        </valueTime>
      </extension>
    </extension>
  </valueDateTime>
  <component>
    <code>
      <coding>
        <system value="http://loinc.org"/>
        <code value="80616-6"/>
      </coding>
    </code>
    <valueDateTime value="2020-11-13T16:39:40-05:00"/>
  </component>
  <component>
    <code>
      <coding>
        <system value="http://loinc.org"/>
        <code value="58332-8"/>
      </coding>
    </code>
    <valueCodeableConcept>
      <coding>
        <system value="http://snomed.info/sct"/>
        <code value="16983000"/>
        <display value="Death in hospital"/>
      </coding>
    </valueCodeableConcept>
  </component>
</Observation>