<?xml version="1.0" encoding="UTF-8"?>

<Observation xmlns="http://hl7.org/fhir">
  <id value="ActivityAtTimeOfDeath-Example1"/>
  <meta>
    <profile value="http://hl7.org/fhir/us/vrdr/StructureDefinition/vrdr-activity-at-time-of-death"/>
  </meta>
  <text>
    <status value="generated"/><div xmlns="http://www.w3.org/1999/xhtml"><p><b>Generated Narrative: Observation</b><a name="ActivityAtTimeOfDeath-Example1"> </a></p><div style="display: inline-block; background-color: #d9e0e7; padding: 6px; margin: 4px; border: 1px solid #8da1b4; border-radius: 5px; line-height: 60%"><p style="margin-bottom: 0px">Resource Observation &quot;ActivityAtTimeOfDeath-Example1&quot; </p><p style="margin-bottom: 0px">Profile: <a href="https://build.fhir.org/ig/HL7/vrdr//StructureDefinition-vrdr-activity-at-time-of-death.html">Activity at Time of Death</a></p></div><p><b>status</b>: final</p><p><b>code</b>: 80626-5 <span style="background: LightGoldenRodYellow; margin: 4px; border: 1px solid khaki"> (<a href="https://loinc.org/">LOINC</a>#80626-5)</span></p><p><b>subject</b>: <span>: NCHS generated</span></p><p><b>value</b>: While engaged in leisure activities. <span style="background: LightGoldenRodYellow; margin: 4px; border: 1px solid khaki"> (<a href="https://build.fhir.org/ig/HL7/vrdr//CodeSystem-vrdr-activity-at-time-of-death-cs.html">Activity at Time of Death Codesystem</a>#1)</span></p></div>
  </text>
  <status value="final"/>
  <code>
    <coding>
      <system value="http://loinc.org"/>
      <code value="80626-5"/>
    </coding>
  </code>
  <subject>
    <display value="NCHS generated"/>
  </subject>
  <valueCodeableConcept>
    <coding>
      <system value="http://hl7.org/fhir/us/vrdr/CodeSystem/vrdr-activity-at-time-of-death-cs"/>
      <code value="1"/>
      <display value="While engaged in leisure activities."/>
    </coding>
  </valueCodeableConcept>
</Observation>