<?xml version="1.0" encoding="UTF-8"?>

<Observation xmlns="http://hl7.org/fhir">
  <id value="DecedentEducationLevel-Example1"/>
  <meta>
    <profile value="http://hl7.org/fhir/us/vrdr/StructureDefinition/vrdr-decedent-education-level"/>
  </meta>
  <text>
    <status value="generated"/><div xmlns="http://www.w3.org/1999/xhtml"><p><b>Generated Narrative: Observation</b><a name="DecedentEducationLevel-Example1"> </a></p><div style="display: inline-block; background-color: #d9e0e7; padding: 6px; margin: 4px; border: 1px solid #8da1b4; border-radius: 5px; line-height: 60%"><p style="margin-bottom: 0px">Resource Observation &quot;DecedentEducationLevel-Example1&quot; </p><p style="margin-bottom: 0px">Profile: <a href="https://build.fhir.org/ig/HL7/vrdr//StructureDefinition-vrdr-decedent-education-level.html">Decedent Education Level</a></p></div><p><b>status</b>: final</p><p><b>code</b>: 80913-7 <span style="background: LightGoldenRodYellow; margin: 4px; border: 1px solid khaki"> (<a href="https://loinc.org/">LOINC</a>#80913-7)</span></p><p><b>subject</b>: <a href="Patient-Decedent-Example1.html">Patient/Decedent-Example1</a> &quot; PATEL&quot;</p><p><b>value</b>: Some secondary or high school education <span style="background: LightGoldenRodYellow; margin: 4px; border: 1px solid khaki"> (<a href="http://terminology.hl7.org/3.1.0/CodeSystem-v3-EducationLevel.html">Education Level</a>#SEC)</span></p></div>
  </text>
  <status value="final"/>
  <code>
    <coding>
      <system value="http://loinc.org"/>
      <code value="80913-7"/>
    </coding>
  </code>
  <subject>
    <reference value="Patient/Decedent-Example1"/>
  </subject>
  <valueCodeableConcept>
    <coding>
      <system value="http://terminology.hl7.org/CodeSystem/v3-EducationLevel"/>
      <code value="SEC"/>
      <display value="Some secondary or high school education"/>
    </coding>
  </valueCodeableConcept>
</Observation>