<?xml version="1.0" encoding="UTF-8"?>

<Observation xmlns="http://hl7.org/fhir">
  <id value="RecordAxisCauseOfDeath-Example1"/>
  <meta>
    <profile value="http://hl7.org/fhir/us/vrdr/StructureDefinition/vrdr-record-axis-cause-of-death"/>
  </meta>
  <text>
    <status value="generated"/><div xmlns="http://www.w3.org/1999/xhtml"><p><b>Generated Narrative: Observation</b><a name="RecordAxisCauseOfDeath-Example1"> </a></p><div style="display: inline-block; background-color: #d9e0e7; padding: 6px; margin: 4px; border: 1px solid #8da1b4; border-radius: 5px; line-height: 60%"><p style="margin-bottom: 0px">Resource Observation &quot;RecordAxisCauseOfDeath-Example1&quot; </p><p style="margin-bottom: 0px">Profile: <a href="https://build.fhir.org/ig/HL7/vrdr//StructureDefinition-vrdr-record-axis-cause-of-death.html">Record Axis Cause Of Death</a></p></div><p><b>status</b>: final</p><p><b>code</b>: 80357-7 <span style="background: LightGoldenRodYellow; margin: 4px; border: 1px solid khaki"> (<a href="https://loinc.org/">LOINC</a>#80357-7)</span></p><p><b>subject</b>: <span>: NCHS generated</span></p><p><b>value</b>: Acute respiratory failure <span style="background: LightGoldenRodYellow; margin: 4px; border: 1px solid khaki"> (<a href="http://terminology.hl7.org/3.1.0/CodeSystem-icd10.html">ICD-10</a>#J96.0)</span></p><h3>Components</h3><table class="grid"><tr><td style="display: none">-</td><td><b>Code</b></td><td><b>Value[x]</b></td></tr><tr><td style="display: none">*</td><td>position <span style="background: LightGoldenRodYellow; margin: 4px; border: 1px solid khaki"> (<a href="https://build.fhir.org/ig/HL7/vrdr//CodeSystem-vrdr-component-cs.html">Local Component Codes</a>#position)</span></td><td>1</td></tr></table></div>
  </text>
  <status value="final"/>
  <code>
    <coding>
      <system value="http://loinc.org"/>
      <code value="80357-7"/>
    </coding>
  </code>
  <subject>
    <display value="NCHS generated"/>
  </subject>
  <valueCodeableConcept>
    <coding>
      <system value="http://hl7.org/fhir/sid/icd-10"/>
      <code value="J96.0"/>
    </coding>
  </valueCodeableConcept>
  <component>
    <code>
      <coding>
        <system value="http://hl7.org/fhir/us/vrdr/CodeSystem/vrdr-component-cs"/>
        <code value="position"/>
      </coding>
    </code>
    <valueInteger value="1"/>
  </component>
</Observation>