<?xml version="1.0" encoding="UTF-8"?>

<Observation xmlns="http://hl7.org/fhir">
  <id value="EmergingIssues-Example1"/>
  <meta>
    <profile value="http://hl7.org/fhir/us/vrdr/StructureDefinition/vrdr-emerging-issues"/>
  </meta>
  <text>
    <status value="generated"/><div xmlns="http://www.w3.org/1999/xhtml"><p><b>Generated Narrative: Observation</b><a name="EmergingIssues-Example1"> </a></p><div style="display: inline-block; background-color: #d9e0e7; padding: 6px; margin: 4px; border: 1px solid #8da1b4; border-radius: 5px; line-height: 60%"><p style="margin-bottom: 0px">Resource Observation &quot;EmergingIssues-Example1&quot; </p><p style="margin-bottom: 0px">Profile: <a href="https://build.fhir.org/ig/HL7/vrdr//StructureDefinition-vrdr-emerging-issues.html">Emerging Issues</a></p></div><p><b>status</b>: final</p><p><b>code</b>: Emerging Issues <span style="background: LightGoldenRodYellow; margin: 4px; border: 1px solid khaki"> (<a href="https://build.fhir.org/ig/HL7/vrdr//CodeSystem-vrdr-observations-cs.html">Local Observation Codes</a>#emergingissues)</span></p><p><b>subject</b>: <a href="Patient-Decedent-Example1.html">Patient/Decedent-Example1</a> &quot; PATEL&quot;</p><blockquote><p><b>component</b></p><p><b>code</b>: EmergingIssue1_1 <span style="background: LightGoldenRodYellow; margin: 4px; border: 1px solid khaki"> (<a href="https://build.fhir.org/ig/HL7/vrdr//CodeSystem-vrdr-component-cs.html">Local Component Codes</a>#EmergingIssue1_1)</span></p><p><b>value</b>: H</p></blockquote><blockquote><p><b>component</b></p><p><b>code</b>: EmergingIssue1_2 <span style="background: LightGoldenRodYellow; margin: 4px; border: 1px solid khaki"> (<a href="https://build.fhir.org/ig/HL7/vrdr//CodeSystem-vrdr-component-cs.html">Local Component Codes</a>#EmergingIssue1_2)</span></p><p><b>value</b>: I</p></blockquote><blockquote><p><b>component</b></p><p><b>code</b>: EmergingIssue8_1 <span style="background: LightGoldenRodYellow; margin: 4px; border: 1px solid khaki"> (<a href="https://build.fhir.org/ig/HL7/vrdr//CodeSystem-vrdr-component-cs.html">Local Component Codes</a>#EmergingIssue8_1)</span></p><p><b>value</b>: Hi 8_1</p></blockquote><blockquote><p><b>component</b></p><p><b>code</b>: EmergingIssue20 <span style="background: LightGoldenRodYellow; margin: 4px; border: 1px solid khaki"> (<a href="https://build.fhir.org/ig/HL7/vrdr//CodeSystem-vrdr-component-cs.html">Local Component Codes</a>#EmergingIssue20)</span></p><p><b>value</b>: Hi 20_1</p></blockquote></div>
  </text>
  <status value="final"/>
  <code>
    <coding>
      <system value="http://hl7.org/fhir/us/vrdr/CodeSystem/vrdr-observations-cs"/>
      <code value="emergingissues"/>
    </coding>
  </code>
  <subject>
    <reference value="Patient/Decedent-Example1"/>
  </subject>
  <component>
    <code>
      <coding>
        <system value="http://hl7.org/fhir/us/vrdr/CodeSystem/vrdr-component-cs"/>
        <code value="EmergingIssue1_1"/>
      </coding>
    </code>
    <valueString value="H"/>
  </component>
  <component>
    <code>
      <coding>
        <system value="http://hl7.org/fhir/us/vrdr/CodeSystem/vrdr-component-cs"/>
        <code value="EmergingIssue1_2"/>
      </coding>
    </code>
    <valueString value="I"/>
  </component>
  <component>
    <code>
      <coding>
        <system value="http://hl7.org/fhir/us/vrdr/CodeSystem/vrdr-component-cs"/>
        <code value="EmergingIssue8_1"/>
      </coding>
    </code>
    <valueString value="Hi 8_1"/>
  </component>
  <component>
    <code>
      <coding>
        <system value="http://hl7.org/fhir/us/vrdr/CodeSystem/vrdr-component-cs"/>
        <code value="EmergingIssue20"/>
      </coding>
    </code>
    <valueString value="Hi 20_1"/>
  </component>
</Observation>