<?xml version="1.0" encoding="UTF-8"?>

<Observation xmlns="http://hl7.org/fhir">
  <id value="InputRaceAndEthnicity-Example1"/>
  <meta>
    <profile value="http://hl7.org/fhir/us/vrdr/StructureDefinition/vrdr-input-race-and-ethnicity"/>
  </meta>
  <text>
    <status value="generated"/><div xmlns="http://www.w3.org/1999/xhtml"><p><b>Generated Narrative: Observation</b><a name="InputRaceAndEthnicity-Example1"> </a></p><div style="display: inline-block; background-color: #d9e0e7; padding: 6px; margin: 4px; border: 1px solid #8da1b4; border-radius: 5px; line-height: 60%"><p style="margin-bottom: 0px">Resource Observation &quot;InputRaceAndEthnicity-Example1&quot; </p><p style="margin-bottom: 0px">Profile: <a href="https://build.fhir.org/ig/HL7/vrdr//StructureDefinition-vrdr-input-race-and-ethnicity.html">Input Race and Ethnicity</a></p></div><p><b>status</b>: final</p><p><b>code</b>: Race and Ethnicity Data submitted by Jurisdictions to NCHS <span style="background: LightGoldenRodYellow; margin: 4px; border: 1px solid khaki"> (<a href="https://build.fhir.org/ig/HL7/vrdr//CodeSystem-vrdr-observations-cs.html">Local Observation Codes</a>#inputraceandethnicity)</span></p><p><b>subject</b>: <span>: NCHS generated</span></p><blockquote><p><b>component</b></p><p><b>code</b>: White <span style="background: LightGoldenRodYellow; margin: 4px; border: 1px solid khaki"> (<a href="https://build.fhir.org/ig/HL7/vrdr//CodeSystem-vrdr-component-cs.html">Local Component Codes</a>#White)</span></p><p><b>value</b>: true</p></blockquote><blockquote><p><b>component</b></p><p><b>code</b>: Black Or African American <span style="background: LightGoldenRodYellow; margin: 4px; border: 1px solid khaki"> (<a href="https://build.fhir.org/ig/HL7/vrdr//CodeSystem-vrdr-component-cs.html">Local Component Codes</a>#BlackOrAfricanAmerican)</span></p><p><b>value</b>: false</p></blockquote><blockquote><p><b>component</b></p><p><b>code</b>: American Indian Or Alaska Native <span style="background: LightGoldenRodYellow; margin: 4px; border: 1px solid khaki"> (<a href="https://build.fhir.org/ig/HL7/vrdr//CodeSystem-vrdr-component-cs.html">Local Component Codes</a>#AmericanIndianOrAlaskanNative)</span></p><p><b>value</b>: true</p></blockquote><blockquote><p><b>component</b></p><p><b>code</b>: Asian Indian <span style="background: LightGoldenRodYellow; margin: 4px; border: 1px solid khaki"> (<a href="https://build.fhir.org/ig/HL7/vrdr//CodeSystem-vrdr-component-cs.html">Local Component Codes</a>#AsianIndian)</span></p><p><b>value</b>: false</p></blockquote><blockquote><p><b>component</b></p><p><b>code</b>: Chinese <span style="background: LightGoldenRodYellow; margin: 4px; border: 1px solid khaki"> (<a href="https://build.fhir.org/ig/HL7/vrdr//CodeSystem-vrdr-component-cs.html">Local Component Codes</a>#Chinese)</span></p><p><b>value</b>: false</p></blockquote><blockquote><p><b>component</b></p><p><b>code</b>: Filipino <span style="background: LightGoldenRodYellow; margin: 4px; border: 1px solid khaki"> (<a href="https://build.fhir.org/ig/HL7/vrdr//CodeSystem-vrdr-component-cs.html">Local Component Codes</a>#Filipino)</span></p><p><b>value</b>: false</p></blockquote><blockquote><p><b>component</b></p><p><b>code</b>: Japanese <span style="background: LightGoldenRodYellow; margin: 4px; border: 1px solid khaki"> (<a href="https://build.fhir.org/ig/HL7/vrdr//CodeSystem-vrdr-component-cs.html">Local Component Codes</a>#Japanese)</span></p><p><b>value</b>: false</p></blockquote><blockquote><p><b>component</b></p><p><b>code</b>: Korean <span style="background: LightGoldenRodYellow; margin: 4px; border: 1px solid khaki"> (<a href="https://build.fhir.org/ig/HL7/vrdr//CodeSystem-vrdr-component-cs.html">Local Component Codes</a>#Korean)</span></p><p><b>value</b>: false</p></blockquote><blockquote><p><b>component</b></p><p><b>code</b>: Vietnamese <span style="background: LightGoldenRodYellow; margin: 4px; border: 1px solid khaki"> (<a href="https://build.fhir.org/ig/HL7/vrdr//CodeSystem-vrdr-component-cs.html">Local Component Codes</a>#Vietnamese)</span></p><p><b>value</b>: false</p></blockquote><blockquote><p><b>component</b></p><p><b>code</b>: Other Asian <span style="background: LightGoldenRodYellow; margin: 4px; border: 1px solid khaki"> (<a href="https://build.fhir.org/ig/HL7/vrdr//CodeSystem-vrdr-component-cs.html">Local Component Codes</a>#OtherAsian)</span></p><p><b>value</b>: true</p></blockquote><blockquote><p><b>component</b></p><p><b>code</b>: Native Hawaiian <span style="background: LightGoldenRodYellow; margin: 4px; border: 1px solid khaki"> (<a href="https://build.fhir.org/ig/HL7/vrdr//CodeSystem-vrdr-component-cs.html">Local Component Codes</a>#NativeHawaiian)</span></p><p><b>value</b>: false</p></blockquote><blockquote><p><b>component</b></p><p><b>code</b>: Guamanian Or Chamorro <span style="background: LightGoldenRodYellow; margin: 4px; border: 1px solid khaki"> (<a href="https://build.fhir.org/ig/HL7/vrdr//CodeSystem-vrdr-component-cs.html">Local Component Codes</a>#GuamanianOrChamorro)</span></p><p><b>value</b>: false</p></blockquote><blockquote><p><b>component</b></p><p><b>code</b>: Samoan <span style="background: LightGoldenRodYellow; margin: 4px; border: 1px solid khaki"> (<a href="https://build.fhir.org/ig/HL7/vrdr//CodeSystem-vrdr-component-cs.html">Local Component Codes</a>#Samoan)</span></p><p><b>value</b>: false</p></blockquote><blockquote><p><b>component</b></p><p><b>code</b>: Other Pacific Islander <span style="background: LightGoldenRodYellow; margin: 4px; border: 1px solid khaki"> (<a href="https://build.fhir.org/ig/HL7/vrdr//CodeSystem-vrdr-component-cs.html">Local Component Codes</a>#OtherPacificIslander)</span></p><p><b>value</b>: false</p></blockquote><blockquote><p><b>component</b></p><p><b>code</b>: Other Race <span style="background: LightGoldenRodYellow; margin: 4px; border: 1px solid khaki"> (<a href="https://build.fhir.org/ig/HL7/vrdr//CodeSystem-vrdr-component-cs.html">Local Component Codes</a>#OtherRace)</span></p><p><b>value</b>: false</p></blockquote><blockquote><p><b>component</b></p><p><b>code</b>: First Other Asian Literal <span style="background: LightGoldenRodYellow; margin: 4px; border: 1px solid khaki"> (<a href="https://build.fhir.org/ig/HL7/vrdr//CodeSystem-vrdr-component-cs.html">Local Component Codes</a>#FirstOtherAsianLiteral)</span></p><p><b>value</b>: Malaysian</p></blockquote><blockquote><p><b>component</b></p><p><b>code</b>: First American Indian Or Alaska Native Literal <span style="background: LightGoldenRodYellow; margin: 4px; border: 1px solid khaki"> (<a href="https://build.fhir.org/ig/HL7/vrdr//CodeSystem-vrdr-component-cs.html">Local Component Codes</a>#FirstAmericanIndianOrAlaskanNativeLiteral)</span></p><p><b>value</b>: Arikara</p></blockquote><blockquote><p><b>component</b></p><p><b>code</b>: Hispanic Mexican <span style="background: LightGoldenRodYellow; margin: 4px; border: 1px solid khaki"> (<a href="https://build.fhir.org/ig/HL7/vrdr//CodeSystem-vrdr-component-cs.html">Local Component Codes</a>#HispanicMexican)</span></p><p><b>value</b>: Yes <span style="background: LightGoldenRodYellow; margin: 4px; border: 1px solid khaki"> (<a href="http://hl7.org/fhir/R4/v2/0136/index.html">v2 Y/N Indicator</a>#Y)</span></p></blockquote><blockquote><p><b>component</b></p><p><b>code</b>: Hispanic Cuban <span style="background: LightGoldenRodYellow; margin: 4px; border: 1px solid khaki"> (<a href="https://build.fhir.org/ig/HL7/vrdr//CodeSystem-vrdr-component-cs.html">Local Component Codes</a>#HispanicCuban)</span></p><p><b>value</b>: Yes <span style="background: LightGoldenRodYellow; margin: 4px; border: 1px solid khaki"> (<a href="http://hl7.org/fhir/R4/v2/0136/index.html">v2 Y/N Indicator</a>#Y)</span></p></blockquote><blockquote><p><b>component</b></p><p><b>code</b>: Hispanic Puerto Rican <span style="background: LightGoldenRodYellow; margin: 4px; border: 1px solid khaki"> (<a href="https://build.fhir.org/ig/HL7/vrdr//CodeSystem-vrdr-component-cs.html">Local Component Codes</a>#HispanicPuertoRican)</span></p><p><b>value</b>: Yes <span style="background: LightGoldenRodYellow; margin: 4px; border: 1px solid khaki"> (<a href="http://hl7.org/fhir/R4/v2/0136/index.html">v2 Y/N Indicator</a>#Y)</span></p></blockquote><blockquote><p><b>component</b></p><p><b>code</b>: Hispanic Other <span style="background: LightGoldenRodYellow; margin: 4px; border: 1px solid khaki"> (<a href="https://build.fhir.org/ig/HL7/vrdr//CodeSystem-vrdr-component-cs.html">Local Component Codes</a>#HispanicOther)</span></p><p><b>value</b>: No <span style="background: LightGoldenRodYellow; margin: 4px; border: 1px solid khaki"> (<a href="http://hl7.org/fhir/R4/v2/0136/index.html">v2 Y/N Indicator</a>#N)</span></p></blockquote></div>
  </text>
  <status value="final"/>
  <code>
    <coding>
      <system value="http://hl7.org/fhir/us/vrdr/CodeSystem/vrdr-observations-cs"/>
      <code value="inputraceandethnicity"/>
    </coding>
  </code>
  <subject>
    <display value="NCHS generated"/>
  </subject>
  <component>
    <code>
      <coding>
        <system value="http://hl7.org/fhir/us/vrdr/CodeSystem/vrdr-component-cs"/>
        <code value="White"/>
      </coding>
    </code>
    <valueBoolean value="true"/>
  </component>
  <component>
    <code>
      <coding>
        <system value="http://hl7.org/fhir/us/vrdr/CodeSystem/vrdr-component-cs"/>
        <code value="BlackOrAfricanAmerican"/>
      </coding>
    </code>
    <valueBoolean value="false"/>
  </component>
  <component>
    <code>
      <coding>
        <system value="http://hl7.org/fhir/us/vrdr/CodeSystem/vrdr-component-cs"/>
        <code value="AmericanIndianOrAlaskanNative"/>
      </coding>
    </code>
    <valueBoolean value="true"/>
  </component>
  <component>
    <code>
      <coding>
        <system value="http://hl7.org/fhir/us/vrdr/CodeSystem/vrdr-component-cs"/>
        <code value="AsianIndian"/>
      </coding>
    </code>
    <valueBoolean value="false"/>
  </component>
  <component>
    <code>
      <coding>
        <system value="http://hl7.org/fhir/us/vrdr/CodeSystem/vrdr-component-cs"/>
        <code value="Chinese"/>
      </coding>
    </code>
    <valueBoolean value="false"/>
  </component>
  <component>
    <code>
      <coding>
        <system value="http://hl7.org/fhir/us/vrdr/CodeSystem/vrdr-component-cs"/>
        <code value="Filipino"/>
      </coding>
    </code>
    <valueBoolean value="false"/>
  </component>
  <component>
    <code>
      <coding>
        <system value="http://hl7.org/fhir/us/vrdr/CodeSystem/vrdr-component-cs"/>
        <code value="Japanese"/>
      </coding>
    </code>
    <valueBoolean value="false"/>
  </component>
  <component>
    <code>
      <coding>
        <system value="http://hl7.org/fhir/us/vrdr/CodeSystem/vrdr-component-cs"/>
        <code value="Korean"/>
      </coding>
    </code>
    <valueBoolean value="false"/>
  </component>
  <component>
    <code>
      <coding>
        <system value="http://hl7.org/fhir/us/vrdr/CodeSystem/vrdr-component-cs"/>
        <code value="Vietnamese"/>
      </coding>
    </code>
    <valueBoolean value="false"/>
  </component>
  <component>
    <code>
      <coding>
        <system value="http://hl7.org/fhir/us/vrdr/CodeSystem/vrdr-component-cs"/>
        <code value="OtherAsian"/>
      </coding>
    </code>
    <valueBoolean value="true"/>
  </component>
  <component>
    <code>
      <coding>
        <system value="http://hl7.org/fhir/us/vrdr/CodeSystem/vrdr-component-cs"/>
        <code value="NativeHawaiian"/>
      </coding>
    </code>
    <valueBoolean value="false"/>
  </component>
  <component>
    <code>
      <coding>
        <system value="http://hl7.org/fhir/us/vrdr/CodeSystem/vrdr-component-cs"/>
        <code value="GuamanianOrChamorro"/>
      </coding>
    </code>
    <valueBoolean value="false"/>
  </component>
  <component>
    <code>
      <coding>
        <system value="http://hl7.org/fhir/us/vrdr/CodeSystem/vrdr-component-cs"/>
        <code value="Samoan"/>
      </coding>
    </code>
    <valueBoolean value="false"/>
  </component>
  <component>
    <code>
      <coding>
        <system value="http://hl7.org/fhir/us/vrdr/CodeSystem/vrdr-component-cs"/>
        <code value="OtherPacificIslander"/>
      </coding>
    </code>
    <valueBoolean value="false"/>
  </component>
  <component>
    <code>
      <coding>
        <system value="http://hl7.org/fhir/us/vrdr/CodeSystem/vrdr-component-cs"/>
        <code value="OtherRace"/>
      </coding>
    </code>
    <valueBoolean value="false"/>
  </component>
  <component>
    <code>
      <coding>
        <system value="http://hl7.org/fhir/us/vrdr/CodeSystem/vrdr-component-cs"/>
        <code value="FirstOtherAsianLiteral"/>
      </coding>
    </code>
    <valueString value="Malaysian"/>
  </component>
  <component>
    <code>
      <coding>
        <system value="http://hl7.org/fhir/us/vrdr/CodeSystem/vrdr-component-cs"/>
        <code value="FirstAmericanIndianOrAlaskanNativeLiteral"/>
      </coding>
    </code>
    <valueString value="Arikara"/>
  </component>
  <component>
    <code>
      <coding>
        <system value="http://hl7.org/fhir/us/vrdr/CodeSystem/vrdr-component-cs"/>
        <code value="HispanicMexican"/>
      </coding>
    </code>
    <valueCodeableConcept>
      <coding>
        <system value="http://terminology.hl7.org/CodeSystem/v2-0136"/>
        <code value="Y"/>
        <display value="Yes"/>
      </coding>
    </valueCodeableConcept>
  </component>
  <component>
    <code>
      <coding>
        <system value="http://hl7.org/fhir/us/vrdr/CodeSystem/vrdr-component-cs"/>
        <code value="HispanicCuban"/>
      </coding>
    </code>
    <valueCodeableConcept>
      <coding>
        <system value="http://terminology.hl7.org/CodeSystem/v2-0136"/>
        <code value="Y"/>
        <display value="Yes"/>
      </coding>
    </valueCodeableConcept>
  </component>
  <component>
    <code>
      <coding>
        <system value="http://hl7.org/fhir/us/vrdr/CodeSystem/vrdr-component-cs"/>
        <code value="HispanicPuertoRican"/>
      </coding>
    </code>
    <valueCodeableConcept>
      <coding>
        <system value="http://terminology.hl7.org/CodeSystem/v2-0136"/>
        <code value="Y"/>
        <display value="Yes"/>
      </coding>
    </valueCodeableConcept>
  </component>
  <component>
    <code>
      <coding>
        <system value="http://hl7.org/fhir/us/vrdr/CodeSystem/vrdr-component-cs"/>
        <code value="HispanicOther"/>
      </coding>
    </code>
    <valueCodeableConcept>
      <coding>
        <system value="http://terminology.hl7.org/CodeSystem/v2-0136"/>
        <code value="N"/>
        <display value="No"/>
      </coding>
    </valueCodeableConcept>
  </component>
</Observation>