<?xml version="1.0" encoding="UTF-8"?>

<Procedure xmlns="http://hl7.org/fhir">
  <id value="DeathCertification-Example2"/>
  <meta>
    <profile value="http://hl7.org/fhir/us/vrdr/StructureDefinition/vrdr-death-certification"/>
  </meta>
  <text>
    <status value="generated"/><div xmlns="http://www.w3.org/1999/xhtml"><p><b>Generated Narrative: Procedure</b><a name="DeathCertification-Example2"> </a></p><div style="display: inline-block; background-color: #d9e0e7; padding: 6px; margin: 4px; border: 1px solid #8da1b4; border-radius: 5px; line-height: 60%"><p style="margin-bottom: 0px">Resource Procedure &quot;DeathCertification-Example2&quot; </p><p style="margin-bottom: 0px">Profile: <a href="https://build.fhir.org/ig/HL7/vrdr//StructureDefinition-vrdr-death-certification.html">Death Certification Procedure</a></p></div><p><b>identifier</b>: id: 180</p><p><b>status</b>: completed</p><p><b>category</b>: Diagnostic procedure <span style="background: LightGoldenRodYellow; margin: 4px; border: 1px solid khaki"> (<a href="https://browser.ihtsdotools.org/">SNOMED CT</a>#103693007)</span></p><p><b>code</b>: Death certification <span style="background: LightGoldenRodYellow; margin: 4px; border: 1px solid khaki"> (<a href="https://browser.ihtsdotools.org/">SNOMED CT</a>#308646001)</span></p><p><b>subject</b>: <a href="Patient-Decedent-Example1.html">Patient/Decedent-Example1</a> &quot; PATEL&quot;</p><p><b>performed</b>: 2020-11-14 16:39:40-0500</p><h3>Performers</h3><table class="grid"><tr><td style="display: none">-</td><td><b>Function</b></td><td><b>Actor</b></td></tr><tr><td style="display: none">*</td><td>Death certification and verification by physician <span style="background: LightGoldenRodYellow; margin: 4px; border: 1px solid khaki"> (<a href="https://browser.ihtsdotools.org/">SNOMED CT</a>#434641000124105)</span></td><td><a href="Practitioner-Certifier-Example1.html">Practitioner/Certifier-Example1</a> &quot; BLACK&quot;</td></tr></table></div>
  </text>
  <identifier>
    <value value="180"/>
  </identifier>
  <status value="completed"/>
  <category>
    <coding>
      <system value="http://snomed.info/sct"/>
      <code value="103693007"/>
      <display value="Diagnostic procedure"/>
    </coding>
  </category>
  <code>
    <coding>
      <system value="http://snomed.info/sct"/>
      <code value="308646001"/>
      <display value="Death certification"/>
    </coding>
  </code>
  <subject>
    <reference value="Patient/Decedent-Example1"/>
  </subject>
  <performedDateTime value="2020-11-14T16:39:40-05:00"/>
  <performer>
    <function>
      <coding>
        <system value="http://snomed.info/sct"/>
        <code value="434641000124105"/>
        <display value="Death certification and verification by physician"/>
      </coding>
    </function>
    <actor>
      <reference value="Practitioner/Certifier-Example1"/>
    </actor>
  </performer>
</Procedure>