<?xml version="1.0" encoding="UTF-8"?>

<RelatedPerson xmlns="http://hl7.org/fhir">
  <id value="DecedentFather-Example1"/>
  <meta>
    <profile value="http://hl7.org/fhir/us/vrdr/StructureDefinition/vrdr-decedent-father"/>
  </meta>
  <text>
    <status value="generated"/><div xmlns="http://www.w3.org/1999/xhtml"><p><b>Generated Narrative: RelatedPerson</b><a name="DecedentFather-Example1"> </a></p><div style="display: inline-block; background-color: #d9e0e7; padding: 6px; margin: 4px; border: 1px solid #8da1b4; border-radius: 5px; line-height: 60%"><p style="margin-bottom: 0px">Resource RelatedPerson &quot;DecedentFather-Example1&quot; </p><p style="margin-bottom: 0px">Profile: <a href="https://build.fhir.org/ig/HL7/vrdr//StructureDefinition-vrdr-decedent-father.html">Decedent Father</a></p></div><p><b>active</b>: true</p><p><b>patient</b>: <a href="Patient-Decedent-Example1.html">Patient/Decedent-Example1</a> &quot; PATEL&quot;</p><p><b>relationship</b>: father <span style="background: LightGoldenRodYellow; margin: 4px; border: 1px solid khaki"> (<a href="http://terminology.hl7.org/3.1.0/CodeSystem-v3-RoleCode.html">RoleCode</a>#FTH)</span></p><p><b>name</b>: Decedent Dad(OFFICIAL)</p></div>
  </text>
  <active value="true"/>
  <patient>
    <reference value="Patient/Decedent-Example1"/>
  </patient>
  <relationship>
    <coding>
      <system value="http://terminology.hl7.org/CodeSystem/v3-RoleCode"/>
      <code value="FTH"/>
    </coding>
  </relationship>
  <name>
    <use value="official"/>
    <text value="Decedent Dad"/>
    <family value="Smith"/>
    <given value="John"/>
    <suffix value="Sr"/>
  </name>
</RelatedPerson>