<?xml version="1.0" encoding="UTF-8"?>

<Bundle xmlns="http://hl7.org/fhir">
  <id value="StatusMessage-Example1"/>
  <meta>
    <profile value="http://cdc.gov/nchs/nvss/fhir/vital-records-messaging/StructureDefinition/VRM-StatusMessage"/>
  </meta>
  <type value="message"/>
  <timestamp value="2021-05-20T00:00:00Z"/>
  <entry>
    <fullUrl value="http://www.example.org/fhir/Header/StatusHeader-Example1"/>
    <resource>
      <MessageHeader>
        <id value="StatusHeader-Example1"/>
        <meta>
          <profile value="http://cdc.gov/nchs/nvss/fhir/vital-records-messaging/StructureDefinition/VRM-StatusHeader"/>
        </meta>
        <text>
          <status value="generated"/><div xmlns="http://www.w3.org/1999/xhtml"><p><b>Generated Narrative: MessageHeader</b><a name="StatusHeader-Example1"> </a></p><div style="display: inline-block; background-color: #d9e0e7; padding: 6px; margin: 4px; border: 1px solid #8da1b4; border-radius: 5px; line-height: 60%"><p style="margin-bottom: 0px">Resource MessageHeader &quot;StatusHeader-Example1&quot; </p><p style="margin-bottom: 0px">Profile: <a href="StructureDefinition-VRM-StatusHeader.html">Status Header</a></p></div><p><b>event</b>: <a href="http://nchs.cdc.gov/vrdr_status">http://nchs.cdc.gov/vrdr_status</a></p><h3>Destinations</h3><table class="grid"><tr><td style="display: none">-</td><td><b>Endpoint</b></td></tr><tr><td style="display: none">*</td><td><a href="http://nchs.cdc.gov/vrdr_status">http://nchs.cdc.gov/vrdr_status</a></td></tr></table><h3>Sources</h3><table class="grid"><tr><td style="display: none">-</td><td><b>Endpoint</b></td></tr><tr><td style="display: none">*</td><td><a href="https://sos.ny.gov/vitalrecords">https://sos.ny.gov/vitalrecords</a></td></tr></table><h3>Responses</h3><table class="grid"><tr><td style="display: none">-</td><td><b>Identifier</b></td><td><b>Code</b></td></tr><tr><td style="display: none">*</td><td>SubmissionHeader-Example1</td><td>ok</td></tr></table><p><b>focus</b>: <a href="#Parameters_StatusParameters-Example1">See above (http://www.example.org/fhir/Parameters/StatusParameters-Example1)</a></p></div>
        </text>
        <eventUri value="http://nchs.cdc.gov/vrdr_status"/>
        <destination>
          <endpoint value="http://nchs.cdc.gov/vrdr_status"/>
        </destination>
        <source>
          <endpoint value="https://sos.ny.gov/vitalrecords"/>
        </source>
        <response>
          <identifier value="SubmissionHeader-Example1"/>
          <code value="ok"/>
        </response>
        <focus>
          <reference value="http://www.example.org/fhir/Parameters/StatusParameters-Example1"/>
        </focus>
      </MessageHeader>
    </resource>
  </entry>
  <entry>
    <fullUrl value="http://www.example.org/fhir/Parameters/StatusParameters-Example1"/>
    <resource>
      <Parameters>
        <id value="StatusParameters-Example1"/>
        <meta>
          <profile value="http://cdc.gov/nchs/nvss/fhir/vital-records-messaging/StructureDefinition/VRM-StatusParameters"/>
        </meta>
        <parameter>
          <name value="status"/>
          <valueString value="manualCauseOfDeathCoding"/>
        </parameter>
        <parameter>
          <name value="jurisdiction_id"/>
          <valueString value="NY"/>
        </parameter>
        <parameter>
          <name value="cert_no"/>
          <valueUnsignedInt value="123456"/>
        </parameter>
        <parameter>
          <name value="death_year"/>
          <valueUnsignedInt value="2018"/>
        </parameter>
        <parameter>
          <name value="state_auxiliary_id"/>
          <valueString value="abcdef10"/>
        </parameter>
      </Parameters>
    </resource>
  </entry>
</Bundle>