<?xml version="1.0" encoding="UTF-8"?>

<Bundle xmlns="http://hl7.org/fhir">
  <id value="DemographicCodedContentBundle-Example1"/>
  <meta>
    <profile value="http://hl7.org/fhir/us/vrdr/StructureDefinition/vrdr-demographic-coded-bundle"/>
  </meta>
  <identifier>
    <extension url="http://hl7.org/fhir/us/vrdr/StructureDefinition/CertificateNumber">
      <valueString value="000182"/>
    </extension>
    <extension url="http://hl7.org/fhir/us/vrdr/StructureDefinition/AuxiliaryStateIdentifier1">
      <valueString value="000000000001"/>
    </extension>
    <extension url="http://hl7.org/fhir/us/vrdr/StructureDefinition/AuxiliaryStateIdentifier2">
      <valueString value="100000000001"/>
    </extension>
    <system value="http://nchs.cdc.gov/vrdr_id"/>
    <value value="2020NY000182"/>
  </identifier>
  <type value="collection"/>
  <timestamp value="2020-10-20T14:48:35.401641-04:00"/>
</Bundle>