{"resourceType":"ImplementationGuide","id":"vital-records-fhir-messaging","text":{"status":"extensions","div":"<div xmlns=\"http://www.w3.org/1999/xhtml\"><h2>VitalRecordsFHIRMessagingIG</h2><p>The official URL for this implementation guide is: </p><pre>http://cdc.gov/nchs/nvss/fhir/vital-records-messaging/ImplementationGuide/vital-records-fhir-messaging</pre></div>"},"url":"http://cdc.gov/nchs/nvss/fhir/vital-records-messaging/ImplementationGuide/vital-records-fhir-messaging","version":"1.0.1","name":"VitalRecordsFHIRMessagingIG","title":"Vital Records FHIR Messaging (VRFM) IG","status":"draft","date":"2023-12-28T14:40:35-05:00","publisher":"CDC NCHS","contact":[{"name":"CDC NCHS","telecom":[{"system":"url","value":"http://cdc.gov/nchs"}]}],"packageId":"vital-records-fhir-messaging","license":"CC0-1.0","fhirVersion":["4.0.1"],"dependsOn":[{"id":"hl7tx","extension":[{"url":"http://hl7.org/fhir/tools/StructureDefinition/implementationguide-dependency-comment","valueMarkdown":"Automatically added as a dependency - all IGs depend on HL7 Terminology"}],"uri":"http://terminology.hl7.org/ImplementationGuide/hl7.terminology","packageId":"hl7.terminology.r4","version":"5.3.0"},{"id":"hl7ext","extension":[{"url":"http://hl7.org/fhir/tools/StructureDefinition/implementationguide-dependency-comment","valueMarkdown":"Automatically added as a dependency - all IGs depend on the HL7 Extension Pack"}],"uri":"http://hl7.org/fhir/extensions/ImplementationGuide/hl7.fhir.uv.extensions","packageId":"hl7.fhir.uv.extensions.r4","version":"1.0.0"},{"id":"hl7_fhir_us_core","uri":"http://hl7.org/fhir/us/core/ImplementationGuide/hl7.fhir.us.core","packageId":"hl7.fhir.us.core","version":"5.0.1"},{"id":"hl7_fhir_us_vrdr","uri":"http://hl7.org/fhir/us/vrdr/ImplementationGuide/hl7.fhir.us.vrdr","packageId":"hl7.fhir.us.vrdr","version":"2.2.0"}],"definition":{"extension":[{"extension":[{"url":"code","valueString":"copyrightyear"},{"url":"value","valueString":"2022+"}],"url":"http://hl7.org/fhir/tools/StructureDefinition/ig-parameter"},{"extension":[{"url":"code","valueString":"releaselabel"},{"url":"value","valueString":"release"}],"url":"http://hl7.org/fhir/tools/StructureDefinition/ig-parameter"},{"extension":[{"url":"code","valueString":"show-inherited-invariants"},{"url":"value","valueString":"false"}],"url":"http://hl7.org/fhir/tools/StructureDefinition/ig-parameter"},{"extension":[{"url":"code","valueString":"version-comparison"},{"url":"value","valueString":"n/a"}],"url":"http://hl7.org/fhir/tools/StructureDefinition/ig-parameter"},{"extension":[{"url":"code","valueString":"path-expansion-params"},{"url":"value","valueString":"../../exp-params.json"}],"url":"http://hl7.org/fhir/tools/StructureDefinition/ig-parameter"},{"extension":[{"url":"code","valueString":"autoload-resources"},{"url":"value","valueString":"true"}],"url":"http://hl7.org/fhir/tools/StructureDefinition/ig-parameter"},{"extension":[{"url":"code","valueString":"path-liquid"},{"url":"value","valueString":"template/liquid"}],"url":"http://hl7.org/fhir/tools/StructureDefinition/ig-parameter"},{"extension":[{"url":"code","valueString":"path-liquid"},{"url":"value","valueString":"input/liquid"}],"url":"http://hl7.org/fhir/tools/StructureDefinition/ig-parameter"},{"extension":[{"url":"code","valueString":"path-qa"},{"url":"value","valueString":"temp/qa"}],"url":"http://hl7.org/fhir/tools/StructureDefinition/ig-parameter"},{"extension":[{"url":"code","valueString":"path-temp"},{"url":"value","valueString":"temp/pages"}],"url":"http://hl7.org/fhir/tools/StructureDefinition/ig-parameter"},{"extension":[{"url":"code","valueString":"path-output"},{"url":"value","valueString":"output"}],"url":"http://hl7.org/fhir/tools/StructureDefinition/ig-parameter"},{"extension":[{"url":"code","valueString":"path-suppressed-warnings"},{"url":"value","valueString":"input/ignoreWarnings.txt"}],"url":"http://hl7.org/fhir/tools/StructureDefinition/ig-parameter"},{"extension":[{"url":"code","valueString":"path-history"},{"url":"value","valueString":"http://cdc.gov/nchs/nvss/fhir/vital-records-messaging/history.html"}],"url":"http://hl7.org/fhir/tools/StructureDefinition/ig-parameter"},{"extension":[{"url":"code","valueString":"template-html"},{"url":"value","valueString":"template-page.html"}],"url":"http://hl7.org/fhir/tools/StructureDefinition/ig-parameter"},{"extension":[{"url":"code","valueString":"template-md"},{"url":"value","valueString":"template-page-md.html"}],"url":"http://hl7.org/fhir/tools/StructureDefinition/ig-parameter"},{"extension":[{"url":"code","valueString":"apply-contact"},{"url":"value","valueString":"true"}],"url":"http://hl7.org/fhir/tools/StructureDefinition/ig-parameter"},{"extension":[{"url":"code","valueString":"apply-context"},{"url":"value","valueString":"true"}],"url":"http://hl7.org/fhir/tools/StructureDefinition/ig-parameter"},{"extension":[{"url":"code","valueString":"apply-copyright"},{"url":"value","valueString":"true"}],"url":"http://hl7.org/fhir/tools/StructureDefinition/ig-parameter"},{"extension":[{"url":"code","valueString":"apply-jurisdiction"},{"url":"value","valueString":"true"}],"url":"http://hl7.org/fhir/tools/StructureDefinition/ig-parameter"},{"extension":[{"url":"code","valueString":"apply-license"},{"url":"value","valueString":"true"}],"url":"http://hl7.org/fhir/tools/StructureDefinition/ig-parameter"},{"extension":[{"url":"code","valueString":"apply-publisher"},{"url":"value","valueString":"true"}],"url":"http://hl7.org/fhir/tools/StructureDefinition/ig-parameter"},{"extension":[{"url":"code","valueString":"apply-version"},{"url":"value","valueString":"true"}],"url":"http://hl7.org/fhir/tools/StructureDefinition/ig-parameter"},{"extension":[{"url":"code","valueString":"apply-wg"},{"url":"value","valueString":"true"}],"url":"http://hl7.org/fhir/tools/StructureDefinition/ig-parameter"},{"extension":[{"url":"code","valueString":"active-tables"},{"url":"value","valueString":"true"}],"url":"http://hl7.org/fhir/tools/StructureDefinition/ig-parameter"},{"extension":[{"url":"code","valueString":"fmm-definition"},{"url":"value","valueString":"http://hl7.org/fhir/versions.html#maturity"}],"url":"http://hl7.org/fhir/tools/StructureDefinition/ig-parameter"},{"extension":[{"url":"code","valueString":"propagate-status"},{"url":"value","valueString":"true"}],"url":"http://hl7.org/fhir/tools/StructureDefinition/ig-parameter"},{"extension":[{"url":"code","valueString":"excludelogbinaryformat"},{"url":"value","valueString":"true"}],"url":"http://hl7.org/fhir/tools/StructureDefinition/ig-parameter"},{"extension":[{"url":"code","valueString":"tabbed-snapshots"},{"url":"value","valueString":"true"}],"url":"http://hl7.org/fhir/tools/StructureDefinition/ig-parameter"},{"url":"http://hl7.org/fhir/tools/StructureDefinition/ig-internal-dependency","valueCode":"hl7.fhir.uv.tools#current"},{"extension":[{"url":"code","valueCode":"copyrightyear"},{"url":"value","valueString":"2022+"}],"url":"http://hl7.org/fhir/tools/StructureDefinition/ig-parameter"},{"extension":[{"url":"code","valueCode":"releaselabel"},{"url":"value","valueString":"release"}],"url":"http://hl7.org/fhir/tools/StructureDefinition/ig-parameter"},{"extension":[{"url":"code","valueCode":"show-inherited-invariants"},{"url":"value","valueString":"false"}],"url":"http://hl7.org/fhir/tools/StructureDefinition/ig-parameter"},{"extension":[{"url":"code","valueCode":"version-comparison"},{"url":"value","valueString":"n/a"}],"url":"http://hl7.org/fhir/tools/StructureDefinition/ig-parameter"},{"extension":[{"url":"code","valueCode":"path-expansion-params"},{"url":"value","valueString":"../../exp-params.json"}],"url":"http://hl7.org/fhir/tools/StructureDefinition/ig-parameter"},{"extension":[{"url":"code","valueCode":"autoload-resources"},{"url":"value","valueString":"true"}],"url":"http://hl7.org/fhir/tools/StructureDefinition/ig-parameter"},{"extension":[{"url":"code","valueCode":"path-liquid"},{"url":"value","valueString":"template/liquid"}],"url":"http://hl7.org/fhir/tools/StructureDefinition/ig-parameter"},{"extension":[{"url":"code","valueCode":"path-liquid"},{"url":"value","valueString":"input/liquid"}],"url":"http://hl7.org/fhir/tools/StructureDefinition/ig-parameter"},{"extension":[{"url":"code","valueCode":"path-qa"},{"url":"value","valueString":"temp/qa"}],"url":"http://hl7.org/fhir/tools/StructureDefinition/ig-parameter"},{"extension":[{"url":"code","valueCode":"path-temp"},{"url":"value","valueString":"temp/pages"}],"url":"http://hl7.org/fhir/tools/StructureDefinition/ig-parameter"},{"extension":[{"url":"code","valueCode":"path-output"},{"url":"value","valueString":"output"}],"url":"http://hl7.org/fhir/tools/StructureDefinition/ig-parameter"},{"extension":[{"url":"code","valueCode":"path-suppressed-warnings"},{"url":"value","valueString":"input/ignoreWarnings.txt"}],"url":"http://hl7.org/fhir/tools/StructureDefinition/ig-parameter"},{"extension":[{"url":"code","valueCode":"path-history"},{"url":"value","valueString":"http://cdc.gov/nchs/nvss/fhir/vital-records-messaging/history.html"}],"url":"http://hl7.org/fhir/tools/StructureDefinition/ig-parameter"},{"extension":[{"url":"code","valueCode":"template-html"},{"url":"value","valueString":"template-page.html"}],"url":"http://hl7.org/fhir/tools/StructureDefinition/ig-parameter"},{"extension":[{"url":"code","valueCode":"template-md"},{"url":"value","valueString":"template-page-md.html"}],"url":"http://hl7.org/fhir/tools/StructureDefinition/ig-parameter"},{"extension":[{"url":"code","valueCode":"apply-contact"},{"url":"value","valueString":"true"}],"url":"http://hl7.org/fhir/tools/StructureDefinition/ig-parameter"},{"extension":[{"url":"code","valueCode":"apply-context"},{"url":"value","valueString":"true"}],"url":"http://hl7.org/fhir/tools/StructureDefinition/ig-parameter"},{"extension":[{"url":"code","valueCode":"apply-copyright"},{"url":"value","valueString":"true"}],"url":"http://hl7.org/fhir/tools/StructureDefinition/ig-parameter"},{"extension":[{"url":"code","valueCode":"apply-jurisdiction"},{"url":"value","valueString":"true"}],"url":"http://hl7.org/fhir/tools/StructureDefinition/ig-parameter"},{"extension":[{"url":"code","valueCode":"apply-license"},{"url":"value","valueString":"true"}],"url":"http://hl7.org/fhir/tools/StructureDefinition/ig-parameter"},{"extension":[{"url":"code","valueCode":"apply-publisher"},{"url":"value","valueString":"true"}],"url":"http://hl7.org/fhir/tools/StructureDefinition/ig-parameter"},{"extension":[{"url":"code","valueCode":"apply-version"},{"url":"value","valueString":"true"}],"url":"http://hl7.org/fhir/tools/StructureDefinition/ig-parameter"},{"extension":[{"url":"code","valueCode":"apply-wg"},{"url":"value","valueString":"true"}],"url":"http://hl7.org/fhir/tools/StructureDefinition/ig-parameter"},{"extension":[{"url":"code","valueCode":"active-tables"},{"url":"value","valueString":"true"}],"url":"http://hl7.org/fhir/tools/StructureDefinition/ig-parameter"},{"extension":[{"url":"code","valueCode":"fmm-definition"},{"url":"value","valueString":"http://hl7.org/fhir/versions.html#maturity"}],"url":"http://hl7.org/fhir/tools/StructureDefinition/ig-parameter"},{"extension":[{"url":"code","valueCode":"propagate-status"},{"url":"value","valueString":"true"}],"url":"http://hl7.org/fhir/tools/StructureDefinition/ig-parameter"},{"extension":[{"url":"code","valueCode":"excludelogbinaryformat"},{"url":"value","valueString":"true"}],"url":"http://hl7.org/fhir/tools/StructureDefinition/ig-parameter"},{"extension":[{"url":"code","valueCode":"tabbed-snapshots"},{"url":"value","valueString":"true"}],"url":"http://hl7.org/fhir/tools/StructureDefinition/ig-parameter"},{"extension":[{"url":"code","valueCode":"copyrightyear"},{"url":"value","valueString":"2022+"}],"url":"http://hl7.org/fhir/tools/StructureDefinition/ig-parameter"},{"extension":[{"url":"code","valueCode":"releaselabel"},{"url":"value","valueString":"release"}],"url":"http://hl7.org/fhir/tools/StructureDefinition/ig-parameter"},{"extension":[{"url":"code","valueCode":"show-inherited-invariants"},{"url":"value","valueString":"false"}],"url":"http://hl7.org/fhir/tools/StructureDefinition/ig-parameter"},{"extension":[{"url":"code","valueCode":"version-comparison"},{"url":"value","valueString":"n/a"}],"url":"http://hl7.org/fhir/tools/StructureDefinition/ig-parameter"},{"extension":[{"url":"code","valueCode":"path-expansion-params"},{"url":"value","valueString":"../../exp-params.json"}],"url":"http://hl7.org/fhir/tools/StructureDefinition/ig-parameter"},{"extension":[{"url":"code","valueCode":"autoload-resources"},{"url":"value","valueString":"true"}],"url":"http://hl7.org/fhir/tools/StructureDefinition/ig-parameter"},{"extension":[{"url":"code","valueCode":"path-liquid"},{"url":"value","valueString":"template/liquid"}],"url":"http://hl7.org/fhir/tools/StructureDefinition/ig-parameter"},{"extension":[{"url":"code","valueCode":"path-liquid"},{"url":"value","valueString":"input/liquid"}],"url":"http://hl7.org/fhir/tools/StructureDefinition/ig-parameter"},{"extension":[{"url":"code","valueCode":"path-qa"},{"url":"value","valueString":"temp/qa"}],"url":"http://hl7.org/fhir/tools/StructureDefinition/ig-parameter"},{"extension":[{"url":"code","valueCode":"path-temp"},{"url":"value","valueString":"temp/pages"}],"url":"http://hl7.org/fhir/tools/StructureDefinition/ig-parameter"},{"extension":[{"url":"code","valueCode":"path-output"},{"url":"value","valueString":"output"}],"url":"http://hl7.org/fhir/tools/StructureDefinition/ig-parameter"},{"extension":[{"url":"code","valueCode":"path-suppressed-warnings"},{"url":"value","valueString":"input/ignoreWarnings.txt"}],"url":"http://hl7.org/fhir/tools/StructureDefinition/ig-parameter"},{"extension":[{"url":"code","valueCode":"path-history"},{"url":"value","valueString":"http://cdc.gov/nchs/nvss/fhir/vital-records-messaging/history.html"}],"url":"http://hl7.org/fhir/tools/StructureDefinition/ig-parameter"},{"extension":[{"url":"code","valueCode":"template-html"},{"url":"value","valueString":"template-page.html"}],"url":"http://hl7.org/fhir/tools/StructureDefinition/ig-parameter"},{"extension":[{"url":"code","valueCode":"template-md"},{"url":"value","valueString":"template-page-md.html"}],"url":"http://hl7.org/fhir/tools/StructureDefinition/ig-parameter"},{"extension":[{"url":"code","valueCode":"apply-contact"},{"url":"value","valueString":"true"}],"url":"http://hl7.org/fhir/tools/StructureDefinition/ig-parameter"},{"extension":[{"url":"code","valueCode":"apply-context"},{"url":"value","valueString":"true"}],"url":"http://hl7.org/fhir/tools/StructureDefinition/ig-parameter"},{"extension":[{"url":"code","valueCode":"apply-copyright"},{"url":"value","valueString":"true"}],"url":"http://hl7.org/fhir/tools/StructureDefinition/ig-parameter"},{"extension":[{"url":"code","valueCode":"apply-jurisdiction"},{"url":"value","valueString":"true"}],"url":"http://hl7.org/fhir/tools/StructureDefinition/ig-parameter"},{"extension":[{"url":"code","valueCode":"apply-license"},{"url":"value","valueString":"true"}],"url":"http://hl7.org/fhir/tools/StructureDefinition/ig-parameter"},{"extension":[{"url":"code","valueCode":"apply-publisher"},{"url":"value","valueString":"true"}],"url":"http://hl7.org/fhir/tools/StructureDefinition/ig-parameter"},{"extension":[{"url":"code","valueCode":"apply-version"},{"url":"value","valueString":"true"}],"url":"http://hl7.org/fhir/tools/StructureDefinition/ig-parameter"},{"extension":[{"url":"code","valueCode":"apply-wg"},{"url":"value","valueString":"true"}],"url":"http://hl7.org/fhir/tools/StructureDefinition/ig-parameter"},{"extension":[{"url":"code","valueCode":"active-tables"},{"url":"value","valueString":"true"}],"url":"http://hl7.org/fhir/tools/StructureDefinition/ig-parameter"},{"extension":[{"url":"code","valueCode":"fmm-definition"},{"url":"value","valueString":"http://hl7.org/fhir/versions.html#maturity"}],"url":"http://hl7.org/fhir/tools/StructureDefinition/ig-parameter"},{"extension":[{"url":"code","valueCode":"propagate-status"},{"url":"value","valueString":"true"}],"url":"http://hl7.org/fhir/tools/StructureDefinition/ig-parameter"},{"extension":[{"url":"code","valueCode":"excludelogbinaryformat"},{"url":"value","valueString":"true"}],"url":"http://hl7.org/fhir/tools/StructureDefinition/ig-parameter"},{"extension":[{"url":"code","valueCode":"tabbed-snapshots"},{"url":"value","valueString":"true"}],"url":"http://hl7.org/fhir/tools/StructureDefinition/ig-parameter"}],"grouping":[{"id":"Messages","name":"Message Profiles","description":"Message Profiles"},{"id":"Headers","name":"Message Header Profiles","description":"Message Header Profiles"},{"id":"Parameters","name":"Message Parameter Profiles","description":"Message Parameter Profiles"},{"id":"Outcomes","name":"Outcome Profiles"},{"id":"CodeSystems","name":"Codesystems","description":"Codesystems"},{"id":"-term-valueset","name":"Terminology: Value Sets","description":"These define sets of codes used by systems conforming to this implementation guide."},{"id":"-term-codesystem","name":"Terminology: Code Systems","description":"These define new code systems used by systems conforming to this implementation guide."},{"id":"-ex-example","name":"Example: Example Instances","description":"These are example instances that show what data produced and consumed by systems conforming with this implementation guide might look like."}],"resource":[{"extension":[{"url":"http://hl7.org/fhir/tools/StructureDefinition/resource-sort","valueInteger":999999999},{"url":"http://hl7.org/fhir/StructureDefinition/implementationguide-page","valueUri":"StructureDefinition-VRM-AcknowledgementMessage.html"}],"reference":{"reference":"StructureDefinition/VRM-AcknowledgementMessage"},"name":"Acknowledgement Message","description":"Acknowledgement Message","exampleBoolean":false,"groupingId":"Messages"},{"extension":[{"url":"http://hl7.org/fhir/tools/StructureDefinition/resource-sort","valueInteger":999999999},{"url":"http://hl7.org/fhir/StructureDefinition/implementationguide-page","valueUri":"StructureDefinition-VRM-CauseOfDeathCodingMessage.html"}],"reference":{"reference":"StructureDefinition/VRM-CauseOfDeathCodingMessage"},"name":"Cause of Death Coding Message","description":"Message for cause of death coding response to death records","exampleBoolean":false,"groupingId":"Messages"},{"extension":[{"url":"http://hl7.org/fhir/tools/StructureDefinition/resource-sort","valueInteger":999999999},{"url":"http://hl7.org/fhir/StructureDefinition/implementationguide-page","valueUri":"StructureDefinition-VRM-CauseOfDeathCodingUpdateMessage.html"}],"reference":{"reference":"StructureDefinition/VRM-CauseOfDeathCodingUpdateMessage"},"name":"Cause Of Death Coding Update Message","description":"Message for updating Cause Of Death coding response to death records","exampleBoolean":false,"groupingId":"Messages"},{"extension":[{"url":"http://hl7.org/fhir/tools/StructureDefinition/resource-sort","valueInteger":999999999},{"url":"http://hl7.org/fhir/StructureDefinition/implementationguide-page","valueUri":"StructureDefinition-VRM-DeathRecordAliasMessage.html"}],"reference":{"reference":"StructureDefinition/VRM-DeathRecordAliasMessage"},"name":"Death Record Alias Message","description":"Message for aliasing death records","exampleBoolean":false,"groupingId":"Messages"},{"extension":[{"url":"http://hl7.org/fhir/tools/StructureDefinition/resource-sort","valueInteger":999999999},{"url":"http://hl7.org/fhir/StructureDefinition/implementationguide-page","valueUri":"StructureDefinition-VRM-DeathRecordSubmissionMessage.html"}],"reference":{"reference":"StructureDefinition/VRM-DeathRecordSubmissionMessage"},"name":"Death Record Submission Message","description":"Message for submitting death records","exampleBoolean":false,"groupingId":"Messages"},{"extension":[{"url":"http://hl7.org/fhir/tools/StructureDefinition/resource-sort","valueInteger":999999999},{"url":"http://hl7.org/fhir/StructureDefinition/implementationguide-page","valueUri":"StructureDefinition-VRM-DeathRecordUpdateMessage.html"}],"reference":{"reference":"StructureDefinition/VRM-DeathRecordUpdateMessage"},"name":"Death Record Update Message","description":"Message for updating death records","exampleBoolean":false,"groupingId":"Messages"},{"extension":[{"url":"http://hl7.org/fhir/tools/StructureDefinition/resource-sort","valueInteger":999999999},{"url":"http://hl7.org/fhir/StructureDefinition/implementationguide-page","valueUri":"StructureDefinition-VRM-DeathRecordVoidMessage.html"}],"reference":{"reference":"StructureDefinition/VRM-DeathRecordVoidMessage"},"name":"Death Record Void Message","description":"Message for voiding death records","exampleBoolean":false,"groupingId":"Messages"},{"extension":[{"url":"http://hl7.org/fhir/tools/StructureDefinition/resource-sort","valueInteger":999999999},{"url":"http://hl7.org/fhir/StructureDefinition/implementationguide-page","valueUri":"StructureDefinition-VRM-DemographicsCodingMessage.html"}],"reference":{"reference":"StructureDefinition/VRM-DemographicsCodingMessage"},"name":"Demographics Coding Message","description":"Message for demographics coding response to death records","exampleBoolean":false,"groupingId":"Messages"},{"extension":[{"url":"http://hl7.org/fhir/tools/StructureDefinition/resource-sort","valueInteger":999999999},{"url":"http://hl7.org/fhir/StructureDefinition/implementationguide-page","valueUri":"StructureDefinition-VRM-DemographicsCodingUpdateMessage.html"}],"reference":{"reference":"StructureDefinition/VRM-DemographicsCodingUpdateMessage"},"name":"Demographics Coding Update Message","description":"Message for updating Demographics coding response to death records","exampleBoolean":false,"groupingId":"Messages"},{"extension":[{"url":"http://hl7.org/fhir/tools/StructureDefinition/resource-sort","valueInteger":999999999},{"url":"http://hl7.org/fhir/StructureDefinition/implementationguide-page","valueUri":"StructureDefinition-VRM-ExtractionErrorMessage.html"}],"reference":{"reference":"StructureDefinition/VRM-ExtractionErrorMessage"},"name":"Extraction Error Message","description":"Message for Errors during content extraction","exampleBoolean":false,"groupingId":"Messages"},{"extension":[{"url":"http://hl7.org/fhir/tools/StructureDefinition/resource-sort","valueInteger":999999999},{"url":"http://hl7.org/fhir/StructureDefinition/implementationguide-page","valueUri":"StructureDefinition-VRM-StatusMessage.html"}],"reference":{"reference":"StructureDefinition/VRM-StatusMessage"},"name":"Status Message","description":"Message for sending status of DeathRecord processing","exampleBoolean":false,"groupingId":"Messages"},{"extension":[{"url":"http://hl7.org/fhir/tools/StructureDefinition/resource-sort","valueInteger":999999999},{"url":"http://hl7.org/fhir/StructureDefinition/implementationguide-page","valueUri":"StructureDefinition-VRM-AcknowledgementHeader.html"}],"reference":{"reference":"StructureDefinition/VRM-AcknowledgementHeader"},"name":"Acknowledgement Header","description":"Acknowledgement  Header","exampleBoolean":false,"groupingId":"Headers"},{"extension":[{"url":"http://hl7.org/fhir/tools/StructureDefinition/resource-sort","valueInteger":999999999},{"url":"http://hl7.org/fhir/StructureDefinition/implementationguide-page","valueUri":"StructureDefinition-VRM-AliasHeader.html"}],"reference":{"reference":"StructureDefinition/VRM-AliasHeader"},"name":"Alias Header","description":"Alias Header","exampleBoolean":false,"groupingId":"Headers"},{"extension":[{"url":"http://hl7.org/fhir/tools/StructureDefinition/resource-sort","valueInteger":999999999},{"url":"http://hl7.org/fhir/StructureDefinition/implementationguide-page","valueUri":"StructureDefinition-VRM-CauseOfDeathCodingHeader.html"}],"reference":{"reference":"StructureDefinition/VRM-CauseOfDeathCodingHeader"},"name":"Cause of Death Coding Header","description":"Cause of Death Coding Header","exampleBoolean":false,"groupingId":"Headers"},{"extension":[{"url":"http://hl7.org/fhir/tools/StructureDefinition/resource-sort","valueInteger":999999999},{"url":"http://hl7.org/fhir/StructureDefinition/implementationguide-page","valueUri":"StructureDefinition-VRM-CauseOfDeathCodingUpdateHeader.html"}],"reference":{"reference":"StructureDefinition/VRM-CauseOfDeathCodingUpdateHeader"},"name":"Cause Of Death Coding Update  Header","description":"Cause Of Death Death Coding Update Header","exampleBoolean":false,"groupingId":"Headers"},{"extension":[{"url":"http://hl7.org/fhir/tools/StructureDefinition/resource-sort","valueInteger":999999999},{"url":"http://hl7.org/fhir/StructureDefinition/implementationguide-page","valueUri":"StructureDefinition-VRM-SubmissionHeader.html"}],"reference":{"reference":"StructureDefinition/VRM-SubmissionHeader"},"name":"Death Message Header","description":"Death Message Submission Header","exampleBoolean":false,"groupingId":"Headers"},{"extension":[{"url":"http://hl7.org/fhir/tools/StructureDefinition/resource-sort","valueInteger":999999999},{"url":"http://hl7.org/fhir/StructureDefinition/implementationguide-page","valueUri":"StructureDefinition-VRM-UpdateHeader.html"}],"reference":{"reference":"StructureDefinition/VRM-UpdateHeader"},"name":"Death Message Update Header","description":"Death Message Update Header","exampleBoolean":false,"groupingId":"Headers"},{"extension":[{"url":"http://hl7.org/fhir/tools/StructureDefinition/resource-sort","valueInteger":999999999},{"url":"http://hl7.org/fhir/StructureDefinition/implementationguide-page","valueUri":"StructureDefinition-VRM-DemographicsCodingHeader.html"}],"reference":{"reference":"StructureDefinition/VRM-DemographicsCodingHeader"},"name":"Demographics Coding Header","description":"Demographics Coding Header","exampleBoolean":false,"groupingId":"Headers"},{"extension":[{"url":"http://hl7.org/fhir/tools/StructureDefinition/resource-sort","valueInteger":999999999},{"url":"http://hl7.org/fhir/StructureDefinition/implementationguide-page","valueUri":"StructureDefinition-VRM-DemographicsCodingUpdateHeader.html"}],"reference":{"reference":"StructureDefinition/VRM-DemographicsCodingUpdateHeader"},"name":"Demographics Coding Update Header","description":"Demographics Coding Update Header","exampleBoolean":false,"groupingId":"Headers"},{"extension":[{"url":"http://hl7.org/fhir/tools/StructureDefinition/resource-sort","valueInteger":999999999},{"url":"http://hl7.org/fhir/StructureDefinition/implementationguide-page","valueUri":"StructureDefinition-VRM-ExtractionErrorHeader.html"}],"reference":{"reference":"StructureDefinition/VRM-ExtractionErrorHeader"},"name":"Extraction Error Header","description":"Extraction Error Message Header","exampleBoolean":false,"groupingId":"Headers"},{"extension":[{"url":"http://hl7.org/fhir/tools/StructureDefinition/resource-sort","valueInteger":999999999},{"url":"http://hl7.org/fhir/StructureDefinition/implementationguide-page","valueUri":"StructureDefinition-VRM-StatusHeader.html"}],"reference":{"reference":"StructureDefinition/VRM-StatusHeader"},"name":"Status Header","description":"Status Header","exampleBoolean":false,"groupingId":"Headers"},{"extension":[{"url":"http://hl7.org/fhir/tools/StructureDefinition/resource-sort","valueInteger":999999999},{"url":"http://hl7.org/fhir/StructureDefinition/implementationguide-page","valueUri":"StructureDefinition-VRM-VoidHeader.html"}],"reference":{"reference":"StructureDefinition/VRM-VoidHeader"},"name":"Void Header","description":"Void Header","exampleBoolean":false,"groupingId":"Headers"},{"extension":[{"url":"http://hl7.org/fhir/tools/StructureDefinition/resource-sort","valueInteger":999999999},{"url":"http://hl7.org/fhir/StructureDefinition/implementationguide-page","valueUri":"StructureDefinition-VRM-AliasParameters.html"}],"reference":{"reference":"StructureDefinition/VRM-AliasParameters"},"name":"Alias Message Parameters","description":"Parameters for an Alias Message","exampleBoolean":false,"groupingId":"Parameters"},{"extension":[{"url":"http://hl7.org/fhir/tools/StructureDefinition/resource-sort","valueInteger":999999999},{"url":"http://hl7.org/fhir/StructureDefinition/implementationguide-page","valueUri":"StructureDefinition-VRM-MessageParameters.html"}],"reference":{"reference":"StructureDefinition/VRM-MessageParameters"},"name":"Death Message Parameters","description":"Base parameter set for most Messages.  Parameters with all-caps names are defined as per the 2022 IJE specification.","exampleBoolean":false,"groupingId":"Parameters"},{"extension":[{"url":"http://hl7.org/fhir/tools/StructureDefinition/resource-sort","valueInteger":999999999},{"url":"http://hl7.org/fhir/StructureDefinition/implementationguide-page","valueUri":"StructureDefinition-VRM-StatusParameters.html"}],"reference":{"reference":"StructureDefinition/VRM-StatusParameters"},"name":"Status Message Parameters","description":"Parameters for a Status Message","exampleBoolean":false,"groupingId":"Parameters"},{"extension":[{"url":"http://hl7.org/fhir/tools/StructureDefinition/resource-sort","valueInteger":999999999},{"url":"http://hl7.org/fhir/StructureDefinition/implementationguide-page","valueUri":"StructureDefinition-VRM-VoidParameters.html"}],"reference":{"reference":"StructureDefinition/VRM-VoidParameters"},"name":"Void Message Parameters","description":"Parameters for a Void Message","exampleBoolean":false,"groupingId":"Parameters"},{"extension":[{"url":"http://hl7.org/fhir/tools/StructureDefinition/resource-sort","valueInteger":999999999},{"url":"http://hl7.org/fhir/StructureDefinition/implementationguide-page","valueUri":"StructureDefinition-VRM-Outcome.html"}],"reference":{"reference":"StructureDefinition/VRM-Outcome"},"name":"Outcome Profile","description":"Outcome profile to support profile-based slicing of bundles","exampleBoolean":false,"groupingId":"Outcomes"},{"extension":[{"url":"http://hl7.org/fhir/tools/StructureDefinition/resource-sort","valueInteger":999999999},{"url":"http://hl7.org/fhir/StructureDefinition/implementationguide-page","valueUri":"CodeSystem-VRM-MessageHeaderURI-cs.html"}],"reference":{"reference":"CodeSystem/VRM-MessageHeaderURI-cs"},"name":"MessageHeader URI Values","description":"MessageHeader URI Values","exampleBoolean":false,"groupingId":"CodeSystems"},{"extension":[{"url":"http://hl7.org/fhir/tools/StructureDefinition/resource-sort","valueInteger":999999999},{"url":"http://hl7.org/fhir/StructureDefinition/implementationguide-page","valueUri":"ValueSet-VRM-Status-vs.html"}],"reference":{"reference":"ValueSet/VRM-Status-vs"},"name":"Status Codes Values","description":"Status Codes Values","exampleBoolean":false,"groupingId":"-term-valueset"},{"extension":[{"url":"http://hl7.org/fhir/tools/StructureDefinition/resource-sort","valueInteger":999999999},{"url":"http://hl7.org/fhir/StructureDefinition/implementationguide-page","valueUri":"CodeSystem-VRM-Status-cs.html"}],"reference":{"reference":"CodeSystem/VRM-Status-cs"},"name":"Status Codes Values","description":"Status Codes Values","exampleBoolean":false,"groupingId":"-term-codesystem"},{"extension":[{"url":"http://hl7.org/fhir/tools/StructureDefinition/resource-sort","valueInteger":999999999},{"url":"http://hl7.org/fhir/StructureDefinition/implementationguide-page","valueUri":"MessageHeader-AcknowledgementHeader-Example1.html"}],"reference":{"reference":"MessageHeader/AcknowledgementHeader-Example1"},"name":"AcknowledgementHeader-Example1","description":"Acknowledgement Header: Example","exampleCanonical":"http://cdc.gov/nchs/nvss/fhir/vital-records-messaging/StructureDefinition/VRM-AcknowledgementHeader","groupingId":"-ex-example"},{"extension":[{"url":"http://hl7.org/fhir/tools/StructureDefinition/resource-sort","valueInteger":999999999},{"url":"http://hl7.org/fhir/StructureDefinition/implementationguide-page","valueUri":"Bundle-AcknowledgementMessage-Example1.html"}],"reference":{"reference":"Bundle/AcknowledgementMessage-Example1"},"name":"AcknowledgementMessage-Example1","description":"Acknowledgement message - Example","exampleCanonical":"http://cdc.gov/nchs/nvss/fhir/vital-records-messaging/StructureDefinition/VRM-AcknowledgementMessage","groupingId":"-ex-example"},{"extension":[{"url":"http://hl7.org/fhir/tools/StructureDefinition/resource-sort","valueInteger":999999999},{"url":"http://hl7.org/fhir/StructureDefinition/implementationguide-page","valueUri":"MessageHeader-AliasHeader-Example1.html"}],"reference":{"reference":"MessageHeader/AliasHeader-Example1"},"name":"AliasHeader-Example1","description":"Alias Message Header- Example","exampleCanonical":"http://cdc.gov/nchs/nvss/fhir/vital-records-messaging/StructureDefinition/VRM-AliasHeader","groupingId":"-ex-example"},{"extension":[{"url":"http://hl7.org/fhir/tools/StructureDefinition/resource-sort","valueInteger":999999999},{"url":"http://hl7.org/fhir/StructureDefinition/implementationguide-page","valueUri":"Parameters-AliasParameters-Example1.html"}],"reference":{"reference":"Parameters/AliasParameters-Example1"},"name":"AliasParameters-Example1","description":"Alias Message Parameters- Example","exampleCanonical":"http://cdc.gov/nchs/nvss/fhir/vital-records-messaging/StructureDefinition/VRM-AliasParameters","groupingId":"-ex-example"},{"extension":[{"url":"http://hl7.org/fhir/tools/StructureDefinition/resource-sort","valueInteger":999999999},{"url":"http://hl7.org/fhir/StructureDefinition/implementationguide-page","valueUri":"Bundle-CauseOfDeathCodedContentBundle-Example1.html"}],"reference":{"reference":"Bundle/CauseOfDeathCodedContentBundle-Example1"},"name":"CauseOfDeathCodedContentBundle-Example1","description":"CauseofDeathCodedContentBundle-Example1","exampleBoolean":true,"groupingId":"-ex-example"},{"extension":[{"url":"http://hl7.org/fhir/tools/StructureDefinition/resource-sort","valueInteger":999999999},{"url":"http://hl7.org/fhir/StructureDefinition/implementationguide-page","valueUri":"MessageHeader-CauseOfDeathCodingHeader-Example1.html"}],"reference":{"reference":"MessageHeader/CauseOfDeathCodingHeader-Example1"},"name":"CauseOfDeathCodingHeader-Example1","description":"Header for Cause of Death Coding Message - Example1- coded content only","exampleCanonical":"http://cdc.gov/nchs/nvss/fhir/vital-records-messaging/StructureDefinition/VRM-CauseOfDeathCodingHeader","groupingId":"-ex-example"},{"extension":[{"url":"http://hl7.org/fhir/tools/StructureDefinition/resource-sort","valueInteger":999999999},{"url":"http://hl7.org/fhir/StructureDefinition/implementationguide-page","valueUri":"Bundle-CauseOfDeathCodingMessage-Example1.html"}],"reference":{"reference":"Bundle/CauseOfDeathCodingMessage-Example1"},"name":"CauseOfDeathCodingMessage-Example1","description":"Cause of death coding message - Example1 -- coded content only","exampleCanonical":"http://cdc.gov/nchs/nvss/fhir/vital-records-messaging/StructureDefinition/VRM-CauseOfDeathCodingMessage","groupingId":"-ex-example"},{"extension":[{"url":"http://hl7.org/fhir/tools/StructureDefinition/resource-sort","valueInteger":999999999},{"url":"http://hl7.org/fhir/StructureDefinition/implementationguide-page","valueUri":"MessageHeader-CauseOfDeathCodingUpdateHeader-Example1.html"}],"reference":{"reference":"MessageHeader/CauseOfDeathCodingUpdateHeader-Example1"},"name":"CauseOfDeathCodingUpdateHeader-Example1","description":"Header for Cause Of Death Coding Update Message - Example","exampleCanonical":"http://cdc.gov/nchs/nvss/fhir/vital-records-messaging/StructureDefinition/VRM-CauseOfDeathCodingUpdateHeader","groupingId":"-ex-example"},{"extension":[{"url":"http://hl7.org/fhir/tools/StructureDefinition/resource-sort","valueInteger":999999999},{"url":"http://hl7.org/fhir/StructureDefinition/implementationguide-page","valueUri":"Bundle-CauseOfDeathCodingUpdateMessage1.html"}],"reference":{"reference":"Bundle/CauseOfDeathCodingUpdateMessage1"},"name":"CauseOfDeathCodingUpdateMessage1","description":"Cause of Death Coding update message - Example","exampleCanonical":"http://cdc.gov/nchs/nvss/fhir/vital-records-messaging/StructureDefinition/VRM-CauseOfDeathCodingUpdateMessage","groupingId":"-ex-example"},{"extension":[{"url":"http://hl7.org/fhir/tools/StructureDefinition/resource-sort","valueInteger":999999999},{"url":"http://hl7.org/fhir/StructureDefinition/implementationguide-page","valueUri":"Composition-DeathCertificate-Example1.html"}],"reference":{"reference":"Composition/DeathCertificate-Example1"},"name":"Death Certificate","description":"DeathCertificate-Example1","exampleBoolean":true,"groupingId":"-ex-example"},{"extension":[{"url":"http://hl7.org/fhir/tools/StructureDefinition/resource-sort","valueInteger":999999999},{"url":"http://hl7.org/fhir/StructureDefinition/implementationguide-page","valueUri":"Composition-DeathCertificate-Example2.html"}],"reference":{"reference":"Composition/DeathCertificate-Example2"},"name":"Death Certificate","description":"DeathCertificate-Example2 (with coded content)","exampleBoolean":true,"groupingId":"-ex-example"},{"extension":[{"url":"http://hl7.org/fhir/tools/StructureDefinition/resource-sort","valueInteger":999999999},{"url":"http://hl7.org/fhir/StructureDefinition/implementationguide-page","valueUri":"Bundle-DeathCertificateDocument-Example1.html"}],"reference":{"reference":"Bundle/DeathCertificateDocument-Example1"},"name":"DeathCertificateDocument-Example1","description":"DeathCertificateDocument-Example1","exampleBoolean":true,"groupingId":"-ex-example"},{"extension":[{"url":"http://hl7.org/fhir/tools/StructureDefinition/resource-sort","valueInteger":999999999},{"url":"http://hl7.org/fhir/StructureDefinition/implementationguide-page","valueUri":"Bundle-DeathCertificateDocument-Example2.html"}],"reference":{"reference":"Bundle/DeathCertificateDocument-Example2"},"name":"DeathCertificateDocument-Example2","description":"DeathCertificateDocument-Example2 (with coded content)","exampleBoolean":true,"groupingId":"-ex-example"},{"extension":[{"url":"http://hl7.org/fhir/tools/StructureDefinition/resource-sort","valueInteger":999999999},{"url":"http://hl7.org/fhir/StructureDefinition/implementationguide-page","valueUri":"Bundle-DeathRecordAliasMessage-Example1.html"}],"reference":{"reference":"Bundle/DeathRecordAliasMessage-Example1"},"name":"DeathRecordAliasMessage-Example1","description":"Alias Message - Example","exampleCanonical":"http://cdc.gov/nchs/nvss/fhir/vital-records-messaging/StructureDefinition/VRM-DeathRecordAliasMessage","groupingId":"-ex-example"},{"extension":[{"url":"http://hl7.org/fhir/tools/StructureDefinition/resource-sort","valueInteger":999999999},{"url":"http://hl7.org/fhir/StructureDefinition/implementationguide-page","valueUri":"Bundle-DeathRecordSubmissionMessage-Example1.html"}],"reference":{"reference":"Bundle/DeathRecordSubmissionMessage-Example1"},"name":"DeathRecordSubmissionMessage-Example1","description":"Submission mesage - Example","exampleCanonical":"http://cdc.gov/nchs/nvss/fhir/vital-records-messaging/StructureDefinition/VRM-DeathRecordSubmissionMessage","groupingId":"-ex-example"},{"extension":[{"url":"http://hl7.org/fhir/tools/StructureDefinition/resource-sort","valueInteger":999999999},{"url":"http://hl7.org/fhir/StructureDefinition/implementationguide-page","valueUri":"Bundle-DeathRecordVoidMessage-Example1.html"}],"reference":{"reference":"Bundle/DeathRecordVoidMessage-Example1"},"name":"DeathRecordVoidMessage-Example1","description":"Void message - example","exampleCanonical":"http://cdc.gov/nchs/nvss/fhir/vital-records-messaging/StructureDefinition/VRM-DeathRecordVoidMessage","groupingId":"-ex-example"},{"extension":[{"url":"http://hl7.org/fhir/tools/StructureDefinition/resource-sort","valueInteger":999999999},{"url":"http://hl7.org/fhir/StructureDefinition/implementationguide-page","valueUri":"Patient-Decedent-Example1.html"}],"reference":{"reference":"Patient/Decedent-Example1"},"name":"Decedent-Example1","description":"Decedent-Example1","exampleBoolean":true,"groupingId":"-ex-example"},{"extension":[{"url":"http://hl7.org/fhir/tools/StructureDefinition/resource-sort","valueInteger":999999999},{"url":"http://hl7.org/fhir/StructureDefinition/implementationguide-page","valueUri":"Patient-Decedent-Example2.html"}],"reference":{"reference":"Patient/Decedent-Example2"},"name":"Decedent-Example2","description":"Decedent-Example2 - with birth jurisdiction","exampleBoolean":true,"groupingId":"-ex-example"},{"extension":[{"url":"http://hl7.org/fhir/tools/StructureDefinition/resource-sort","valueInteger":999999999},{"url":"http://hl7.org/fhir/StructureDefinition/implementationguide-page","valueUri":"Patient-Decedent-Example3.html"}],"reference":{"reference":"Patient/Decedent-Example3"},"name":"Decedent-Example3","description":"Decedent-Example3 - Stripped down for Mortality Roster","exampleBoolean":true,"groupingId":"-ex-example"},{"extension":[{"url":"http://hl7.org/fhir/tools/StructureDefinition/resource-sort","valueInteger":999999999},{"url":"http://hl7.org/fhir/StructureDefinition/implementationguide-page","valueUri":"Bundle-DemographicCodedContentBundle-Example1.html"}],"reference":{"reference":"Bundle/DemographicCodedContentBundle-Example1"},"name":"DemographicCodedContentBundle-Example1","description":"DemographicCodedContentBundle-Example1","exampleBoolean":true,"groupingId":"-ex-example"},{"extension":[{"url":"http://hl7.org/fhir/tools/StructureDefinition/resource-sort","valueInteger":999999999},{"url":"http://hl7.org/fhir/StructureDefinition/implementationguide-page","valueUri":"MessageHeader-DemographicsCodingHeader-Example1.html"}],"reference":{"reference":"MessageHeader/DemographicsCodingHeader-Example1"},"name":"DemographicsCodingHeader-Example1","description":"Header for Demographic Coding Message - Example","exampleCanonical":"http://cdc.gov/nchs/nvss/fhir/vital-records-messaging/StructureDefinition/VRM-DemographicsCodingHeader","groupingId":"-ex-example"},{"extension":[{"url":"http://hl7.org/fhir/tools/StructureDefinition/resource-sort","valueInteger":999999999},{"url":"http://hl7.org/fhir/StructureDefinition/implementationguide-page","valueUri":"Bundle-DemographicsCodingMessage-Example1.html"}],"reference":{"reference":"Bundle/DemographicsCodingMessage-Example1"},"name":"DemographicsCodingMessage-Example1","description":"Cause of death coding message - Example1 -- coded content only","exampleCanonical":"http://cdc.gov/nchs/nvss/fhir/vital-records-messaging/StructureDefinition/VRM-DemographicsCodingMessage","groupingId":"-ex-example"},{"extension":[{"url":"http://hl7.org/fhir/tools/StructureDefinition/resource-sort","valueInteger":999999999},{"url":"http://hl7.org/fhir/StructureDefinition/implementationguide-page","valueUri":"MessageHeader-DemographicsCodingUpdateHeader-Example1.html"}],"reference":{"reference":"MessageHeader/DemographicsCodingUpdateHeader-Example1"},"name":"DemographicsCodingUpdateHeader-Example1","description":"Header for Demographic Coding Update Message - Example","exampleCanonical":"http://cdc.gov/nchs/nvss/fhir/vital-records-messaging/StructureDefinition/VRM-DemographicsCodingUpdateHeader","groupingId":"-ex-example"},{"extension":[{"url":"http://hl7.org/fhir/tools/StructureDefinition/resource-sort","valueInteger":999999999},{"url":"http://hl7.org/fhir/StructureDefinition/implementationguide-page","valueUri":"Bundle-DemographicsCodingUpdateMessage1.html"}],"reference":{"reference":"Bundle/DemographicsCodingUpdateMessage1"},"name":"DemographicsCodingUpdateMessage1","description":"Demographic Coding update message - Example","exampleCanonical":"http://cdc.gov/nchs/nvss/fhir/vital-records-messaging/StructureDefinition/VRM-DemographicsCodingUpdateMessage","groupingId":"-ex-example"},{"extension":[{"url":"http://hl7.org/fhir/tools/StructureDefinition/resource-sort","valueInteger":999999999},{"url":"http://hl7.org/fhir/StructureDefinition/implementationguide-page","valueUri":"MessageHeader-ExtractionErrorHeader-Example1.html"}],"reference":{"reference":"MessageHeader/ExtractionErrorHeader-Example1"},"name":"ExtractionErrorHeader-Example1","description":"Header for Extraction Error Message - Example","exampleCanonical":"http://cdc.gov/nchs/nvss/fhir/vital-records-messaging/StructureDefinition/VRM-ExtractionErrorHeader","groupingId":"-ex-example"},{"extension":[{"url":"http://hl7.org/fhir/tools/StructureDefinition/resource-sort","valueInteger":999999999},{"url":"http://hl7.org/fhir/StructureDefinition/implementationguide-page","valueUri":"Bundle-ExtractionErrorMessage-Example1.html"}],"reference":{"reference":"Bundle/ExtractionErrorMessage-Example1"},"name":"ExtractionErrorMessage-Example1","description":"Extraction error message - Example","exampleCanonical":"http://cdc.gov/nchs/nvss/fhir/vital-records-messaging/StructureDefinition/VRM-ExtractionErrorMessage","groupingId":"-ex-example"},{"extension":[{"url":"http://hl7.org/fhir/tools/StructureDefinition/resource-sort","valueInteger":999999999},{"url":"http://hl7.org/fhir/StructureDefinition/implementationguide-page","valueUri":"OperationOutcome-Outcome-Example1.html"}],"reference":{"reference":"OperationOutcome/Outcome-Example1"},"name":"Outcome-Example1","description":"Extraction Error Outcome - Example","exampleCanonical":"http://cdc.gov/nchs/nvss/fhir/vital-records-messaging/StructureDefinition/VRM-Outcome","groupingId":"-ex-example"},{"extension":[{"url":"http://hl7.org/fhir/tools/StructureDefinition/resource-sort","valueInteger":999999999},{"url":"http://hl7.org/fhir/StructureDefinition/implementationguide-page","valueUri":"Parameters-Parameters-Example1.html"}],"reference":{"reference":"Parameters/Parameters-Example1"},"name":"Parameters-Example1","description":"Parameters for Submission: Example","exampleCanonical":"http://cdc.gov/nchs/nvss/fhir/vital-records-messaging/StructureDefinition/VRM-MessageParameters","groupingId":"-ex-example"},{"extension":[{"url":"http://hl7.org/fhir/tools/StructureDefinition/resource-sort","valueInteger":999999999},{"url":"http://hl7.org/fhir/StructureDefinition/implementationguide-page","valueUri":"MessageHeader-StatusHeader-Example1.html"}],"reference":{"reference":"MessageHeader/StatusHeader-Example1"},"name":"StatusHeader-Example1","description":"Parameters for Status: Example1","exampleCanonical":"http://cdc.gov/nchs/nvss/fhir/vital-records-messaging/StructureDefinition/VRM-StatusHeader","groupingId":"-ex-example"},{"extension":[{"url":"http://hl7.org/fhir/tools/StructureDefinition/resource-sort","valueInteger":999999999},{"url":"http://hl7.org/fhir/StructureDefinition/implementationguide-page","valueUri":"Bundle-StatusMessage-Example1.html"}],"reference":{"reference":"Bundle/StatusMessage-Example1"},"name":"StatusMessage-Example1","description":"Status message - Example1","exampleCanonical":"http://cdc.gov/nchs/nvss/fhir/vital-records-messaging/StructureDefinition/VRM-StatusMessage","groupingId":"-ex-example"},{"extension":[{"url":"http://hl7.org/fhir/tools/StructureDefinition/resource-sort","valueInteger":999999999},{"url":"http://hl7.org/fhir/StructureDefinition/implementationguide-page","valueUri":"Parameters-StatusParameters-Example1.html"}],"reference":{"reference":"Parameters/StatusParameters-Example1"},"name":"StatusParameters-Example1","description":"Parameters for Status: Example","exampleCanonical":"http://cdc.gov/nchs/nvss/fhir/vital-records-messaging/StructureDefinition/VRM-StatusParameters","groupingId":"-ex-example"},{"extension":[{"url":"http://hl7.org/fhir/tools/StructureDefinition/resource-sort","valueInteger":999999999},{"url":"http://hl7.org/fhir/StructureDefinition/implementationguide-page","valueUri":"MessageHeader-SubmissionHeader-Example1.html"}],"reference":{"reference":"MessageHeader/SubmissionHeader-Example1"},"name":"SubmissionHeader-Example1","description":"Header for Submission - Example","exampleCanonical":"http://cdc.gov/nchs/nvss/fhir/vital-records-messaging/StructureDefinition/VRM-SubmissionHeader","groupingId":"-ex-example"},{"extension":[{"url":"http://hl7.org/fhir/tools/StructureDefinition/resource-sort","valueInteger":999999999},{"url":"http://hl7.org/fhir/StructureDefinition/implementationguide-page","valueUri":"MessageHeader-UpdateHeader-Example1.html"}],"reference":{"reference":"MessageHeader/UpdateHeader-Example1"},"name":"UpdateHeader-Example1","description":"Header for Update: Example","exampleCanonical":"http://cdc.gov/nchs/nvss/fhir/vital-records-messaging/StructureDefinition/VRM-UpdateHeader","groupingId":"-ex-example"},{"extension":[{"url":"http://hl7.org/fhir/tools/StructureDefinition/resource-sort","valueInteger":999999999},{"url":"http://hl7.org/fhir/StructureDefinition/implementationguide-page","valueUri":"Bundle-UpdateMessage-Example1.html"}],"reference":{"reference":"Bundle/UpdateMessage-Example1"},"name":"UpdateMessage-Example1","description":"Update message - example","exampleCanonical":"http://cdc.gov/nchs/nvss/fhir/vital-records-messaging/StructureDefinition/VRM-DeathRecordUpdateMessage","groupingId":"-ex-example"},{"extension":[{"url":"http://hl7.org/fhir/tools/StructureDefinition/resource-sort","valueInteger":999999999},{"url":"http://hl7.org/fhir/StructureDefinition/implementationguide-page","valueUri":"MessageHeader-VoidHeader-Example1.html"}],"reference":{"reference":"MessageHeader/VoidHeader-Example1"},"name":"VoidHeader-Example1","description":"Parameters for Void: Example","exampleCanonical":"http://cdc.gov/nchs/nvss/fhir/vital-records-messaging/StructureDefinition/VRM-VoidHeader","groupingId":"-ex-example"},{"extension":[{"url":"http://hl7.org/fhir/tools/StructureDefinition/resource-sort","valueInteger":999999999},{"url":"http://hl7.org/fhir/StructureDefinition/implementationguide-page","valueUri":"Parameters-VoidParameters-Example1.html"}],"reference":{"reference":"Parameters/VoidParameters-Example1"},"name":"VoidParameters-Example1","description":"Parameters for Void: Example","exampleCanonical":"http://cdc.gov/nchs/nvss/fhir/vital-records-messaging/StructureDefinition/VRM-VoidParameters","groupingId":"-ex-example"}],"page":{"extension":[{"url":"http://hl7.org/fhir/tools/StructureDefinition/ig-page-name","valueUrl":"toc.html"}],"nameUrl":"toc.html","title":"Table of Contents","generation":"html","page":[{"extension":[{"url":"http://hl7.org/fhir/tools/StructureDefinition/ig-page-name","valueUrl":"index.html"}],"nameUrl":"index.html","title":"Home","generation":"markdown"},{"extension":[{"url":"http://hl7.org/fhir/tools/StructureDefinition/ig-page-name","valueUrl":"message.html"}],"nameUrl":"message.html","title":"Messages","generation":"markdown"},{"extension":[{"url":"http://hl7.org/fhir/tools/StructureDefinition/ig-page-name","valueUrl":"artifacts.html"}],"nameUrl":"artifacts.html","title":"Artifacts Summary","generation":"html","page":[{"extension":[{"url":"http://hl7.org/fhir/tools/StructureDefinition/ig-page-name","valueUrl":"StructureDefinition-VRM-AcknowledgementMessage.html"}],"nameUrl":"StructureDefinition-VRM-AcknowledgementMessage.html","title":"Acknowledgement Message","generation":"generated"},{"extension":[{"url":"http://hl7.org/fhir/tools/StructureDefinition/ig-page-name","valueUrl":"StructureDefinition-VRM-CauseOfDeathCodingMessage.html"}],"nameUrl":"StructureDefinition-VRM-CauseOfDeathCodingMessage.html","title":"Cause of Death Coding Message","generation":"generated"},{"extension":[{"url":"http://hl7.org/fhir/tools/StructureDefinition/ig-page-name","valueUrl":"StructureDefinition-VRM-CauseOfDeathCodingUpdateMessage.html"}],"nameUrl":"StructureDefinition-VRM-CauseOfDeathCodingUpdateMessage.html","title":"Cause Of Death Coding Update Message","generation":"generated"},{"extension":[{"url":"http://hl7.org/fhir/tools/StructureDefinition/ig-page-name","valueUrl":"StructureDefinition-VRM-DeathRecordAliasMessage.html"}],"nameUrl":"StructureDefinition-VRM-DeathRecordAliasMessage.html","title":"Death Record Alias Message","generation":"generated"},{"extension":[{"url":"http://hl7.org/fhir/tools/StructureDefinition/ig-page-name","valueUrl":"StructureDefinition-VRM-DeathRecordSubmissionMessage.html"}],"nameUrl":"StructureDefinition-VRM-DeathRecordSubmissionMessage.html","title":"Death Record Submission Message","generation":"generated"},{"extension":[{"url":"http://hl7.org/fhir/tools/StructureDefinition/ig-page-name","valueUrl":"StructureDefinition-VRM-DeathRecordUpdateMessage.html"}],"nameUrl":"StructureDefinition-VRM-DeathRecordUpdateMessage.html","title":"Death Record Update Message","generation":"generated"},{"extension":[{"url":"http://hl7.org/fhir/tools/StructureDefinition/ig-page-name","valueUrl":"StructureDefinition-VRM-DeathRecordVoidMessage.html"}],"nameUrl":"StructureDefinition-VRM-DeathRecordVoidMessage.html","title":"Death Record Void Message","generation":"generated"},{"extension":[{"url":"http://hl7.org/fhir/tools/StructureDefinition/ig-page-name","valueUrl":"StructureDefinition-VRM-DemographicsCodingMessage.html"}],"nameUrl":"StructureDefinition-VRM-DemographicsCodingMessage.html","title":"Demographics Coding Message","generation":"generated"},{"extension":[{"url":"http://hl7.org/fhir/tools/StructureDefinition/ig-page-name","valueUrl":"StructureDefinition-VRM-DemographicsCodingUpdateMessage.html"}],"nameUrl":"StructureDefinition-VRM-DemographicsCodingUpdateMessage.html","title":"Demographics Coding Update Message","generation":"generated"},{"extension":[{"url":"http://hl7.org/fhir/tools/StructureDefinition/ig-page-name","valueUrl":"StructureDefinition-VRM-ExtractionErrorMessage.html"}],"nameUrl":"StructureDefinition-VRM-ExtractionErrorMessage.html","title":"Extraction Error Message","generation":"generated"},{"extension":[{"url":"http://hl7.org/fhir/tools/StructureDefinition/ig-page-name","valueUrl":"StructureDefinition-VRM-StatusMessage.html"}],"nameUrl":"StructureDefinition-VRM-StatusMessage.html","title":"Status Message","generation":"generated"},{"extension":[{"url":"http://hl7.org/fhir/tools/StructureDefinition/ig-page-name","valueUrl":"StructureDefinition-VRM-AcknowledgementHeader.html"}],"nameUrl":"StructureDefinition-VRM-AcknowledgementHeader.html","title":"Acknowledgement Header","generation":"generated"},{"extension":[{"url":"http://hl7.org/fhir/tools/StructureDefinition/ig-page-name","valueUrl":"StructureDefinition-VRM-AliasHeader.html"}],"nameUrl":"StructureDefinition-VRM-AliasHeader.html","title":"Alias Header","generation":"generated"},{"extension":[{"url":"http://hl7.org/fhir/tools/StructureDefinition/ig-page-name","valueUrl":"StructureDefinition-VRM-CauseOfDeathCodingHeader.html"}],"nameUrl":"StructureDefinition-VRM-CauseOfDeathCodingHeader.html","title":"Cause of Death Coding Header","generation":"generated"},{"extension":[{"url":"http://hl7.org/fhir/tools/StructureDefinition/ig-page-name","valueUrl":"StructureDefinition-VRM-CauseOfDeathCodingUpdateHeader.html"}],"nameUrl":"StructureDefinition-VRM-CauseOfDeathCodingUpdateHeader.html","title":"Cause Of Death Coding Update  Header","generation":"generated"},{"extension":[{"url":"http://hl7.org/fhir/tools/StructureDefinition/ig-page-name","valueUrl":"StructureDefinition-VRM-SubmissionHeader.html"}],"nameUrl":"StructureDefinition-VRM-SubmissionHeader.html","title":"Death Message Header","generation":"generated"},{"extension":[{"url":"http://hl7.org/fhir/tools/StructureDefinition/ig-page-name","valueUrl":"StructureDefinition-VRM-UpdateHeader.html"}],"nameUrl":"StructureDefinition-VRM-UpdateHeader.html","title":"Death Message Update Header","generation":"generated"},{"extension":[{"url":"http://hl7.org/fhir/tools/StructureDefinition/ig-page-name","valueUrl":"StructureDefinition-VRM-DemographicsCodingHeader.html"}],"nameUrl":"StructureDefinition-VRM-DemographicsCodingHeader.html","title":"Demographics Coding Header","generation":"generated"},{"extension":[{"url":"http://hl7.org/fhir/tools/StructureDefinition/ig-page-name","valueUrl":"StructureDefinition-VRM-DemographicsCodingUpdateHeader.html"}],"nameUrl":"StructureDefinition-VRM-DemographicsCodingUpdateHeader.html","title":"Demographics Coding Update Header","generation":"generated"},{"extension":[{"url":"http://hl7.org/fhir/tools/StructureDefinition/ig-page-name","valueUrl":"StructureDefinition-VRM-ExtractionErrorHeader.html"}],"nameUrl":"StructureDefinition-VRM-ExtractionErrorHeader.html","title":"Extraction Error Header","generation":"generated"},{"extension":[{"url":"http://hl7.org/fhir/tools/StructureDefinition/ig-page-name","valueUrl":"StructureDefinition-VRM-StatusHeader.html"}],"nameUrl":"StructureDefinition-VRM-StatusHeader.html","title":"Status Header","generation":"generated"},{"extension":[{"url":"http://hl7.org/fhir/tools/StructureDefinition/ig-page-name","valueUrl":"StructureDefinition-VRM-VoidHeader.html"}],"nameUrl":"StructureDefinition-VRM-VoidHeader.html","title":"Void Header","generation":"generated"},{"extension":[{"url":"http://hl7.org/fhir/tools/StructureDefinition/ig-page-name","valueUrl":"StructureDefinition-VRM-AliasParameters.html"}],"nameUrl":"StructureDefinition-VRM-AliasParameters.html","title":"Alias Message Parameters","generation":"generated"},{"extension":[{"url":"http://hl7.org/fhir/tools/StructureDefinition/ig-page-name","valueUrl":"StructureDefinition-VRM-MessageParameters.html"}],"nameUrl":"StructureDefinition-VRM-MessageParameters.html","title":"Death Message Parameters","generation":"generated"},{"extension":[{"url":"http://hl7.org/fhir/tools/StructureDefinition/ig-page-name","valueUrl":"StructureDefinition-VRM-StatusParameters.html"}],"nameUrl":"StructureDefinition-VRM-StatusParameters.html","title":"Status Message Parameters","generation":"generated"},{"extension":[{"url":"http://hl7.org/fhir/tools/StructureDefinition/ig-page-name","valueUrl":"StructureDefinition-VRM-VoidParameters.html"}],"nameUrl":"StructureDefinition-VRM-VoidParameters.html","title":"Void Message Parameters","generation":"generated"},{"extension":[{"url":"http://hl7.org/fhir/tools/StructureDefinition/ig-page-name","valueUrl":"StructureDefinition-VRM-Outcome.html"}],"nameUrl":"StructureDefinition-VRM-Outcome.html","title":"Outcome Profile","generation":"generated"},{"extension":[{"url":"http://hl7.org/fhir/tools/StructureDefinition/ig-page-name","valueUrl":"CodeSystem-VRM-MessageHeaderURI-cs.html"}],"nameUrl":"CodeSystem-VRM-MessageHeaderURI-cs.html","title":"MessageHeader URI Values","generation":"generated"},{"extension":[{"url":"http://hl7.org/fhir/tools/StructureDefinition/ig-page-name","valueUrl":"ValueSet-VRM-Status-vs.html"}],"nameUrl":"ValueSet-VRM-Status-vs.html","title":"Status Codes Values","generation":"generated"},{"extension":[{"url":"http://hl7.org/fhir/tools/StructureDefinition/ig-page-name","valueUrl":"CodeSystem-VRM-Status-cs.html"}],"nameUrl":"CodeSystem-VRM-Status-cs.html","title":"Status Codes Values","generation":"generated"},{"extension":[{"url":"http://hl7.org/fhir/tools/StructureDefinition/ig-page-name","valueUrl":"MessageHeader-AcknowledgementHeader-Example1.html"}],"nameUrl":"MessageHeader-AcknowledgementHeader-Example1.html","title":"AcknowledgementHeader-Example1","generation":"generated"},{"extension":[{"url":"http://hl7.org/fhir/tools/StructureDefinition/ig-page-name","valueUrl":"Bundle-AcknowledgementMessage-Example1.html"}],"nameUrl":"Bundle-AcknowledgementMessage-Example1.html","title":"AcknowledgementMessage-Example1","generation":"generated"},{"extension":[{"url":"http://hl7.org/fhir/tools/StructureDefinition/ig-page-name","valueUrl":"MessageHeader-AliasHeader-Example1.html"}],"nameUrl":"MessageHeader-AliasHeader-Example1.html","title":"AliasHeader-Example1","generation":"generated"},{"extension":[{"url":"http://hl7.org/fhir/tools/StructureDefinition/ig-page-name","valueUrl":"Parameters-AliasParameters-Example1.html"}],"nameUrl":"Parameters-AliasParameters-Example1.html","title":"AliasParameters-Example1","generation":"generated"},{"extension":[{"url":"http://hl7.org/fhir/tools/StructureDefinition/ig-page-name","valueUrl":"Bundle-CauseOfDeathCodedContentBundle-Example1.html"}],"nameUrl":"Bundle-CauseOfDeathCodedContentBundle-Example1.html","title":"CauseOfDeathCodedContentBundle-Example1","generation":"generated"},{"extension":[{"url":"http://hl7.org/fhir/tools/StructureDefinition/ig-page-name","valueUrl":"MessageHeader-CauseOfDeathCodingHeader-Example1.html"}],"nameUrl":"MessageHeader-CauseOfDeathCodingHeader-Example1.html","title":"CauseOfDeathCodingHeader-Example1","generation":"generated"},{"extension":[{"url":"http://hl7.org/fhir/tools/StructureDefinition/ig-page-name","valueUrl":"Bundle-CauseOfDeathCodingMessage-Example1.html"}],"nameUrl":"Bundle-CauseOfDeathCodingMessage-Example1.html","title":"CauseOfDeathCodingMessage-Example1","generation":"generated"},{"extension":[{"url":"http://hl7.org/fhir/tools/StructureDefinition/ig-page-name","valueUrl":"MessageHeader-CauseOfDeathCodingUpdateHeader-Example1.html"}],"nameUrl":"MessageHeader-CauseOfDeathCodingUpdateHeader-Example1.html","title":"CauseOfDeathCodingUpdateHeader-Example1","generation":"generated"},{"extension":[{"url":"http://hl7.org/fhir/tools/StructureDefinition/ig-page-name","valueUrl":"Bundle-CauseOfDeathCodingUpdateMessage1.html"}],"nameUrl":"Bundle-CauseOfDeathCodingUpdateMessage1.html","title":"CauseOfDeathCodingUpdateMessage1","generation":"generated"},{"extension":[{"url":"http://hl7.org/fhir/tools/StructureDefinition/ig-page-name","valueUrl":"Composition-DeathCertificate-Example1.html"}],"nameUrl":"Composition-DeathCertificate-Example1.html","title":"Death Certificate","generation":"generated"},{"extension":[{"url":"http://hl7.org/fhir/tools/StructureDefinition/ig-page-name","valueUrl":"Composition-DeathCertificate-Example2.html"}],"nameUrl":"Composition-DeathCertificate-Example2.html","title":"Death Certificate","generation":"generated"},{"extension":[{"url":"http://hl7.org/fhir/tools/StructureDefinition/ig-page-name","valueUrl":"Bundle-DeathCertificateDocument-Example1.html"}],"nameUrl":"Bundle-DeathCertificateDocument-Example1.html","title":"DeathCertificateDocument-Example1","generation":"generated"},{"extension":[{"url":"http://hl7.org/fhir/tools/StructureDefinition/ig-page-name","valueUrl":"Bundle-DeathCertificateDocument-Example2.html"}],"nameUrl":"Bundle-DeathCertificateDocument-Example2.html","title":"DeathCertificateDocument-Example2","generation":"generated"},{"extension":[{"url":"http://hl7.org/fhir/tools/StructureDefinition/ig-page-name","valueUrl":"Bundle-DeathRecordAliasMessage-Example1.html"}],"nameUrl":"Bundle-DeathRecordAliasMessage-Example1.html","title":"DeathRecordAliasMessage-Example1","generation":"generated"},{"extension":[{"url":"http://hl7.org/fhir/tools/StructureDefinition/ig-page-name","valueUrl":"Bundle-DeathRecordSubmissionMessage-Example1.html"}],"nameUrl":"Bundle-DeathRecordSubmissionMessage-Example1.html","title":"DeathRecordSubmissionMessage-Example1","generation":"generated"},{"extension":[{"url":"http://hl7.org/fhir/tools/StructureDefinition/ig-page-name","valueUrl":"Bundle-DeathRecordVoidMessage-Example1.html"}],"nameUrl":"Bundle-DeathRecordVoidMessage-Example1.html","title":"DeathRecordVoidMessage-Example1","generation":"generated"},{"extension":[{"url":"http://hl7.org/fhir/tools/StructureDefinition/ig-page-name","valueUrl":"Patient-Decedent-Example1.html"}],"nameUrl":"Patient-Decedent-Example1.html","title":"Decedent-Example1","generation":"generated"},{"extension":[{"url":"http://hl7.org/fhir/tools/StructureDefinition/ig-page-name","valueUrl":"Patient-Decedent-Example2.html"}],"nameUrl":"Patient-Decedent-Example2.html","title":"Decedent-Example2","generation":"generated"},{"extension":[{"url":"http://hl7.org/fhir/tools/StructureDefinition/ig-page-name","valueUrl":"Patient-Decedent-Example3.html"}],"nameUrl":"Patient-Decedent-Example3.html","title":"Decedent-Example3","generation":"generated"},{"extension":[{"url":"http://hl7.org/fhir/tools/StructureDefinition/ig-page-name","valueUrl":"Bundle-DemographicCodedContentBundle-Example1.html"}],"nameUrl":"Bundle-DemographicCodedContentBundle-Example1.html","title":"DemographicCodedContentBundle-Example1","generation":"generated"},{"extension":[{"url":"http://hl7.org/fhir/tools/StructureDefinition/ig-page-name","valueUrl":"MessageHeader-DemographicsCodingHeader-Example1.html"}],"nameUrl":"MessageHeader-DemographicsCodingHeader-Example1.html","title":"DemographicsCodingHeader-Example1","generation":"generated"},{"extension":[{"url":"http://hl7.org/fhir/tools/StructureDefinition/ig-page-name","valueUrl":"Bundle-DemographicsCodingMessage-Example1.html"}],"nameUrl":"Bundle-DemographicsCodingMessage-Example1.html","title":"DemographicsCodingMessage-Example1","generation":"generated"},{"extension":[{"url":"http://hl7.org/fhir/tools/StructureDefinition/ig-page-name","valueUrl":"MessageHeader-DemographicsCodingUpdateHeader-Example1.html"}],"nameUrl":"MessageHeader-DemographicsCodingUpdateHeader-Example1.html","title":"DemographicsCodingUpdateHeader-Example1","generation":"generated"},{"extension":[{"url":"http://hl7.org/fhir/tools/StructureDefinition/ig-page-name","valueUrl":"Bundle-DemographicsCodingUpdateMessage1.html"}],"nameUrl":"Bundle-DemographicsCodingUpdateMessage1.html","title":"DemographicsCodingUpdateMessage1","generation":"generated"},{"extension":[{"url":"http://hl7.org/fhir/tools/StructureDefinition/ig-page-name","valueUrl":"MessageHeader-ExtractionErrorHeader-Example1.html"}],"nameUrl":"MessageHeader-ExtractionErrorHeader-Example1.html","title":"ExtractionErrorHeader-Example1","generation":"generated"},{"extension":[{"url":"http://hl7.org/fhir/tools/StructureDefinition/ig-page-name","valueUrl":"Bundle-ExtractionErrorMessage-Example1.html"}],"nameUrl":"Bundle-ExtractionErrorMessage-Example1.html","title":"ExtractionErrorMessage-Example1","generation":"generated"},{"extension":[{"url":"http://hl7.org/fhir/tools/StructureDefinition/ig-page-name","valueUrl":"OperationOutcome-Outcome-Example1.html"}],"nameUrl":"OperationOutcome-Outcome-Example1.html","title":"Outcome-Example1","generation":"generated"},{"extension":[{"url":"http://hl7.org/fhir/tools/StructureDefinition/ig-page-name","valueUrl":"Parameters-Parameters-Example1.html"}],"nameUrl":"Parameters-Parameters-Example1.html","title":"Parameters-Example1","generation":"generated"},{"extension":[{"url":"http://hl7.org/fhir/tools/StructureDefinition/ig-page-name","valueUrl":"MessageHeader-StatusHeader-Example1.html"}],"nameUrl":"MessageHeader-StatusHeader-Example1.html","title":"StatusHeader-Example1","generation":"generated"},{"extension":[{"url":"http://hl7.org/fhir/tools/StructureDefinition/ig-page-name","valueUrl":"Bundle-StatusMessage-Example1.html"}],"nameUrl":"Bundle-StatusMessage-Example1.html","title":"StatusMessage-Example1","generation":"generated"},{"extension":[{"url":"http://hl7.org/fhir/tools/StructureDefinition/ig-page-name","valueUrl":"Parameters-StatusParameters-Example1.html"}],"nameUrl":"Parameters-StatusParameters-Example1.html","title":"StatusParameters-Example1","generation":"generated"},{"extension":[{"url":"http://hl7.org/fhir/tools/StructureDefinition/ig-page-name","valueUrl":"MessageHeader-SubmissionHeader-Example1.html"}],"nameUrl":"MessageHeader-SubmissionHeader-Example1.html","title":"SubmissionHeader-Example1","generation":"generated"},{"extension":[{"url":"http://hl7.org/fhir/tools/StructureDefinition/ig-page-name","valueUrl":"MessageHeader-UpdateHeader-Example1.html"}],"nameUrl":"MessageHeader-UpdateHeader-Example1.html","title":"UpdateHeader-Example1","generation":"generated"},{"extension":[{"url":"http://hl7.org/fhir/tools/StructureDefinition/ig-page-name","valueUrl":"Bundle-UpdateMessage-Example1.html"}],"nameUrl":"Bundle-UpdateMessage-Example1.html","title":"UpdateMessage-Example1","generation":"generated"},{"extension":[{"url":"http://hl7.org/fhir/tools/StructureDefinition/ig-page-name","valueUrl":"MessageHeader-VoidHeader-Example1.html"}],"nameUrl":"MessageHeader-VoidHeader-Example1.html","title":"VoidHeader-Example1","generation":"generated"},{"extension":[{"url":"http://hl7.org/fhir/tools/StructureDefinition/ig-page-name","valueUrl":"Parameters-VoidParameters-Example1.html"}],"nameUrl":"Parameters-VoidParameters-Example1.html","title":"VoidParameters-Example1","generation":"generated"}]},{"extension":[{"url":"http://hl7.org/fhir/tools/StructureDefinition/ig-page-name","valueUrl":"downloads.html"}],"nameUrl":"downloads.html","title":"Download Specification","generation":"markdown"},{"extension":[{"url":"http://hl7.org/fhir/tools/StructureDefinition/ig-page-name","valueUrl":"change_log.html"}],"nameUrl":"change_log.html","title":"Change Log","generation":"markdown"},{"extension":[{"url":"http://hl7.org/fhir/tools/StructureDefinition/ig-page-name","valueUrl":"appendix.html"}],"nameUrl":"appendix.html","title":"Appendices","generation":"markdown"},{"extension":[{"url":"http://hl7.org/fhir/tools/StructureDefinition/ig-page-name","valueUrl":"june2022testingeventexamples.html"}],"nameUrl":"june2022testingeventexamples.html","title":"June 2022 Testing Event Examples","generation":"markdown"},{"extension":[{"url":"http://hl7.org/fhir/tools/StructureDefinition/ig-page-name","valueUrl":"business_rules.html"}],"nameUrl":"business_rules.html","title":"NCHS Error Messages","generation":"markdown"}]},"parameter":[{"code":"path-resource","value":"input/capabilities"},{"code":"path-resource","value":"input/examples"},{"code":"path-resource","value":"input/extensions"},{"code":"path-resource","value":"input/models"},{"code":"path-resource","value":"input/operations"},{"code":"path-resource","value":"input/profiles"},{"code":"path-resource","value":"input/resources"},{"code":"path-resource","value":"input/vocabulary"},{"code":"path-resource","value":"input/maps"},{"code":"path-resource","value":"input/testing"},{"code":"path-resource","value":"input/history"},{"code":"path-resource","value":"fsh-generated/resources"},{"code":"path-pages","value":"template/config"},{"code":"path-pages","value":"input/images"},{"code":"path-tx-cache","value":"input-cache/txcache"}]}}