URL,Version,Status,OIDs,Name,Title,Description,Used
http://cdc.gov/nchs/nvss/fhir/vital-records-messaging/CodeSystem/Payload-version-cs,2.0.0,active,,PayloadVersionCS,Payload Version Identifier Values,"Codesystem for Payload Version Identifier Values. Only versions that are in production use are listed.","ValueSet/Payload-version-vs"
http://cdc.gov/nchs/nvss/fhir/vital-records-messaging/CodeSystem/VRM-MessageHeaderURI-cs,2.0.0,active,,MessageHeaderURICS,MessageHeader URI Values,"MessageHeader URI Values","ValueSet/VRM-CauseOfDeathCodingUpdateHeaderURI-vs,ValueSet/VRM-ExtractionErrorHeaderURI-vs,ValueSet/VRM-StatusHeaderURI-vs,ValueSet/VRM-VOIDHeaderURI-vs,ValueSet/VRM-DemographicsCodingUpdateHeaderURI-vs,ValueSet/VRM-AcknowledgementHeaderURI-vs,ValueSet/VRM-IndustryOccupationUpdateHeaderURI-vs,ValueSet/VRM-SubmissionHeaderURI-vs,ValueSet/VRM-UpdateHeaderURI-vs,ValueSet/VRM-IndustryOccupationHeaderURI-vs,ValueSet/VRM-DemographicsCodingHeaderURI-vs,ValueSet/VRM-CauseOfDeathCodingHeaderURI-vs"
http://cdc.gov/nchs/nvss/fhir/vital-records-messaging/CodeSystem/VRM-Status-cs,2.0.0,active,,StatusCS,Status Codes Values,"Status Codes Values","ValueSet/VRM-Status-vs"
http://hl7.org/fhir/us/vr-common-library/CodeSystem/CodeSystem-jurisdictions-vr,2.0.0,active,,CodeSystemJurisdictionsVitalRecords,Code System - Jurisdictions Vital Records,"NVSS Jurisdictions that are not US States or Territories.  This codesystem is only for use in the vital records use cases supported by this Implementation guide, and should not be used elsewhere.","ValueSet/ValueSet-jurisdiction-vr"
http://hl7.org/fhir/us/vr-common-library/CodeSystem/CodeSystem-us-states-territories-vr,2.0.0,active,,CodeSystemUSStatesTerritoriesVitalRecords,Code System - US States and Territories,"Surrogate for usps.com codesystem - IG Publisher found issues with that codesystem.  This codesystem is only for use in the vital records use cases supported by this Implementation guide, and should not be used elsewhere.","ValueSet/ValueSet-jurisdiction-vr"
