URL,Version,Status,OIDs,Name,Title,Descriptino,Uses,Used,Sources
http://cdc.gov/nchs/nvss/fhir/vital-records-messaging/ValueSet/Payload-version-vs,2.0.0,active,,PayloadVersionVS,Payload Version Identifier Values,"Payload Version Identifier Values","StructureDefinition/VRM-StatusParameters,StructureDefinition/VRM-VoidParameters,StructureDefinition/VRM-AliasParameters,StructureDefinition/VRM-MessageParameters","Internal"
http://cdc.gov/nchs/nvss/fhir/vital-records-messaging/ValueSet/VRM-AcknowledgementHeaderURI-vs,2.0.0,active,,AcknowledgementURIVS,Acknowledgement MessageHeader URI Values,"Acknowledgement MessageHeader URI Values","StructureDefinition/VRM-AcknowledgementHeader","Internal"
http://cdc.gov/nchs/nvss/fhir/vital-records-messaging/ValueSet/VRM-CauseOfDeathCodingHeaderURI-vs,2.0.0,active,,CauseOfDeathCodingURIVS,Cause of Death Coding MessageHeader URI Values,"Cause of Death Coding MessageHeader URI Values","StructureDefinition/VRM-CauseOfDeathCodingHeader","Internal"
http://cdc.gov/nchs/nvss/fhir/vital-records-messaging/ValueSet/VRM-CauseOfDeathCodingUpdateHeaderURI-vs,2.0.0,active,,CauseOfDeathCodingUpdateURIVS,Cause of Death Coding Update MessageHeader URI Values,"Cause of Death Coding Update MessageHeader URI Values","StructureDefinition/VRM-CauseOfDeathCodingUpdateHeader","Internal"
http://cdc.gov/nchs/nvss/fhir/vital-records-messaging/ValueSet/VRM-DemographicsCodingHeaderURI-vs,2.0.0,active,,DemographicsCodingHeaderURIVS,Demographics Coding  MessageHeader URI Values,"Demographics Coding  MessageHeader URI Values","StructureDefinition/VRM-DemographicsCodingHeader","Internal"
http://cdc.gov/nchs/nvss/fhir/vital-records-messaging/ValueSet/VRM-DemographicsCodingUpdateHeaderURI-vs,2.0.0,active,,DemographicsCodingUpdateHeaderURIVS,Demographics Coding Update MessageHeader URI Values,"Demographics Coding Update MessageHeader URI Values","StructureDefinition/VRM-DemographicsCodingUpdateHeader","Internal"
http://cdc.gov/nchs/nvss/fhir/vital-records-messaging/ValueSet/VRM-ExtractionErrorHeaderURI-vs,2.0.0,active,,ExtractionErrorHeaderURIVS,ExtractionError MessageHeader URI Values,"ExtractionError MessageHeader URI Values","StructureDefinition/VRM-ExtractionErrorHeader","Internal"
http://cdc.gov/nchs/nvss/fhir/vital-records-messaging/ValueSet/VRM-IndustryOccupationHeaderURI-vs,2.0.0,active,,IndustryOccupationURIVS,Industry and Occupation MessageHeader URI Values,"Industry and Occupation MessageHeader URI Values","StructureDefinition/VRM-IndustryOccupationCodingHeader","Internal"
http://cdc.gov/nchs/nvss/fhir/vital-records-messaging/ValueSet/VRM-IndustryOccupationUpdateHeaderURI-vs,2.0.0,active,,IndustryOccupationUpdateURIVS,Industry and Occupation Update MessageHeader URI Values,"Industry and Occupation Update MessageHeader URI Values","StructureDefinition/VRM-IndustryOccupationCodingUpdateHeader","Internal"
http://cdc.gov/nchs/nvss/fhir/vital-records-messaging/ValueSet/VRM-Status-vs,2.0.0,active,,StatusVS,Status Codes Values,"Status Codes Values","StructureDefinition/VRM-StatusParameters","Internal"
http://cdc.gov/nchs/nvss/fhir/vital-records-messaging/ValueSet/VRM-StatusHeaderURI-vs,2.0.0,active,,StatusURIVS,Status MessageHeader URI Values,"Status MessageHeader URI Values","StructureDefinition/VRM-StatusHeader","Internal"
http://cdc.gov/nchs/nvss/fhir/vital-records-messaging/ValueSet/VRM-SubmissionHeaderURI-vs,2.0.0,active,,SubmissionURIVS,Submission MessageHeader URI Values,"Submission MessageHeader URI Values","StructureDefinition/VRM-SubmissionHeader","Internal"
http://cdc.gov/nchs/nvss/fhir/vital-records-messaging/ValueSet/VRM-UpdateHeaderURI-vs,2.0.0,active,,UpdateURIVS,Update MessageHeader URI Values,"Update MessageHeader URI Values","StructureDefinition/VRM-UpdateHeader","Internal"
http://cdc.gov/nchs/nvss/fhir/vital-records-messaging/ValueSet/VRM-VOIDHeaderURI-vs,2.0.0,active,,VoidURIVS,Void MessageHeader URI Values,"Void MessageHeader URI Values","StructureDefinition/VRM-VoidHeader","Internal"
http://hl7.org/fhir/ValueSet/bundle-type,4.0.1,active,"2.16.840.1.113883.4.642.3.620",BundleType,BundleType,"Indicates the purpose of a bundle - how it is intended to be used.","StructureDefinition/VRM-CauseOfDeathCodingUpdateMessage,StructureDefinition/VRM-AcknowledgementMessage,StructureDefinition/VRM-CodedCauseOfFetalDeathMessage,StructureDefinition/VRM-VoidMessage,StructureDefinition/VRM-CodedCauseOfFetalDeathUpdateMessage,StructureDefinition/VRM-DemographicsCodingMessage,StructureDefinition/VRM-StatusMessage,StructureDefinition/VRM-DemographicsCodingUpdateMessage,StructureDefinition/VRM-BirthReportMessage,StructureDefinition/VRM-ExtractionErrorMessage,StructureDefinition/VRM-DeathRecordSubmissionMessage,StructureDefinition/VRM-IndustryOccupationCodingMessage,StructureDefinition/VRM-DeathRecordUpdateMessage,StructureDefinition/VRM-FetalDeathReportUpdateMessage,StructureDefinition/VRM-FetalDeathReportMessage,StructureDefinition/VRM-IndustryOccupationCodingUpdateMessage,StructureDefinition/VRM-BirthReportUpdateMessage,StructureDefinition/VRM-DeathRecordAliasMessage,StructureDefinition/VRM-CauseOfDeathCodingMessage,StructureDefinition/VRM-MessageBundle","hl7.fhir.r4.core"
http://hl7.org/fhir/ValueSet/http-verb,4.0.1,active,"2.16.840.1.113883.4.642.3.624",HTTPVerb,HTTPVerb,"HTTP verbs (in the HTTP command line). See [HTTP rfc](https://tools.ietf.org/html/rfc7231) for details.","StructureDefinition/VRM-CauseOfDeathCodingUpdateMessage,StructureDefinition/VRM-AcknowledgementMessage,StructureDefinition/VRM-CodedCauseOfFetalDeathMessage,StructureDefinition/VRM-VoidMessage,StructureDefinition/VRM-CodedCauseOfFetalDeathUpdateMessage,StructureDefinition/VRM-DemographicsCodingMessage,StructureDefinition/VRM-StatusMessage,StructureDefinition/VRM-DemographicsCodingUpdateMessage,StructureDefinition/VRM-BirthReportMessage,StructureDefinition/VRM-ExtractionErrorMessage,StructureDefinition/VRM-DeathRecordSubmissionMessage,StructureDefinition/VRM-IndustryOccupationCodingMessage,StructureDefinition/VRM-DeathRecordUpdateMessage,StructureDefinition/VRM-FetalDeathReportUpdateMessage,StructureDefinition/VRM-FetalDeathReportMessage,StructureDefinition/VRM-IndustryOccupationCodingUpdateMessage,StructureDefinition/VRM-BirthReportUpdateMessage,StructureDefinition/VRM-DeathRecordAliasMessage,StructureDefinition/VRM-CauseOfDeathCodingMessage,StructureDefinition/VRM-MessageBundle","hl7.fhir.r4.core"
http://hl7.org/fhir/ValueSet/issue-severity,4.0.1,active,"2.16.840.1.113883.4.642.3.408",IssueSeverity,IssueSeverity,"How the issue affects the success of the action.","StructureDefinition/VRM-Outcome","hl7.fhir.r4.core"
http://hl7.org/fhir/ValueSet/issue-type,4.0.1,active,"2.16.840.1.113883.4.642.3.410",IssueType,IssueType,"A code that describes the type of issue.","StructureDefinition/VRM-Outcome","hl7.fhir.r4.core"
http://hl7.org/fhir/ValueSet/languages,4.0.1,draft,"2.16.840.1.113883.4.642.3.20",CommonLanguages,Common Languages,"This value set includes common codes from BCP-47 (http://tools.ietf.org/html/bcp47)","StructureDefinition/VRM-CauseOfDeathCodingHeader,StructureDefinition/VRM-IndustryOccupationCodingHeader,StructureDefinition/VRM-ExtractionErrorHeader,StructureDefinition/VRM-CodedCauseOfFetalDeathUpdateMessage,StructureDefinition/VRM-DemographicsCodingMessage,StructureDefinition/VRM-StatusMessage,StructureDefinition/VRM-MessageParameters,StructureDefinition/VRM-ExtractionErrorMessage,StructureDefinition/VRM-UpdateHeader,StructureDefinition/VRM-DeathRecordSubmissionMessage,StructureDefinition/VRM-VoidParameters,StructureDefinition/VRM-FetalDeathReportUpdateMessage,StructureDefinition/VRM-IndustryOccupationCodingUpdateMessage,StructureDefinition/VRM-IndustryOccupationCodingUpdateHeader,StructureDefinition/VRM-CauseOfDeathCodingMessage,StructureDefinition/VRM-StatusParameters,StructureDefinition/VRM-CauseOfDeathCodingUpdateMessage,StructureDefinition/VRM-AcknowledgementMessage,StructureDefinition/VRM-CodedCauseOfFetalDeathMessage,StructureDefinition/VRM-VoidMessage,StructureDefinition/VRM-Outcome,StructureDefinition/VRM-VoidHeader,StructureDefinition/VRM-DemographicsCodingUpdateHeader,StructureDefinition/VRM-DemographicsCodingUpdateMessage,StructureDefinition/VRM-DemographicsCodingHeader,StructureDefinition/VRM-BirthReportMessage,StructureDefinition/VRM-StatusHeader,StructureDefinition/VRM-AliasHeader,StructureDefinition/VRM-AliasParameters,StructureDefinition/VRM-IndustryOccupationCodingMessage,StructureDefinition/VRM-DeathRecordUpdateMessage,StructureDefinition/VRM-AcknowledgementHeader,StructureDefinition/VRM-FetalDeathReportMessage,StructureDefinition/VRM-BirthReportUpdateMessage,StructureDefinition/VRM-DeathRecordAliasMessage,StructureDefinition/VRM-CauseOfDeathCodingUpdateHeader,StructureDefinition/VRM-MessageBundle,StructureDefinition/VRM-SubmissionHeader","hl7.terminology.r4"
http://hl7.org/fhir/ValueSet/message-events,4.0.1,active,"2.16.840.1.113883.4.642.3.26",MessageEvent,MessageEvent,"One of the message events defined as part of this version of FHIR.","StructureDefinition/VRM-CauseOfDeathCodingHeader,StructureDefinition/VRM-IndustryOccupationCodingHeader,StructureDefinition/VRM-ExtractionErrorHeader,StructureDefinition/VRM-VoidHeader,StructureDefinition/VRM-DemographicsCodingUpdateHeader,StructureDefinition/VRM-DemographicsCodingHeader,StructureDefinition/VRM-UpdateHeader,StructureDefinition/VRM-StatusHeader,StructureDefinition/VRM-AliasHeader,StructureDefinition/VRM-AcknowledgementHeader,StructureDefinition/VRM-IndustryOccupationCodingUpdateHeader,StructureDefinition/VRM-CauseOfDeathCodingUpdateHeader,StructureDefinition/VRM-SubmissionHeader","hl7.fhir.r4.core"
http://hl7.org/fhir/ValueSet/message-reason-encounter,4.0.1,draft,"2.16.840.1.113883.4.642.3.378",ExampleMessageReasonCodes,Example Message Reason Codes,"Example Message Reasons. These are the set of codes that might be used an updating an encounter using admin-update.","StructureDefinition/VRM-CauseOfDeathCodingHeader,StructureDefinition/VRM-IndustryOccupationCodingHeader,StructureDefinition/VRM-ExtractionErrorHeader,StructureDefinition/VRM-VoidHeader,StructureDefinition/VRM-DemographicsCodingUpdateHeader,StructureDefinition/VRM-DemographicsCodingHeader,StructureDefinition/VRM-UpdateHeader,StructureDefinition/VRM-StatusHeader,StructureDefinition/VRM-AliasHeader,StructureDefinition/VRM-AcknowledgementHeader,StructureDefinition/VRM-IndustryOccupationCodingUpdateHeader,StructureDefinition/VRM-CauseOfDeathCodingUpdateHeader,StructureDefinition/VRM-SubmissionHeader","THO"
http://hl7.org/fhir/ValueSet/operation-outcome,4.0.1,draft,"2.16.840.1.113883.4.642.3.412",OperationOutcomeCodes,Operation Outcome Codes,"Operation Outcome codes used by FHIR test servers (see Implementation file translations.xml)","StructureDefinition/VRM-Outcome","THO"
http://hl7.org/fhir/ValueSet/response-code,4.0.1,draft,"2.16.840.1.113883.4.642.3.380",ResponseType,ResponseType,"The kind of response to a message.","StructureDefinition/VRM-CauseOfDeathCodingHeader,StructureDefinition/VRM-IndustryOccupationCodingHeader,StructureDefinition/VRM-ExtractionErrorHeader,StructureDefinition/VRM-VoidHeader,StructureDefinition/VRM-DemographicsCodingUpdateHeader,StructureDefinition/VRM-DemographicsCodingHeader,StructureDefinition/VRM-UpdateHeader,StructureDefinition/VRM-StatusHeader,StructureDefinition/VRM-AliasHeader,StructureDefinition/VRM-AcknowledgementHeader,StructureDefinition/VRM-IndustryOccupationCodingUpdateHeader,StructureDefinition/VRM-CauseOfDeathCodingUpdateHeader,StructureDefinition/VRM-SubmissionHeader","hl7.fhir.r4.core"
http://hl7.org/fhir/ValueSet/search-entry-mode,4.0.1,active,"2.16.840.1.113883.4.642.3.622",SearchEntryMode,SearchEntryMode,"Why an entry is in the result set - whether it's included as a match or because of an _include requirement, or to convey information or warning information about the search process.","StructureDefinition/VRM-CauseOfDeathCodingUpdateMessage,StructureDefinition/VRM-AcknowledgementMessage,StructureDefinition/VRM-CodedCauseOfFetalDeathMessage,StructureDefinition/VRM-VoidMessage,StructureDefinition/VRM-CodedCauseOfFetalDeathUpdateMessage,StructureDefinition/VRM-DemographicsCodingMessage,StructureDefinition/VRM-StatusMessage,StructureDefinition/VRM-DemographicsCodingUpdateMessage,StructureDefinition/VRM-BirthReportMessage,StructureDefinition/VRM-ExtractionErrorMessage,StructureDefinition/VRM-DeathRecordSubmissionMessage,StructureDefinition/VRM-IndustryOccupationCodingMessage,StructureDefinition/VRM-DeathRecordUpdateMessage,StructureDefinition/VRM-FetalDeathReportUpdateMessage,StructureDefinition/VRM-FetalDeathReportMessage,StructureDefinition/VRM-IndustryOccupationCodingUpdateMessage,StructureDefinition/VRM-BirthReportUpdateMessage,StructureDefinition/VRM-DeathRecordAliasMessage,StructureDefinition/VRM-CauseOfDeathCodingMessage,StructureDefinition/VRM-MessageBundle","hl7.fhir.r4.core"
http://hl7.org/fhir/us/vr-common-library/ValueSet/ValueSet-jurisdiction-vr,2.0.0,active,,ValueSetJurisdictionVitalRecords,Value Set - Jurisdictions Vital Records,"This valueset contains the set of codes used to represent 2 Letter Codes for all 57 Jurisdictions Reporting Deaths to NCHS","StructureDefinition/VRM-StatusParameters,StructureDefinition/VRM-VoidParameters,StructureDefinition/VRM-AliasParameters,StructureDefinition/VRM-MessageParameters","hl7.fhir.us.vr-common-library"
