<?xml version="1.0" encoding="UTF-8"?>

<Observation xmlns="http://hl7.org/fhir">
  <id value="FetalDeathRecordIdentifier-Example1"/>
  <meta>
    <profile value="http://cdc.gov/nchs/nvss/fhir/vital-records-messaging/StructureDefinition/VRM-fetal-death-record-identifier"/>
  </meta>
  <text>
    <status value="generated"/><div xmlns="http://www.w3.org/1999/xhtml"><p class="res-header-id"><b>Generated Narrative: Observation FetalDeathRecordIdentifier-Example1</b></p><a name="FetalDeathRecordIdentifier-Example1"> </a><a name="hcFetalDeathRecordIdentifier-Example1"> </a><div style="display: inline-block; background-color: #d9e0e7; padding: 6px; margin: 4px; border: 1px solid #8da1b4; border-radius: 5px; line-height: 60%"><p style="margin-bottom: 0px"/><p style="margin-bottom: 0px">Profile: <a href="StructureDefinition-VRM-fetal-death-record-identifier.html">Fetal Death Record Identifier</a></p></div><p><b>status</b>: Final</p><p><b>code</b>: <span title="Codes:{http://cdc.gov/nchs/nvss/fhir/vital-records-messaging/CodeSystem/VRM-observation-cs fetaldeathrecordidentifier}">Fetal Death Record Identifier</span></p><p><b>value</b>: 100001</p><blockquote><p><b>component</b></p><p><b>code</b>: <span title="Codes:{http://loinc.org 77969-4}">Jurisdiction code</span></p><p><b>value</b>: YC</p></blockquote><blockquote><p><b>component</b></p><p><b>code</b>: <span title="Codes:{http://loinc.org 81954-0}">Date of death [Date]</span></p><p><b>value</b>: 2024</p></blockquote><blockquote><p><b>component</b></p><p><b>code</b>: <span title="Codes:">index</span></p><p><b>value</b>: 1</p></blockquote><blockquote><p><b>component</b></p><p><b>code</b>: <span title="Codes:">availability</span></p><p><b>value</b>: <span title="Codes:{http://terminology.hl7.org/CodeSystem/v2-0136 Y}">Yes</span></p></blockquote></div>
  </text>
  <status value="final"/>
  <code>
    <coding>
      <system value="http://cdc.gov/nchs/nvss/fhir/vital-records-messaging/CodeSystem/VRM-observation-cs"/>
      <code value="fetaldeathrecordidentifier"/>
    </coding>
  </code>
  <valueString value="100001"/>
  <component>
    <code>
      <coding>
        <system value="http://loinc.org"/>
        <code value="77969-4"/>
      </coding>
    </code>
    <valueString value="YC"/>
  </component>
  <component>
    <code>
      <coding>
        <system value="http://loinc.org"/>
        <code value="81954-0"/>
      </coding>
    </code>
    <valueDateTime value="2024"/>
  </component>
  <component>
    <code>
      <coding>
        <code value="index"/>
      </coding>
    </code>
    <valueInteger value="1"/>
  </component>
  <component>
    <code>
      <coding>
        <code value="availability"/>
      </coding>
    </code>
    <valueCodeableConcept>
      <coding>
        <system value="http://terminology.hl7.org/CodeSystem/v2-0136"/>
        <code value="Y"/>
        <display value="Yes"/>
      </coding>
    </valueCodeableConcept>
  </component>
</Observation>