<?xml version="1.0" encoding="UTF-8"?>

<Parameters xmlns="http://hl7.org/fhir">
  <id value="ParametersLinkage-FetalDeathWithCertPending"/>
  <meta>
    <profile value="http://cdc.gov/nchs/nvss/fhir/vital-records-messaging/StructureDefinition/VRM-RecentPregnancyParameters"/>
  </meta>
  <parameter>
    <name value="notes"/>
    <valueString value="Fetal Death"/>
  </parameter>
  <parameter>
    <name value="coded_outcome"/>
    <valueCodeableConcept>
      <coding>
        <system value="http://snomed.info/sct"/>
        <code value="276507005"/>
        <display value="Fetal Death"/>
      </coding>
    </valueCodeableConcept>
  </parameter>
  <parameter>
    <name value="birth_plurality"/>
    <valueInteger value="0"/>
  </parameter>
  <parameter>
    <name value="fetal_death_plurality"/>
    <valueInteger value="1"/>
  </parameter>
  <parameter>
    <name value="preg_status_is_correct"/>
    <valueBoolean value="true"/>
  </parameter>
</Parameters>