{
  "package": "vital-records-fhir-messaging",
  "version": "3.0.0-Preview1",
  "fhirVersion": "4.0.1",
  "extensions": [],
  "profiles": {
    "MessageHeader": [
      {
        "url": "http://cdc.gov/nchs/nvss/fhir/vital-records-messaging/StructureDefinition/VRM-SubmissionHeader",
        "title": "Submission Message Header"
      },
      {
        "url": "http://cdc.gov/nchs/nvss/fhir/vital-records-messaging/StructureDefinition/VRM-UpdateHeader",
        "title": "Message Update Header"
      },
      {
        "url": "http://cdc.gov/nchs/nvss/fhir/vital-records-messaging/StructureDefinition/VRM-VoidHeader",
        "title": "Void Header"
      }
    ],
    "Bundle": [
      {
        "url": "http://cdc.gov/nchs/nvss/fhir/vital-records-messaging/StructureDefinition/VRM-maternal-linkage-content-bundle",
        "title": "Maternal Linkage Content Bundle"
      }
    ],
    "Parameters": [
      {
        "url": "http://cdc.gov/nchs/nvss/fhir/vital-records-messaging/StructureDefinition/VRM-VoidParameters",
        "title": "Void Message Parameters"
      }
    ],
    "OperationOutcome": [
      {
        "url": "http://cdc.gov/nchs/nvss/fhir/vital-records-messaging/StructureDefinition/VRM-Outcome",
        "title": "Outcome Profile"
      }
    ],
    "Observation": [
      {
        "url": "http://cdc.gov/nchs/nvss/fhir/vital-records-messaging/StructureDefinition/VRM-birth-record-identifier-child",
        "title": "Birth Record Identifier Child"
      },
      {
        "url": "http://cdc.gov/nchs/nvss/fhir/vital-records-messaging/StructureDefinition/VRM-fetal-death-record-identifier",
        "title": "Fetal Death Record Identifier"
      }
    ]
  },
  "usage": {
    "http://hl7.org/fhir/StructureDefinition/elementdefinition-bestpractice": [
      "StructureDefinition.snapshot.element.constraint"
    ],
    "http://hl7.org/fhir/StructureDefinition/elementdefinition-bestpractice-explanation": [
      "StructureDefinition.snapshot.element.constraint"
    ],
    "http://hl7.org/fhir/StructureDefinition/elementdefinition-bindingName": [
      "StructureDefinition.snapshot.element.binding"
    ],
    "http://hl7.org/fhir/StructureDefinition/elementdefinition-maxValueSet": [
      "StructureDefinition.snapshot.element.binding"
    ],
    "http://hl7.org/fhir/StructureDefinition/structuredefinition-display-hint": [
      "StructureDefinition.snapshot.element"
    ],
    "http://hl7.org/fhir/StructureDefinition/structuredefinition-fhir-type": [
      "StructureDefinition.snapshot.element.type"
    ],
    "http://hl7.org/fhir/tools/StructureDefinition/ig-internal-dependency": [
      "ImplementationGuide.definition"
    ],
    "http://hl7.org/fhir/tools/StructureDefinition/ig-page-name": [
      "ImplementationGuide.definition.page",
      "ImplementationGuide.definition.page.page"
    ],
    "http://hl7.org/fhir/tools/StructureDefinition/ig-parameter": [
      "ImplementationGuide.definition"
    ],
    "http://hl7.org/fhir/tools/StructureDefinition/implementationguide-dependency-comment": [
      "ImplementationGuide.dependsOn"
    ],
    "http://hl7.org/fhir/tools/StructureDefinition/resource-information": [
      "ImplementationGuide.definition.resource"
    ],
    "http://hl7.org/fhir/tools/StructureDefinition/snapshot-base-version": [
      "StructureDefinition.snapshot"
    ],
    "http://hl7.org/fhir/us/vr-common-library/StructureDefinition/AuxiliaryStateIdentifier1": [
      "Bundle.identifier"
    ],
    "http://hl7.org/fhir/us/vr-common-library/StructureDefinition/AuxiliaryStateIdentifier2": [
      "Bundle.identifier"
    ],
    "http://hl7.org/fhir/us/vr-common-library/StructureDefinition/CertificateNumber": [
      "Bundle.identifier"
    ]
  }
}