<?xml version="1.0" encoding="UTF-8"?><CodeSystem xmlns="http://hl7.org/fhir"><id value="VRM-MessageHeaderURI-cs"/><text><status value="generated"/><div xmlns="http://www.w3.org/1999/xhtml"><p class="res-header-id"><b>Generated Narrative: CodeSystem VRM-MessageHeaderURI-cs</b></p><a name="VRM-MessageHeaderURI-cs"> </a><a name="hcVRM-MessageHeaderURI-cs"> </a><a name="VRM-MessageHeaderURI-cs-en-US"> </a><p>This case-sensitive code system <code>http://cdc.gov/nchs/nvss/fhir/vital-records-messaging/CodeSystem/VRM-MessageHeaderURI-cs</code> defines the following codes:</p><table class="codes"><tr><td style="white-space:nowrap"><b>Code</b></td><td><b>Display</b></td><td><b>Definition</b></td></tr><tr><td style="white-space:nowrap">http://nchs.cdc.gov/vrdr_alias<a name="VRM-MessageHeaderURI-cs-http.58.47.47nchs.46cdc.46gov.47vrdr_alias"> </a></td><td>VRDR Alias</td><td>Indicates that this is an alias for a previously submitted death report</td></tr><tr><td style="white-space:nowrap">http://nchs.cdc.gov/vrdr_acknowledgement<a name="VRM-MessageHeaderURI-cs-http.58.47.47nchs.46cdc.46gov.47vrdr_acknowledgement"> </a></td><td>VRDR Acknowledgement</td><td>Indicates this is  an  acknowledgement of a death report</td></tr><tr><td style="white-space:nowrap">http://nchs.cdc.gov/fd_acknowledgement<a name="VRM-MessageHeaderURI-cs-http.58.47.47nchs.46cdc.46gov.47fd_acknowledgement"> </a></td><td>Fetal Acknowledgement</td><td>Indicates this is an  acknowledgement for a Fetal Death report</td></tr><tr><td style="white-space:nowrap">http://nchs.cdc.gov/birth_acknowledgement<a name="VRM-MessageHeaderURI-cs-http.58.47.47nchs.46cdc.46gov.47birth_acknowledgement"> </a></td><td>VRDR Acknowledgement</td><td>Indicates this is  an  acknowledgement for a birth report</td></tr><tr><td style="white-space:nowrap">http://nchs.cdc.gov/vrdr_submission<a name="VRM-MessageHeaderURI-cs-http.58.47.47nchs.46cdc.46gov.47vrdr_submission"> </a></td><td>VRDR Submission</td><td>Indicates that the payload is an initial (or retransmission of an unacknowledged) submission of a death report</td></tr><tr><td style="white-space:nowrap">http://nchs.cdc.gov/vrdr_submission_update<a name="VRM-MessageHeaderURI-cs-http.58.47.47nchs.46cdc.46gov.47vrdr_submission_update"> </a></td><td>VRDR Update</td><td>Indicates this is  an  update  to  a  previously  acknowledged  submission  of  a  death report</td></tr><tr><td style="white-space:nowrap">http://nchs.cdc.gov/birth_submission<a name="VRM-MessageHeaderURI-cs-http.58.47.47nchs.46cdc.46gov.47birth_submission"> </a></td><td>Birth Submission</td><td>Indicates that this is an initial submission of a BFDR birth report</td></tr><tr><td style="white-space:nowrap">http://nchs.cdc.gov/birth_submission_update<a name="VRM-MessageHeaderURI-cs-http.58.47.47nchs.46cdc.46gov.47birth_submission_update"> </a></td><td>Birth Update</td><td>Indicates that this is an updated submission of a birth report</td></tr><tr><td style="white-space:nowrap">http://nchs.cdc.gov/fd_submission<a name="VRM-MessageHeaderURI-cs-http.58.47.47nchs.46cdc.46gov.47fd_submission"> </a></td><td>Fetal Death Submission</td><td>Indicates that the payload is an initial submission of a  fetal death report</td></tr><tr><td style="white-space:nowrap">http://nchs.cdc.gov/fd_submission_update<a name="VRM-MessageHeaderURI-cs-http.58.47.47nchs.46cdc.46gov.47fd_submission_update"> </a></td><td>Fetal Death Update</td><td>Indicates that the payload is an updated submission of a  fetal death report</td></tr><tr><td style="white-space:nowrap">http://nchs.cdc.gov/vrdr_submission_void<a name="VRM-MessageHeaderURI-cs-http.58.47.47nchs.46cdc.46gov.47vrdr_submission_void"> </a></td><td>VRDR Void</td><td>Indicates this is  void  of  a  death report</td></tr><tr><td style="white-space:nowrap">http://nchs.cdc.gov/fd_submission_void<a name="VRM-MessageHeaderURI-cs-http.58.47.47nchs.46cdc.46gov.47fd_submission_void"> </a></td><td>Fetal Death Submission Void</td><td>Indicates this is  void  of  a  fetal death report</td></tr><tr><td style="white-space:nowrap">http://nchs.cdc.gov/birth_submission_void<a name="VRM-MessageHeaderURI-cs-http.58.47.47nchs.46cdc.46gov.47birth_submission_void"> </a></td><td>Birth Submission Void</td><td>Indicates that this is void of a submitted  birth report</td></tr><tr><td style="white-space:nowrap">http://nchs.cdc.gov/vrdr_demographics_coding<a name="VRM-MessageHeaderURI-cs-http.58.47.47nchs.46cdc.46gov.47vrdr_demographics_coding"> </a></td><td>VRDR Demographics Coding</td><td>Indicates that this is an initial demographics coding of a death report</td></tr><tr><td style="white-space:nowrap">http://nchs.cdc.gov/vrdr_demographics_coding_update<a name="VRM-MessageHeaderURI-cs-http.58.47.47nchs.46cdc.46gov.47vrdr_demographics_coding_update"> </a></td><td>VRDR Demographics Coding Update</td><td>Indicates that this is an updated demographics coding of a death report</td></tr><tr><td style="white-space:nowrap">http://nchs.cdc.gov/birth_demographics_coding<a name="VRM-MessageHeaderURI-cs-http.58.47.47nchs.46cdc.46gov.47birth_demographics_coding"> </a></td><td>Birth Parental Demographics Coding</td><td>Indicates that this is an initial demographics coding of a birth report</td></tr><tr><td style="white-space:nowrap">http://nchs.cdc.gov/birth_demographics_coding_update<a name="VRM-MessageHeaderURI-cs-http.58.47.47nchs.46cdc.46gov.47birth_demographics_coding_update"> </a></td><td>Bith Parental Demographics Coding Update</td><td>Indicates that this is an updated demographics coding of a birth report</td></tr><tr><td style="white-space:nowrap">http://nchs.cdc.gov/fd_demographics_coding<a name="VRM-MessageHeaderURI-cs-http.58.47.47nchs.46cdc.46gov.47fd_demographics_coding"> </a></td><td>Fetal Death Parental Demographics Coding</td><td>Indicates that this is an initial demographics coding of a fetal death report</td></tr><tr><td style="white-space:nowrap">http://nchs.cdc.gov/fd_demographics_coding_update<a name="VRM-MessageHeaderURI-cs-http.58.47.47nchs.46cdc.46gov.47fd_demographics_coding_update"> </a></td><td>Fetal Death Parental Demographics Coding Update</td><td>Indicates that this is an updated demographics coding of a fetal death report</td></tr><tr><td style="white-space:nowrap">http://nchs.cdc.gov/vrdr_causeofdeath_coding<a name="VRM-MessageHeaderURI-cs-http.58.47.47nchs.46cdc.46gov.47vrdr_causeofdeath_coding"> </a></td><td>VRDR Cause of Death Coding</td><td>Indicates that this is an initial cause of death coding of a death report</td></tr><tr><td style="white-space:nowrap">http://nchs.cdc.gov/vrdr_causeofdeath_coding_update<a name="VRM-MessageHeaderURI-cs-http.58.47.47nchs.46cdc.46gov.47vrdr_causeofdeath_coding_update"> </a></td><td>VRDR Cause of Death Coding Update</td><td>Indicates that this is an updated cause of death coding</td></tr><tr><td style="white-space:nowrap">http://nchs.cdc.gov/fd_causeofdeath_coding<a name="VRM-MessageHeaderURI-cs-http.58.47.47nchs.46cdc.46gov.47fd_causeofdeath_coding"> </a></td><td>Cause of Fetal Death Submission</td><td>Indicates that this is an initial fetal cause of death</td></tr><tr><td style="white-space:nowrap">http://nchs.cdc.gov/fd_causeofdeath_coding_update<a name="VRM-MessageHeaderURI-cs-http.58.47.47nchs.46cdc.46gov.47fd_causeofdeath_coding_update"> </a></td><td>Cause of Fetal Death Update</td><td>Indicates that this is an updated fetal cause of death</td></tr><tr><td style="white-space:nowrap">http://nchs.cdc.gov/vrdr_industryoccupation_coding<a name="VRM-MessageHeaderURI-cs-http.58.47.47nchs.46cdc.46gov.47vrdr_industryoccupation_coding"> </a></td><td>VRDR Industry Occupation Coding</td><td>Indicates that this is an initial industry occupation coding</td></tr><tr><td style="white-space:nowrap">http://nchs.cdc.gov/vrdr_industryoccupation_coding_update<a name="VRM-MessageHeaderURI-cs-http.58.47.47nchs.46cdc.46gov.47vrdr_industryoccupation_coding_update"> </a></td><td>VRDR Industry Occupation Coding Update</td><td>Indicates that this is an updated industry occupation coding</td></tr><tr><td style="white-space:nowrap">http://nchs.cdc.gov/fd_industryoccupation_coding<a name="VRM-MessageHeaderURI-cs-http.58.47.47nchs.46cdc.46gov.47fd_industryoccupation_coding"> </a></td><td>Fetal Death Industry Occupation Coding</td><td>Indicates that this is an initial industry occupation coding of the mother on a fetal death report</td></tr><tr><td style="white-space:nowrap">http://nchs.cdc.gov/fd_industryoccupation_coding_update<a name="VRM-MessageHeaderURI-cs-http.58.47.47nchs.46cdc.46gov.47fd_industryoccupation_coding_update"> </a></td><td>Fetal Death Industry Occupation Coding Update</td><td>Indicates that this is an updated industry occupation coding of the mother on a fetal death report</td></tr><tr><td style="white-space:nowrap">http://nchs.cdc.gov/birth_industryoccupation_coding<a name="VRM-MessageHeaderURI-cs-http.58.47.47nchs.46cdc.46gov.47birth_industryoccupation_coding"> </a></td><td>Birth Industry Occupation Coding</td><td>Indicates that this is an initial industry occupation coding of the mother on a birth report</td></tr><tr><td style="white-space:nowrap">http://nchs.cdc.gov/birth_industryoccupation_coding_update<a name="VRM-MessageHeaderURI-cs-http.58.47.47nchs.46cdc.46gov.47birth_industryoccupation_coding_update"> </a></td><td>Birth  Industry Occupation Coding Update</td><td>Indicates that this is an updated industry occupation coding of the mother on a birth report</td></tr><tr><td style="white-space:nowrap">http://nchs.cdc.gov/vrdr_extraction_error<a name="VRM-MessageHeaderURI-cs-http.58.47.47nchs.46cdc.46gov.47vrdr_extraction_error"> </a></td><td>VRDR Extraction Error</td><td>Indicates that this is an extraction error on a death report</td></tr><tr><td style="white-space:nowrap">http://nchs.cdc.gov/fd_extraction_error<a name="VRM-MessageHeaderURI-cs-http.58.47.47nchs.46cdc.46gov.47fd_extraction_error"> </a></td><td>Fetal Death Extraction Error</td><td>Indicates that this is an extraction error for a Fetal Death report</td></tr><tr><td style="white-space:nowrap">http://nchs.cdc.gov/birth_extraction_error<a name="VRM-MessageHeaderURI-cs-http.58.47.47nchs.46cdc.46gov.47birth_extraction_error"> </a></td><td>Birth Extraction Error</td><td>Indicates that this is an extraction error for a Birth report</td></tr><tr><td style="white-space:nowrap">http://nchs.cdc.gov/vrdr_status<a name="VRM-MessageHeaderURI-cs-http.58.47.47nchs.46cdc.46gov.47vrdr_status"> </a></td><td>VRDR Status</td><td>Indicates that this is a status for a previously submitted death report</td></tr><tr><td style="white-space:nowrap">http://nchs.cdc.gov/fd_status<a name="VRM-MessageHeaderURI-cs-http.58.47.47nchs.46cdc.46gov.47fd_status"> </a></td><td>Fetal Death Status</td><td>Indicates that this is a status for a previously submitted Fetal Death Record</td></tr><tr><td style="white-space:nowrap">http://nchs.cdc.gov/birth_status<a name="VRM-MessageHeaderURI-cs-http.58.47.47nchs.46cdc.46gov.47birth_status"> </a></td><td>Birth Status</td><td>Indicates that this is a status for a previously submitted birth report</td></tr></table></div></text><url value="http://cdc.gov/nchs/nvss/fhir/vital-records-messaging/CodeSystem/VRM-MessageHeaderURI-cs"/><version value="2.0.0-Preview4"/><name value="MessageHeaderURICS"/><title value="MessageHeader URI Values"/><status value="draft"/><experimental value="false"/><date value="2025-02-18T14:47:05-05:00"/><publisher value="CDC NCHS"/><contact><name value="CDC NCHS"/><telecom><system value="url"/><value value="http://cdc.gov/nchs"/></telecom></contact><description value="MessageHeader URI Values"/><caseSensitive value="true"/><content value="complete"/><count value="35"/><concept><code value="http://nchs.cdc.gov/vrdr_alias"/><display value="VRDR Alias"/><definition value="Indicates that this is an alias for a previously submitted death report"/></concept><concept><code value="http://nchs.cdc.gov/vrdr_acknowledgement"/><display value="VRDR Acknowledgement"/><definition value="Indicates this is  an  acknowledgement of a death report"/></concept><concept><code value="http://nchs.cdc.gov/fd_acknowledgement"/><display value="Fetal Acknowledgement"/><definition value="Indicates this is an  acknowledgement for a Fetal Death report"/></concept><concept><code value="http://nchs.cdc.gov/birth_acknowledgement"/><display value="VRDR Acknowledgement"/><definition value="Indicates this is  an  acknowledgement for a birth report"/></concept><concept><code value="http://nchs.cdc.gov/vrdr_submission"/><display value="VRDR Submission"/><definition value="Indicates that the payload is an initial (or retransmission of an unacknowledged) submission of a death report"/></concept><concept><code value="http://nchs.cdc.gov/vrdr_submission_update"/><display value="VRDR Update"/><definition value="Indicates this is  an  update  to  a  previously  acknowledged  submission  of  a  death report"/></concept><concept><code value="http://nchs.cdc.gov/birth_submission"/><display value="Birth Submission"/><definition value="Indicates that this is an initial submission of a BFDR birth report"/></concept><concept><code value="http://nchs.cdc.gov/birth_submission_update"/><display value="Birth Update"/><definition value="Indicates that this is an updated submission of a birth report"/></concept><concept><code value="http://nchs.cdc.gov/fd_submission"/><display value="Fetal Death Submission"/><definition value="Indicates that the payload is an initial submission of a  fetal death report"/></concept><concept><code value="http://nchs.cdc.gov/fd_submission_update"/><display value="Fetal Death Update"/><definition value="Indicates that the payload is an updated submission of a  fetal death report"/></concept><concept><code value="http://nchs.cdc.gov/vrdr_submission_void"/><display value="VRDR Void"/><definition value="Indicates this is  void  of  a  death report"/></concept><concept><code value="http://nchs.cdc.gov/fd_submission_void"/><display value="Fetal Death Submission Void"/><definition value="Indicates this is  void  of  a  fetal death report"/></concept><concept><code value="http://nchs.cdc.gov/birth_submission_void"/><display value="Birth Submission Void"/><definition value="Indicates that this is void of a submitted  birth report"/></concept><concept><code value="http://nchs.cdc.gov/vrdr_demographics_coding"/><display value="VRDR Demographics Coding"/><definition value="Indicates that this is an initial demographics coding of a death report"/></concept><concept><code value="http://nchs.cdc.gov/vrdr_demographics_coding_update"/><display value="VRDR Demographics Coding Update"/><definition value="Indicates that this is an updated demographics coding of a death report"/></concept><concept><code value="http://nchs.cdc.gov/birth_demographics_coding"/><display value="Birth Parental Demographics Coding"/><definition value="Indicates that this is an initial demographics coding of a birth report"/></concept><concept><code value="http://nchs.cdc.gov/birth_demographics_coding_update"/><display value="Bith Parental Demographics Coding Update"/><definition value="Indicates that this is an updated demographics coding of a birth report"/></concept><concept><code value="http://nchs.cdc.gov/fd_demographics_coding"/><display value="Fetal Death Parental Demographics Coding"/><definition value="Indicates that this is an initial demographics coding of a fetal death report"/></concept><concept><code value="http://nchs.cdc.gov/fd_demographics_coding_update"/><display value="Fetal Death Parental Demographics Coding Update"/><definition value="Indicates that this is an updated demographics coding of a fetal death report"/></concept><concept><code value="http://nchs.cdc.gov/vrdr_causeofdeath_coding"/><display value="VRDR Cause of Death Coding"/><definition value="Indicates that this is an initial cause of death coding of a death report"/></concept><concept><code value="http://nchs.cdc.gov/vrdr_causeofdeath_coding_update"/><display value="VRDR Cause of Death Coding Update"/><definition value="Indicates that this is an updated cause of death coding"/></concept><concept><code value="http://nchs.cdc.gov/fd_causeofdeath_coding"/><display value="Cause of Fetal Death Submission"/><definition value="Indicates that this is an initial fetal cause of death"/></concept><concept><code value="http://nchs.cdc.gov/fd_causeofdeath_coding_update"/><display value="Cause of Fetal Death Update"/><definition value="Indicates that this is an updated fetal cause of death"/></concept><concept><code value="http://nchs.cdc.gov/vrdr_industryoccupation_coding"/><display value="VRDR Industry Occupation Coding"/><definition value="Indicates that this is an initial industry occupation coding"/></concept><concept><code value="http://nchs.cdc.gov/vrdr_industryoccupation_coding_update"/><display value="VRDR Industry Occupation Coding Update"/><definition value="Indicates that this is an updated industry occupation coding"/></concept><concept><code value="http://nchs.cdc.gov/fd_industryoccupation_coding"/><display value="Fetal Death Industry Occupation Coding"/><definition value="Indicates that this is an initial industry occupation coding of the mother on a fetal death report"/></concept><concept><code value="http://nchs.cdc.gov/fd_industryoccupation_coding_update"/><display value="Fetal Death Industry Occupation Coding Update"/><definition value="Indicates that this is an updated industry occupation coding of the mother on a fetal death report"/></concept><concept><code value="http://nchs.cdc.gov/birth_industryoccupation_coding"/><display value="Birth Industry Occupation Coding"/><definition value="Indicates that this is an initial industry occupation coding of the mother on a birth report"/></concept><concept><code value="http://nchs.cdc.gov/birth_industryoccupation_coding_update"/><display value="Birth  Industry Occupation Coding Update"/><definition value="Indicates that this is an updated industry occupation coding of the mother on a birth report"/></concept><concept><code value="http://nchs.cdc.gov/vrdr_extraction_error"/><display value="VRDR Extraction Error"/><definition value="Indicates that this is an extraction error on a death report"/></concept><concept><code value="http://nchs.cdc.gov/fd_extraction_error"/><display value="Fetal Death Extraction Error"/><definition value="Indicates that this is an extraction error for a Fetal Death report"/></concept><concept><code value="http://nchs.cdc.gov/birth_extraction_error"/><display value="Birth Extraction Error"/><definition value="Indicates that this is an extraction error for a Birth report"/></concept><concept><code value="http://nchs.cdc.gov/vrdr_status"/><display value="VRDR Status"/><definition value="Indicates that this is a status for a previously submitted death report"/></concept><concept><code value="http://nchs.cdc.gov/fd_status"/><display value="Fetal Death Status"/><definition value="Indicates that this is a status for a previously submitted Fetal Death Record"/></concept><concept><code value="http://nchs.cdc.gov/birth_status"/><display value="Birth Status"/><definition value="Indicates that this is a status for a previously submitted birth report"/></concept></CodeSystem>