{
  "resourceType" : "MessageHeader",
  "id" : "ParentalDemographicsCodingUpdateHeader-Example1",
  "meta" : {
    "profile" : ["http://cdc.gov/nchs/nvss/fhir/vital-records-messaging/StructureDefinition/VRM-ParentalDemographicsCodingUpdateHeader"]
  },
  "text" : {
    "status" : "generated",
    "div" : "<div xmlns=\"http://www.w3.org/1999/xhtml\"><p class=\"res-header-id\"><b>Generated Narrative: MessageHeader ParentalDemographicsCodingUpdateHeader-Example1</b></p><a name=\"ParentalDemographicsCodingUpdateHeader-Example1\"> </a><a name=\"hcParentalDemographicsCodingUpdateHeader-Example1\"> </a><a name=\"ParentalDemographicsCodingUpdateHeader-Example1-en-US\"> </a><p><b>event</b>: <a href=\"http://nchs.cdc.gov/bfdr_demographics_coding_update\">http://nchs.cdc.gov/bfdr_demographics_coding_update</a></p><h3>Destinations</h3><table class=\"grid\"><tr><td style=\"display: none\">-</td><td><b>Endpoint</b></td></tr><tr><td style=\"display: none\">*</td><td><a href=\"http://nchs.cdc.gov/bfdr_submission\">http://nchs.cdc.gov/bfdr_submission</a></td></tr></table><h3>Sources</h3><table class=\"grid\"><tr><td style=\"display: none\">-</td><td><b>Endpoint</b></td></tr><tr><td style=\"display: none\">*</td><td><a href=\"https://sos.ny.gov/vitalrecords\">https://sos.ny.gov/vitalrecords</a></td></tr></table><h3>Responses</h3><table class=\"grid\"><tr><td style=\"display: none\">-</td><td><b>Identifier</b></td><td><b>Code</b></td></tr><tr><td style=\"display: none\">*</td><td>BirthReportHeader-Example1</td><td>OK</td></tr></table><p><b>focus</b>: </p><ul><li><a href=\"Bundle-BirthReportMessage-Example1.html#http-//www.example.org/fhir/Bundle/DummyBundle\">Bundle: type = message; timestamp = 2022-08-20 00:00:00+0000</a></li><li><a href=\"Bundle-BirthReportMessage-Example1.html#http-//www.example.org/fhir/Parameters/ParametersBirth-Example1\">Bundle: type = message; timestamp = 2022-08-20 00:00:00+0000</a></li></ul></div>"
  },
  "eventUri" : "http://nchs.cdc.gov/bfdr_demographics_coding_update",
  "destination" : [{
    "endpoint" : "http://nchs.cdc.gov/bfdr_submission"
  }],
  "source" : {
    "endpoint" : "https://sos.ny.gov/vitalrecords"
  },
  "response" : {
    "identifier" : "BirthReportHeader-Example1",
    "code" : "ok"
  },
  "focus" : [{
    "reference" : "http://www.example.org/fhir/Bundle/DummyBundle"
  },
  {
    "reference" : "http://www.example.org/fhir/Parameters/ParametersBirth-Example1"
  }]
}