{
  "resourceType" : "MessageHeader",
  "id" : "FetalDeathReportHeader-Example1",
  "meta" : {
    "profile" : ["http://cdc.gov/nchs/nvss/fhir/vital-records-messaging/StructureDefinition/VRM-FetalDeathReportHeader"]
  },
  "text" : {
    "status" : "generated",
    "div" : "<div xmlns=\"http://www.w3.org/1999/xhtml\"><p class=\"res-header-id\"><b>Generated Narrative: MessageHeader FetalDeathReportHeader-Example1</b></p><a name=\"FetalDeathReportHeader-Example1\"> </a><a name=\"hcFetalDeathReportHeader-Example1\"> </a><a name=\"FetalDeathReportHeader-Example1-en-US\"> </a><p><b>event</b>: <a href=\"http://nchs.cdc.gov/bfdr_death\">http://nchs.cdc.gov/bfdr_death</a></p><h3>Destinations</h3><table class=\"grid\"><tr><td style=\"display: none\">-</td><td><b>Endpoint</b></td></tr><tr><td style=\"display: none\">*</td><td><a href=\"http://nchs.cdc.gov/bfdr_submission\">http://nchs.cdc.gov/bfdr_submission</a></td></tr></table><h3>Sources</h3><table class=\"grid\"><tr><td style=\"display: none\">-</td><td><b>Endpoint</b></td></tr><tr><td style=\"display: none\">*</td><td><a href=\"https://sos.ny.gov/vitalrecords\">https://sos.ny.gov/vitalrecords</a></td></tr></table><p><b>focus</b>: </p><ul><li><a href=\"Bundle-BirthReportMessage-Example1.html#http-//www.example.org/fhir/Bundle/DummyBundle\">Bundle: type = message; timestamp = 2022-08-20 00:00:00+0000</a></li><li><a href=\"Bundle-CodedCauseOfFetalDeathMessage-Example1.html#http-//www.example.org/fhir/Parameters/ParametersFD-Example2\">Bundle: type = message; timestamp = 2021-05-20 00:00:00+0000</a></li></ul></div>"
  },
  "eventUri" : "http://nchs.cdc.gov/bfdr_death",
  "destination" : [{
    "endpoint" : "http://nchs.cdc.gov/bfdr_submission"
  }],
  "source" : {
    "endpoint" : "https://sos.ny.gov/vitalrecords"
  },
  "focus" : [{
    "reference" : "http://www.example.org/fhir/Bundle/DummyBundle"
  },
  {
    "reference" : "http://www.example.org/fhir/Parameters/ParametersFD-Example2"
  }]
}