<?xml version="1.0" encoding="UTF-8"?>

<MessageHeader xmlns="http://hl7.org/fhir">
  <id value="BirthReportUpdateHeader-Example1"/>
  <meta>
    <profile value="http://cdc.gov/nchs/nvss/fhir/vital-records-messaging/StructureDefinition/VRM-BirthReportUpdateHeader"/>
  </meta>
  <text>
    <status value="generated"/><div xmlns="http://www.w3.org/1999/xhtml"><p class="res-header-id"><b>Generated Narrative: MessageHeader BirthReportUpdateHeader-Example1</b></p><a name="BirthReportUpdateHeader-Example1"> </a><a name="hcBirthReportUpdateHeader-Example1"> </a><a name="BirthReportUpdateHeader-Example1-en-US"> </a><p><b>event</b>: <a href="http://nchs.cdc.gov/bfdr_birth_update">http://nchs.cdc.gov/bfdr_birth_update</a></p><h3>Destinations</h3><table class="grid"><tr><td style="display: none">-</td><td><b>Endpoint</b></td></tr><tr><td style="display: none">*</td><td><a href="http://nchs.cdc.gov/bfdr_submission">http://nchs.cdc.gov/bfdr_submission</a></td></tr></table><h3>Sources</h3><table class="grid"><tr><td style="display: none">-</td><td><b>Endpoint</b></td></tr><tr><td style="display: none">*</td><td><a href="https://sos.ny.gov/vitalrecords">https://sos.ny.gov/vitalrecords</a></td></tr></table><p><b>focus</b>: </p><ul><li><a href="Bundle-BirthReportMessage-Example1.html#http-//www.example.org/fhir/Bundle/DummyBundle">Bundle: type = message; timestamp = 2022-08-20 00:00:00+0000</a></li><li><a href="Bundle-BirthReportMessage-Example1.html#http-//www.example.org/fhir/Parameters/ParametersBirth-Example1">Bundle: type = message; timestamp = 2022-08-20 00:00:00+0000</a></li></ul></div>
  </text>
  <eventUri value="http://nchs.cdc.gov/bfdr_birth_update"/>
  <destination>
    <endpoint value="http://nchs.cdc.gov/bfdr_submission"/>
  </destination>
  <source>
    <endpoint value="https://sos.ny.gov/vitalrecords"/>
  </source>
  <focus>
    <reference value="http://www.example.org/fhir/Bundle/DummyBundle"/>
  </focus>
  <focus>
    <reference value="http://www.example.org/fhir/Parameters/ParametersBirth-Example1"/>
  </focus>
</MessageHeader>