{
  "resourceType" : "MessageHeader",
  "id" : "VoidHeaderDeath-Example1",
  "meta" : {
    "profile" : ["http://cdc.gov/nchs/nvss/fhir/vital-records-messaging/StructureDefinition/VRM-VoidHeader"]
  },
  "text" : {
    "status" : "generated",
    "div" : "<div xmlns=\"http://www.w3.org/1999/xhtml\"><p class=\"res-header-id\"><b>Generated Narrative: MessageHeader VoidHeaderDeath-Example1</b></p><a name=\"VoidHeaderDeath-Example1\"> </a><a name=\"hcVoidHeaderDeath-Example1\"> </a><a name=\"VoidHeaderDeath-Example1-en-US\"> </a><p><b>event</b>: <a href=\"http://nchs.cdc.gov/vrdr_submission_void\">http://nchs.cdc.gov/vrdr_submission_void</a></p><h3>Destinations</h3><table class=\"grid\"><tr><td style=\"display: none\">-</td><td><b>Endpoint</b></td></tr><tr><td style=\"display: none\">*</td><td><a href=\"http://nchs.cdc.gov/vrdr_submission\">http://nchs.cdc.gov/vrdr_submission</a></td></tr></table><h3>Sources</h3><table class=\"grid\"><tr><td style=\"display: none\">-</td><td><b>Endpoint</b></td></tr><tr><td style=\"display: none\">*</td><td><a href=\"https://sos.ny.gov/vitalrecords\">https://sos.ny.gov/vitalrecords</a></td></tr></table><p><b>focus</b>: <a href=\"Bundle-DeathRecordVoidMessage-Example1.html#http-//www.example.org/fhir/Parameters/VoidParameters-Example1\">Bundle: type = message; timestamp = 2021-05-20 00:00:00+0000</a></p></div>"
  },
  "eventUri" : "http://nchs.cdc.gov/vrdr_submission_void",
  "destination" : [{
    "endpoint" : "http://nchs.cdc.gov/vrdr_submission"
  }],
  "source" : {
    "endpoint" : "https://sos.ny.gov/vitalrecords"
  },
  "focus" : [{
    "reference" : "http://www.example.org/fhir/Parameters/VoidParameters-Example1"
  }]
}