{
  "resourceType" : "Parameters",
  "id" : "ParametersBirth-Example1",
  "meta" : {
    "profile" : ["http://cdc.gov/nchs/nvss/fhir/vital-records-messaging/StructureDefinition/VRM-MessageParameters"]
  },
  "parameter" : [{
    "name" : "jurisdiction_id",
    "valueString" : "NY"
  },
  {
    "name" : "cert_no",
    "valueUnsignedInt" : 111111
  },
  {
    "name" : "event_year",
    "valueUnsignedInt" : 2022
  },
  {
    "name" : "state_auxiliary_id",
    "valueString" : "abcdef10"
  },
  {
    "name" : "payload_version_id",
    "valueString" : "BFDRSTU2.0"
  }]
}