{"resourceType":"CodeSystem","id":"VRM-MessageHeaderURI-cs","text":{"status":"generated","div":"<div xmlns=\"http://www.w3.org/1999/xhtml\"><p class=\"res-header-id\"><b>Generated Narrative: CodeSystem VRM-MessageHeaderURI-cs</b></p><a name=\"VRM-MessageHeaderURI-cs\"> </a><a name=\"hcVRM-MessageHeaderURI-cs\"> </a><p>This case-sensitive code system <code>http://cdc.gov/nchs/nvss/fhir/vital-records-messaging/CodeSystem/VRM-MessageHeaderURI-cs</code> defines the following codes:</p><table class=\"codes\"><tr><td style=\"white-space:nowrap\"><b>Code</b></td><td><b>Display</b></td><td><b>Definition</b></td></tr><tr><td style=\"white-space:nowrap\">http://nchs.cdc.gov/vrdr_alias<a name=\"VRM-MessageHeaderURI-cs-http.58.47.47nchs.46cdc.46gov.47vrdr_alias\"> </a></td><td>VRDR Alias</td><td>Indicates that this is an alias for a previously submitted death report</td></tr><tr><td style=\"white-space:nowrap\">http://nchs.cdc.gov/vrdr_acknowledgement<a name=\"VRM-MessageHeaderURI-cs-http.58.47.47nchs.46cdc.46gov.47vrdr_acknowledgement\"> </a></td><td>VRDR Acknowledgement</td><td>Indicates this is  an  acknowledgement of a death report</td></tr><tr><td style=\"white-space:nowrap\">http://nchs.cdc.gov/fd_acknowledgement<a name=\"VRM-MessageHeaderURI-cs-http.58.47.47nchs.46cdc.46gov.47fd_acknowledgement\"> </a></td><td>Fetal Acknowledgement</td><td>Indicates this is an  acknowledgement for a Fetal Death report</td></tr><tr><td style=\"white-space:nowrap\">http://nchs.cdc.gov/birth_acknowledgement<a name=\"VRM-MessageHeaderURI-cs-http.58.47.47nchs.46cdc.46gov.47birth_acknowledgement\"> </a></td><td>VRDR Acknowledgement</td><td>Indicates this is  an  acknowledgement for a birth report</td></tr><tr><td style=\"white-space:nowrap\">http://nchs.cdc.gov/vrdr_submission<a name=\"VRM-MessageHeaderURI-cs-http.58.47.47nchs.46cdc.46gov.47vrdr_submission\"> </a></td><td>VRDR Submission</td><td>Indicates that the payload is an initial (or retransmission of an unacknowledged) submission of a death report</td></tr><tr><td style=\"white-space:nowrap\">http://nchs.cdc.gov/vrdr_submission_update<a name=\"VRM-MessageHeaderURI-cs-http.58.47.47nchs.46cdc.46gov.47vrdr_submission_update\"> </a></td><td>VRDR Update</td><td>Indicates this is  an  update  to  a  previously  acknowledged  submission  of  a  death report</td></tr><tr><td style=\"white-space:nowrap\">http://nchs.cdc.gov/birth_submission<a name=\"VRM-MessageHeaderURI-cs-http.58.47.47nchs.46cdc.46gov.47birth_submission\"> </a></td><td>Birth Submission</td><td>Indicates that this is an initial submission of a BFDR birth report</td></tr><tr><td style=\"white-space:nowrap\">http://nchs.cdc.gov/birth_submission_update<a name=\"VRM-MessageHeaderURI-cs-http.58.47.47nchs.46cdc.46gov.47birth_submission_update\"> </a></td><td>Birth Update</td><td>Indicates that this is an updated submission of a birth report</td></tr><tr><td style=\"white-space:nowrap\">http://nchs.cdc.gov/fd_submission<a name=\"VRM-MessageHeaderURI-cs-http.58.47.47nchs.46cdc.46gov.47fd_submission\"> </a></td><td>Fetal Death Submission</td><td>Indicates that the payload is an initial submission of a  fetal death report</td></tr><tr><td style=\"white-space:nowrap\">http://nchs.cdc.gov/fd_submission_update<a name=\"VRM-MessageHeaderURI-cs-http.58.47.47nchs.46cdc.46gov.47fd_submission_update\"> </a></td><td>Fetal Death Update</td><td>Indicates that the payload is an updated submission of a  fetal death report</td></tr><tr><td style=\"white-space:nowrap\">http://nchs.cdc.gov/vrdr_submission_void<a name=\"VRM-MessageHeaderURI-cs-http.58.47.47nchs.46cdc.46gov.47vrdr_submission_void\"> </a></td><td>VRDR Void</td><td>Indicates this is  void  of  a  death report</td></tr><tr><td style=\"white-space:nowrap\">http://nchs.cdc.gov/fd_submission_void<a name=\"VRM-MessageHeaderURI-cs-http.58.47.47nchs.46cdc.46gov.47fd_submission_void\"> </a></td><td>Fetal Death Submission Void</td><td>Indicates this is  void  of  a  fetal death report</td></tr><tr><td style=\"white-space:nowrap\">http://nchs.cdc.gov/birth_submission_void<a name=\"VRM-MessageHeaderURI-cs-http.58.47.47nchs.46cdc.46gov.47birth_submission_void\"> </a></td><td>Birth Submission Void</td><td>Indicates that this is void of a submitted  birth report</td></tr><tr><td style=\"white-space:nowrap\">http://nchs.cdc.gov/vrdr_demographics_coding<a name=\"VRM-MessageHeaderURI-cs-http.58.47.47nchs.46cdc.46gov.47vrdr_demographics_coding\"> </a></td><td>VRDR Demographics Coding</td><td>Indicates that this is an initial demographics coding of a death report</td></tr><tr><td style=\"white-space:nowrap\">http://nchs.cdc.gov/vrdr_demographics_coding_update<a name=\"VRM-MessageHeaderURI-cs-http.58.47.47nchs.46cdc.46gov.47vrdr_demographics_coding_update\"> </a></td><td>VRDR Demographics Coding Update</td><td>Indicates that this is an updated demographics coding of a death report</td></tr><tr><td style=\"white-space:nowrap\">http://nchs.cdc.gov/birth_demographics_coding<a name=\"VRM-MessageHeaderURI-cs-http.58.47.47nchs.46cdc.46gov.47birth_demographics_coding\"> </a></td><td>Birth Parental Demographics Coding</td><td>Indicates that this is an initial demographics coding of a birth report</td></tr><tr><td style=\"white-space:nowrap\">http://nchs.cdc.gov/birth_demographics_coding_update<a name=\"VRM-MessageHeaderURI-cs-http.58.47.47nchs.46cdc.46gov.47birth_demographics_coding_update\"> </a></td><td>Bith Parental Demographics Coding Update</td><td>Indicates that this is an updated demographics coding of a birth report</td></tr><tr><td style=\"white-space:nowrap\">http://nchs.cdc.gov/fd_demographics_coding<a name=\"VRM-MessageHeaderURI-cs-http.58.47.47nchs.46cdc.46gov.47fd_demographics_coding\"> </a></td><td>Fetal Death Parental Demographics Coding</td><td>Indicates that this is an initial demographics coding of a fetal death report</td></tr><tr><td style=\"white-space:nowrap\">http://nchs.cdc.gov/fd_demographics_coding_update<a name=\"VRM-MessageHeaderURI-cs-http.58.47.47nchs.46cdc.46gov.47fd_demographics_coding_update\"> </a></td><td>Fetal Death Parental Demographics Coding Update</td><td>Indicates that this is an updated demographics coding of a fetal death report</td></tr><tr><td style=\"white-space:nowrap\">http://nchs.cdc.gov/vrdr_causeofdeath_coding<a name=\"VRM-MessageHeaderURI-cs-http.58.47.47nchs.46cdc.46gov.47vrdr_causeofdeath_coding\"> </a></td><td>VRDR Cause of Death Coding</td><td>Indicates that this is an initial cause of death coding of a death report</td></tr><tr><td style=\"white-space:nowrap\">http://nchs.cdc.gov/vrdr_causeofdeath_coding_update<a name=\"VRM-MessageHeaderURI-cs-http.58.47.47nchs.46cdc.46gov.47vrdr_causeofdeath_coding_update\"> </a></td><td>VRDR Cause of Death Coding Update</td><td>Indicates that this is an updated cause of death coding</td></tr><tr><td style=\"white-space:nowrap\">http://nchs.cdc.gov/fd_causeofdeath_coding<a name=\"VRM-MessageHeaderURI-cs-http.58.47.47nchs.46cdc.46gov.47fd_causeofdeath_coding\"> </a></td><td>Cause of Fetal Death Submission</td><td>Indicates that this is an initial fetal cause of death</td></tr><tr><td style=\"white-space:nowrap\">http://nchs.cdc.gov/fd_causeofdeath_coding_update<a name=\"VRM-MessageHeaderURI-cs-http.58.47.47nchs.46cdc.46gov.47fd_causeofdeath_coding_update\"> </a></td><td>Cause of Fetal Death Update</td><td>Indicates that this is an updated fetal cause of death</td></tr><tr><td style=\"white-space:nowrap\">http://nchs.cdc.gov/vrdr_industryoccupation_coding<a name=\"VRM-MessageHeaderURI-cs-http.58.47.47nchs.46cdc.46gov.47vrdr_industryoccupation_coding\"> </a></td><td>VRDR Industry Occupation Coding</td><td>Indicates that this is an initial industry occupation coding</td></tr><tr><td style=\"white-space:nowrap\">http://nchs.cdc.gov/vrdr_industryoccupation_coding_update<a name=\"VRM-MessageHeaderURI-cs-http.58.47.47nchs.46cdc.46gov.47vrdr_industryoccupation_coding_update\"> </a></td><td>VRDR Industry Occupation Coding Update</td><td>Indicates that this is an updated industry occupation coding</td></tr><tr><td style=\"white-space:nowrap\">http://nchs.cdc.gov/fd_industryoccupation_coding<a name=\"VRM-MessageHeaderURI-cs-http.58.47.47nchs.46cdc.46gov.47fd_industryoccupation_coding\"> </a></td><td>Fetal Death Industry Occupation Coding</td><td>Indicates that this is an initial industry occupation coding of the mother on a fetal death report</td></tr><tr><td style=\"white-space:nowrap\">http://nchs.cdc.gov/fd_industryoccupation_coding_update<a name=\"VRM-MessageHeaderURI-cs-http.58.47.47nchs.46cdc.46gov.47fd_industryoccupation_coding_update\"> </a></td><td>Fetal Death Industry Occupation Coding Update</td><td>Indicates that this is an updated industry occupation coding of the mother on a fetal death report</td></tr><tr><td style=\"white-space:nowrap\">http://nchs.cdc.gov/birth_industryoccupation_coding<a name=\"VRM-MessageHeaderURI-cs-http.58.47.47nchs.46cdc.46gov.47birth_industryoccupation_coding\"> </a></td><td>Birth Industry Occupation Coding</td><td>Indicates that this is an initial industry occupation coding of the mother on a birth report</td></tr><tr><td style=\"white-space:nowrap\">http://nchs.cdc.gov/birth_industryoccupation_coding_update<a name=\"VRM-MessageHeaderURI-cs-http.58.47.47nchs.46cdc.46gov.47birth_industryoccupation_coding_update\"> </a></td><td>Birth  Industry Occupation Coding Update</td><td>Indicates that this is an updated industry occupation coding of the mother on a birth report</td></tr><tr><td style=\"white-space:nowrap\">http://nchs.cdc.gov/vrdr_extraction_error<a name=\"VRM-MessageHeaderURI-cs-http.58.47.47nchs.46cdc.46gov.47vrdr_extraction_error\"> </a></td><td>VRDR Extraction Error</td><td>Indicates that this is an extraction error on a death report</td></tr><tr><td style=\"white-space:nowrap\">http://nchs.cdc.gov/fd_extraction_error<a name=\"VRM-MessageHeaderURI-cs-http.58.47.47nchs.46cdc.46gov.47fd_extraction_error\"> </a></td><td>Fetal Death Extraction Error</td><td>Indicates that this is an extraction error for a Fetal Death report</td></tr><tr><td style=\"white-space:nowrap\">http://nchs.cdc.gov/birth_extraction_error<a name=\"VRM-MessageHeaderURI-cs-http.58.47.47nchs.46cdc.46gov.47birth_extraction_error\"> </a></td><td>Birth Extraction Error</td><td>Indicates that this is an extraction error for a Birth report</td></tr><tr><td style=\"white-space:nowrap\">http://nchs.cdc.gov/vrdr_status<a name=\"VRM-MessageHeaderURI-cs-http.58.47.47nchs.46cdc.46gov.47vrdr_status\"> </a></td><td>VRDR Status</td><td>Indicates that this is a status for a previously submitted death report</td></tr><tr><td style=\"white-space:nowrap\">http://nchs.cdc.gov/fd_status<a name=\"VRM-MessageHeaderURI-cs-http.58.47.47nchs.46cdc.46gov.47fd_status\"> </a></td><td>Fetal Death Status</td><td>Indicates that this is a status for a previously submitted Fetal Death Record</td></tr><tr><td style=\"white-space:nowrap\">http://nchs.cdc.gov/birth_status<a name=\"VRM-MessageHeaderURI-cs-http.58.47.47nchs.46cdc.46gov.47birth_status\"> </a></td><td>Birth Status</td><td>Indicates that this is a status for a previously submitted birth report</td></tr><tr><td style=\"white-space:nowrap\">http://nchs.cdc.gov/maternal_linkage_request<a name=\"VRM-MessageHeaderURI-cs-http.58.47.47nchs.46cdc.46gov.47maternal_linkage_request\"> </a></td><td>Maternal Linkage Request</td><td>NCHS requests that a jurisdiction submit maternal linkage data</td></tr><tr><td style=\"white-space:nowrap\">http://nchs.cdc.gov/maternal_linkage_submission<a name=\"VRM-MessageHeaderURI-cs-http.58.47.47nchs.46cdc.46gov.47maternal_linkage_submission\"> </a></td><td>Maternal Linkage Submission</td><td>Indicates that the payload is an initial submission of a maternal linkage</td></tr><tr><td style=\"white-space:nowrap\">http://nchs.cdc.gov/maternal_linkage_update<a name=\"VRM-MessageHeaderURI-cs-http.58.47.47nchs.46cdc.46gov.47maternal_linkage_update\"> </a></td><td>Maternal Linkage Update</td><td>Jurisdiction updating previously submitted maternal linkage</td></tr></table></div>"},"url":"http://cdc.gov/nchs/nvss/fhir/vital-records-messaging/CodeSystem/VRM-MessageHeaderURI-cs","version":"3.0.0-Preview1","name":"MessageHeaderURICS","title":"MessageHeader URI Values","status":"draft","experimental":false,"date":"2025-07-09T11:35:05-04:00","publisher":"CDC NCHS","contact":[{"name":"CDC NCHS","telecom":[{"system":"url","value":"http://cdc.gov/nchs"}]}],"description":"MessageHeader URI Values","caseSensitive":true,"content":"complete","count":38,"concept":[{"code":"http://nchs.cdc.gov/vrdr_alias","display":"VRDR Alias","definition":"Indicates that this is an alias for a previously submitted death report"},{"code":"http://nchs.cdc.gov/vrdr_acknowledgement","display":"VRDR Acknowledgement","definition":"Indicates this is  an  acknowledgement of a death report"},{"code":"http://nchs.cdc.gov/fd_acknowledgement","display":"Fetal Acknowledgement","definition":"Indicates this is an  acknowledgement for a Fetal Death report"},{"code":"http://nchs.cdc.gov/birth_acknowledgement","display":"VRDR Acknowledgement","definition":"Indicates this is  an  acknowledgement for a birth report"},{"code":"http://nchs.cdc.gov/vrdr_submission","display":"VRDR Submission","definition":"Indicates that the payload is an initial (or retransmission of an unacknowledged) submission of a death report"},{"code":"http://nchs.cdc.gov/vrdr_submission_update","display":"VRDR Update","definition":"Indicates this is  an  update  to  a  previously  acknowledged  submission  of  a  death report"},{"code":"http://nchs.cdc.gov/birth_submission","display":"Birth Submission","definition":"Indicates that this is an initial submission of a BFDR birth report"},{"code":"http://nchs.cdc.gov/birth_submission_update","display":"Birth Update","definition":"Indicates that this is an updated submission of a birth report"},{"code":"http://nchs.cdc.gov/fd_submission","display":"Fetal Death Submission","definition":"Indicates that the payload is an initial submission of a  fetal death report"},{"code":"http://nchs.cdc.gov/fd_submission_update","display":"Fetal Death Update","definition":"Indicates that the payload is an updated submission of a  fetal death report"},{"code":"http://nchs.cdc.gov/vrdr_submission_void","display":"VRDR Void","definition":"Indicates this is  void  of  a  death report"},{"code":"http://nchs.cdc.gov/fd_submission_void","display":"Fetal Death Submission Void","definition":"Indicates this is  void  of  a  fetal death report"},{"code":"http://nchs.cdc.gov/birth_submission_void","display":"Birth Submission Void","definition":"Indicates that this is void of a submitted  birth report"},{"code":"http://nchs.cdc.gov/vrdr_demographics_coding","display":"VRDR Demographics Coding","definition":"Indicates that this is an initial demographics coding of a death report"},{"code":"http://nchs.cdc.gov/vrdr_demographics_coding_update","display":"VRDR Demographics Coding Update","definition":"Indicates that this is an updated demographics coding of a death report"},{"code":"http://nchs.cdc.gov/birth_demographics_coding","display":"Birth Parental Demographics Coding","definition":"Indicates that this is an initial demographics coding of a birth report"},{"code":"http://nchs.cdc.gov/birth_demographics_coding_update","display":"Bith Parental Demographics Coding Update","definition":"Indicates that this is an updated demographics coding of a birth report"},{"code":"http://nchs.cdc.gov/fd_demographics_coding","display":"Fetal Death Parental Demographics Coding","definition":"Indicates that this is an initial demographics coding of a fetal death report"},{"code":"http://nchs.cdc.gov/fd_demographics_coding_update","display":"Fetal Death Parental Demographics Coding Update","definition":"Indicates that this is an updated demographics coding of a fetal death report"},{"code":"http://nchs.cdc.gov/vrdr_causeofdeath_coding","display":"VRDR Cause of Death Coding","definition":"Indicates that this is an initial cause of death coding of a death report"},{"code":"http://nchs.cdc.gov/vrdr_causeofdeath_coding_update","display":"VRDR Cause of Death Coding Update","definition":"Indicates that this is an updated cause of death coding"},{"code":"http://nchs.cdc.gov/fd_causeofdeath_coding","display":"Cause of Fetal Death Submission","definition":"Indicates that this is an initial fetal cause of death"},{"code":"http://nchs.cdc.gov/fd_causeofdeath_coding_update","display":"Cause of Fetal Death Update","definition":"Indicates that this is an updated fetal cause of death"},{"code":"http://nchs.cdc.gov/vrdr_industryoccupation_coding","display":"VRDR Industry Occupation Coding","definition":"Indicates that this is an initial industry occupation coding"},{"code":"http://nchs.cdc.gov/vrdr_industryoccupation_coding_update","display":"VRDR Industry Occupation Coding Update","definition":"Indicates that this is an updated industry occupation coding"},{"code":"http://nchs.cdc.gov/fd_industryoccupation_coding","display":"Fetal Death Industry Occupation Coding","definition":"Indicates that this is an initial industry occupation coding of the mother on a fetal death report"},{"code":"http://nchs.cdc.gov/fd_industryoccupation_coding_update","display":"Fetal Death Industry Occupation Coding Update","definition":"Indicates that this is an updated industry occupation coding of the mother on a fetal death report"},{"code":"http://nchs.cdc.gov/birth_industryoccupation_coding","display":"Birth Industry Occupation Coding","definition":"Indicates that this is an initial industry occupation coding of the mother on a birth report"},{"code":"http://nchs.cdc.gov/birth_industryoccupation_coding_update","display":"Birth  Industry Occupation Coding Update","definition":"Indicates that this is an updated industry occupation coding of the mother on a birth report"},{"code":"http://nchs.cdc.gov/vrdr_extraction_error","display":"VRDR Extraction Error","definition":"Indicates that this is an extraction error on a death report"},{"code":"http://nchs.cdc.gov/fd_extraction_error","display":"Fetal Death Extraction Error","definition":"Indicates that this is an extraction error for a Fetal Death report"},{"code":"http://nchs.cdc.gov/birth_extraction_error","display":"Birth Extraction Error","definition":"Indicates that this is an extraction error for a Birth report"},{"code":"http://nchs.cdc.gov/vrdr_status","display":"VRDR Status","definition":"Indicates that this is a status for a previously submitted death report"},{"code":"http://nchs.cdc.gov/fd_status","display":"Fetal Death Status","definition":"Indicates that this is a status for a previously submitted Fetal Death Record"},{"code":"http://nchs.cdc.gov/birth_status","display":"Birth Status","definition":"Indicates that this is a status for a previously submitted birth report"},{"code":"http://nchs.cdc.gov/maternal_linkage_request","display":"Maternal Linkage Request","definition":"NCHS requests that a jurisdiction submit maternal linkage data"},{"code":"http://nchs.cdc.gov/maternal_linkage_submission","display":"Maternal Linkage Submission","definition":"Indicates that the payload is an initial submission of a maternal linkage"},{"code":"http://nchs.cdc.gov/maternal_linkage_update","display":"Maternal Linkage Update","definition":"Jurisdiction updating previously submitted maternal linkage"}]}