{"resourceType":"CodeSystem","id":"VRM-Status-cs","text":{"status":"generated","div":"<div xmlns=\"http://www.w3.org/1999/xhtml\"><p class=\"res-header-id\"><b>Generated Narrative: CodeSystem VRM-Status-cs</b></p><a name=\"VRM-Status-cs\"> </a><a name=\"hcVRM-Status-cs\"> </a><p>This case-sensitive code system <code>http://cdc.gov/nchs/nvss/fhir/vital-records-messaging/CodeSystem/VRM-Status-cs</code> defines the following codes:</p><table class=\"codes\"><tr><td style=\"white-space:nowrap\"><b>Code</b></td><td><b>Display</b></td><td><b>Definition</b></td></tr><tr><td style=\"white-space:nowrap\">manualCauseOfDeathCoding<a name=\"VRM-Status-cs-manualCauseOfDeathCoding\"> </a></td><td>Manual Cause of Death Coding</td><td><div><p>The death record has been sent for manual cause of death coding.</p>\n</div></td></tr><tr><td style=\"white-space:nowrap\">manualDemographicCoding<a name=\"VRM-Status-cs-manualDemographicCoding\"> </a></td><td>Manual Demographic  Coding</td><td><div><p>The death record has been sent for manual demographic (race/ethnicity) coding.</p>\n</div></td></tr><tr><td style=\"white-space:nowrap\">noCodingNeeded_Duplicate<a name=\"VRM-Status-cs-noCodingNeeded_Duplicate\"> </a></td><td>No Coding Needed - Duplicate</td><td><div><p>The death record is a duplicate of a previously submitted record, no coding will be performed.</p>\n</div></td></tr><tr><td style=\"white-space:nowrap\">manualCodingCanceled_Update<a name=\"VRM-Status-cs-manualCodingCanceled_Update\"> </a></td><td>Manual Coding Canceled - Update</td><td><div><p>An update has been submitted for a death record that is queued for manual coding.  The manual coding\nhas been canceled for the original record.</p>\n</div></td></tr><tr><td style=\"white-space:nowrap\">manualCodingCanceled_Void<a name=\"VRM-Status-cs-manualCodingCanceled_Void\"> </a></td><td>Manual Coding Canceled - Void</td><td><div><p>A void request has been received for a death record that is queued for manual coding.  The manual coding\nhas been canceled for the original record.</p>\n</div></td></tr><tr><td style=\"white-space:nowrap\">nonCodeable<a name=\"VRM-Status-cs-nonCodeable\"> </a></td><td>Non Codeable</td><td><div><p>The fetal death record does not meet the criteria for fetal cause of death coding.</p>\n</div></td></tr></table></div>"},"url":"http://cdc.gov/nchs/nvss/fhir/vital-records-messaging/CodeSystem/VRM-Status-cs","version":"3.0.0-Preview1","name":"StatusCS","title":"Status Codes Values","status":"draft","experimental":false,"date":"2025-07-09T11:35:05-04:00","publisher":"CDC NCHS","contact":[{"name":"CDC NCHS","telecom":[{"system":"url","value":"http://cdc.gov/nchs"}]}],"description":"Status Codes Values","caseSensitive":true,"content":"complete","count":6,"concept":[{"code":"manualCauseOfDeathCoding","display":"Manual Cause of Death Coding","definition":"The death record has been sent for manual cause of death coding.","designation":[{"use":{"system":"http://terminology.hl7.org/CodeSystem/designation-usage","code":"display"},"value":"Manual Cause of Death Coding"}]},{"code":"manualDemographicCoding","display":"Manual Demographic  Coding","definition":"The death record has been sent for manual demographic (race/ethnicity) coding.","designation":[{"use":{"system":"http://terminology.hl7.org/CodeSystem/designation-usage","code":"display"},"value":"Manual Demographic  Coding"}]},{"code":"noCodingNeeded_Duplicate","display":"No Coding Needed - Duplicate","definition":"The death record is a duplicate of a previously submitted record, no coding will be performed.","designation":[{"use":{"system":"http://terminology.hl7.org/CodeSystem/designation-usage","code":"display"},"value":"No Coding Needed - Duplicate"}]},{"code":"manualCodingCanceled_Update","display":"Manual Coding Canceled - Update","definition":"An update has been submitted for a death record that is queued for manual coding.  The manual coding\nhas been canceled for the original record.","designation":[{"use":{"system":"http://terminology.hl7.org/CodeSystem/designation-usage","code":"display"},"value":"Manual Coding Canceled - Update"}]},{"code":"manualCodingCanceled_Void","display":"Manual Coding Canceled - Void","definition":"A void request has been received for a death record that is queued for manual coding.  The manual coding\nhas been canceled for the original record.","designation":[{"use":{"system":"http://terminology.hl7.org/CodeSystem/designation-usage","code":"display"},"value":"Manual Coding Canceled - Void"}]},{"code":"nonCodeable","display":"Non Codeable","definition":"The fetal death record does not meet the criteria for fetal cause of death coding.","designation":[{"use":{"system":"http://terminology.hl7.org/CodeSystem/designation-usage","code":"display"},"value":"Non Codeable"}]}]}