{"resourceType":"ValueSet","id":"VRM-StatusHeaderURI-vs","text":{"status":"extensions","div":"<div xmlns=\"http://www.w3.org/1999/xhtml\"><p class=\"res-header-id\"><b>Generated Narrative: ValueSet VRM-StatusHeaderURI-vs</b></p><a name=\"VRM-StatusHeaderURI-vs\"> </a><a name=\"hcVRM-StatusHeaderURI-vs\"> </a><ul><li>Include these codes as defined in <a href=\"CodeSystem-VRM-MessageHeaderURI-cs.html\"><code>http://cdc.gov/nchs/nvss/fhir/vital-records-messaging/CodeSystem/VRM-MessageHeaderURI-cs</code></a><table class=\"none\"><tr><td style=\"white-space:nowrap\"><b>Code</b></td><td><b>Display</b></td><td><b>Definition</b></td></tr><tr><td><a href=\"CodeSystem-VRM-MessageHeaderURI-cs.html#VRM-MessageHeaderURI-cs-http.58.47.47nchs.46cdc.46gov.47vrdr_status\">http://nchs.cdc.gov/vrdr_status</a></td><td style=\"color: #cccccc\">VRDR Status</td><td>Indicates that this is a status for a previously submitted death report</td></tr><tr><td><a href=\"CodeSystem-VRM-MessageHeaderURI-cs.html#VRM-MessageHeaderURI-cs-http.58.47.47nchs.46cdc.46gov.47fd_status\">http://nchs.cdc.gov/fd_status</a></td><td style=\"color: #cccccc\">Fetal Death Status</td><td>Indicates that this is a status for a previously submitted Fetal Death Record</td></tr><tr><td><a href=\"CodeSystem-VRM-MessageHeaderURI-cs.html#VRM-MessageHeaderURI-cs-http.58.47.47nchs.46cdc.46gov.47birth_status\">http://nchs.cdc.gov/birth_status</a></td><td style=\"color: #cccccc\">Birth Status</td><td>Indicates that this is a status for a previously submitted birth report</td></tr></table></li></ul></div>"},"url":"http://cdc.gov/nchs/nvss/fhir/vital-records-messaging/ValueSet/VRM-StatusHeaderURI-vs","version":"3.0.0-Preview1","name":"StatusURIVS","title":"Status MessageHeader URI Values","status":"draft","experimental":false,"date":"2025-07-09T11:35:05-04:00","publisher":"CDC NCHS","contact":[{"name":"CDC NCHS","telecom":[{"system":"url","value":"http://cdc.gov/nchs"}]}],"description":"Status MessageHeader URI Values","compose":{"include":[{"system":"http://cdc.gov/nchs/nvss/fhir/vital-records-messaging/CodeSystem/VRM-MessageHeaderURI-cs","concept":[{"code":"http://nchs.cdc.gov/vrdr_status"},{"code":"http://nchs.cdc.gov/fd_status"},{"code":"http://nchs.cdc.gov/birth_status"}]}]}}