{"resourceType":"ValueSet","id":"VRM-RequestHeaderURI-vs","text":{"status":"extensions","div":"<div xmlns=\"http://www.w3.org/1999/xhtml\"><p class=\"res-header-id\"><b>Generated Narrative: ValueSet VRM-RequestHeaderURI-vs</b></p><a name=\"VRM-RequestHeaderURI-vs\"> </a><a name=\"hcVRM-RequestHeaderURI-vs\"> </a><ul><li>Include these codes as defined in <a href=\"CodeSystem-VRM-MessageHeaderURI-cs.html\"><code>http://cdc.gov/nchs/nvss/fhir/vital-records-messaging/CodeSystem/VRM-MessageHeaderURI-cs</code></a><table class=\"none\"><tr><td style=\"white-space:nowrap\"><b>Code</b></td><td><b>Display</b></td><td><b>Definition</b></td></tr><tr><td><a href=\"CodeSystem-VRM-MessageHeaderURI-cs.html#VRM-MessageHeaderURI-cs-http.58.47.47nchs.46cdc.46gov.47maternal_linkage_request\">http://nchs.cdc.gov/maternal_linkage_request</a></td><td style=\"color: #cccccc\">Maternal Linkage Request</td><td>NCHS requests that a jurisdiction submit maternal linkage data</td></tr></table></li></ul></div>"},"url":"http://cdc.gov/nchs/nvss/fhir/vital-records-messaging/ValueSet/VRM-RequestHeaderURI-vs","version":"3.0.0-Preview1","name":"RequestURIVS","title":"Request MessageHeader URI Values","status":"draft","experimental":false,"date":"2025-07-09T11:35:05-04:00","publisher":"CDC NCHS","contact":[{"name":"CDC NCHS","telecom":[{"system":"url","value":"http://cdc.gov/nchs"}]}],"description":"Request MessageHeader URI Values","compose":{"include":[{"system":"http://cdc.gov/nchs/nvss/fhir/vital-records-messaging/CodeSystem/VRM-MessageHeaderURI-cs","concept":[{"code":"http://nchs.cdc.gov/maternal_linkage_request"}]}]}}