{"resourceType":"ValueSet","id":"VRM-VOIDHeaderURI-vs","text":{"status":"extensions","div":"<div xmlns=\"http://www.w3.org/1999/xhtml\"><p class=\"res-header-id\"><b>Generated Narrative: ValueSet VRM-VOIDHeaderURI-vs</b></p><a name=\"VRM-VOIDHeaderURI-vs\"> </a><a name=\"hcVRM-VOIDHeaderURI-vs\"> </a><ul><li>Include these codes as defined in <a href=\"CodeSystem-VRM-MessageHeaderURI-cs.html\"><code>http://cdc.gov/nchs/nvss/fhir/vital-records-messaging/CodeSystem/VRM-MessageHeaderURI-cs</code></a><table class=\"none\"><tr><td style=\"white-space:nowrap\"><b>Code</b></td><td><b>Display</b></td><td><b>Definition</b></td></tr><tr><td><a href=\"CodeSystem-VRM-MessageHeaderURI-cs.html#VRM-MessageHeaderURI-cs-http.58.47.47nchs.46cdc.46gov.47vrdr_submission_void\">http://nchs.cdc.gov/vrdr_submission_void</a></td><td style=\"color: #cccccc\">VRDR Void</td><td>Indicates this is  void  of  a  death report</td></tr><tr><td><a href=\"CodeSystem-VRM-MessageHeaderURI-cs.html#VRM-MessageHeaderURI-cs-http.58.47.47nchs.46cdc.46gov.47fd_submission_void\">http://nchs.cdc.gov/fd_submission_void</a></td><td style=\"color: #cccccc\">Fetal Death Submission Void</td><td>Indicates this is  void  of  a  fetal death report</td></tr><tr><td><a href=\"CodeSystem-VRM-MessageHeaderURI-cs.html#VRM-MessageHeaderURI-cs-http.58.47.47nchs.46cdc.46gov.47birth_submission_void\">http://nchs.cdc.gov/birth_submission_void</a></td><td style=\"color: #cccccc\">Birth Submission Void</td><td>Indicates that this is void of a submitted  birth report</td></tr></table></li></ul></div>"},"url":"http://cdc.gov/nchs/nvss/fhir/vital-records-messaging/ValueSet/VRM-VOIDHeaderURI-vs","version":"3.0.0-Preview1","name":"VoidURIVS","title":"Void MessageHeader URI Values","status":"draft","experimental":false,"date":"2025-07-09T11:35:05-04:00","publisher":"CDC NCHS","contact":[{"name":"CDC NCHS","telecom":[{"system":"url","value":"http://cdc.gov/nchs"}]}],"description":"Void MessageHeader URI Values","compose":{"include":[{"system":"http://cdc.gov/nchs/nvss/fhir/vital-records-messaging/CodeSystem/VRM-MessageHeaderURI-cs","concept":[{"code":"http://nchs.cdc.gov/vrdr_submission_void"},{"code":"http://nchs.cdc.gov/fd_submission_void"},{"code":"http://nchs.cdc.gov/birth_submission_void"}]}]}}