{
  "resourceType" : "MessageHeader",
  "id" : "StatusHeader-Example1",
  "meta" : {
    "profile" : ["http://cdc.gov/nchs/nvss/fhir/vital-records-messaging/StructureDefinition/VRM-StatusHeader"]
  },
  "text" : {
    "status" : "generated",
    "div" : "<div xmlns=\"http://www.w3.org/1999/xhtml\"><p><b>Generated Narrative: MessageHeader</b><a name=\"StatusHeader-Example1\"> </a></p><div style=\"display: inline-block; background-color: #d9e0e7; padding: 6px; margin: 4px; border: 1px solid #8da1b4; border-radius: 5px; line-height: 60%\"><p style=\"margin-bottom: 0px\">Resource MessageHeader &quot;StatusHeader-Example1&quot; </p><p style=\"margin-bottom: 0px\">Profile: <a href=\"StructureDefinition-VRM-StatusHeader.html\">Status Header</a></p></div><p><b>event</b>: <a href=\"http://nchs.cdc.gov/vrdr_status\">http://nchs.cdc.gov/vrdr_status</a></p><h3>Destinations</h3><table class=\"grid\"><tr><td style=\"display: none\">-</td><td><b>Endpoint</b></td></tr><tr><td style=\"display: none\">*</td><td><a href=\"http://nchs.cdc.gov/vrdr_status\">http://nchs.cdc.gov/vrdr_status</a></td></tr></table><h3>Sources</h3><table class=\"grid\"><tr><td style=\"display: none\">-</td><td><b>Endpoint</b></td></tr><tr><td style=\"display: none\">*</td><td><a href=\"https://sos.ny.gov/vitalrecords\">https://sos.ny.gov/vitalrecords</a></td></tr></table><h3>Responses</h3><table class=\"grid\"><tr><td style=\"display: none\">-</td><td><b>Identifier</b></td><td><b>Code</b></td></tr><tr><td style=\"display: none\">*</td><td>SubmissionHeader-Example1</td><td>ok</td></tr></table><p><b>focus</b>: <a href=\"Parameters-StatusParameters-Example1.html\">Parameters/StatusParameters-Example1</a></p></div>"
  },
  "eventUri" : "http://nchs.cdc.gov/vrdr_status",
  "destination" : [{
    "endpoint" : "http://nchs.cdc.gov/vrdr_status"
  }],
  "source" : {
    "endpoint" : "https://sos.ny.gov/vitalrecords"
  },
  "response" : {
    "identifier" : "SubmissionHeader-Example1",
    "code" : "ok"
  },
  "focus" : [{
    "reference" : "Parameters/StatusParameters-Example1"
  }]
}