{
  "resourceType" : "Observation",
  "id" : "RecordAxisCauseOfDeath-Example1",
  "meta" : {
    "profile" : ["http://hl7.org/fhir/us/vrdr/StructureDefinition/vrdr-record-axis-cause-of-death"]
  },
  "text" : {
    "status" : "generated",
    "div" : "<div xmlns=\"http://www.w3.org/1999/xhtml\"><p><b>Generated Narrative: Observation</b><a name=\"RecordAxisCauseOfDeath-Example1\"> </a></p><div style=\"display: inline-block; background-color: #d9e0e7; padding: 6px; margin: 4px; border: 1px solid #8da1b4; border-radius: 5px; line-height: 60%\"><p style=\"margin-bottom: 0px\">Resource Observation &quot;RecordAxisCauseOfDeath-Example1&quot; </p><p style=\"margin-bottom: 0px\">Profile: <a href=\"https://build.fhir.org/ig/HL7/vrdr//StructureDefinition-vrdr-record-axis-cause-of-death.html\">Record Axis Cause Of Death</a></p></div><p><b>status</b>: final</p><p><b>code</b>: 80357-7 <span style=\"background: LightGoldenRodYellow; margin: 4px; border: 1px solid khaki\"> (<a href=\"https://loinc.org/\">LOINC</a>#80357-7)</span></p><p><b>subject</b>: <span>: NCHS generated</span></p><p><b>value</b>: Acute respiratory failure <span style=\"background: LightGoldenRodYellow; margin: 4px; border: 1px solid khaki\"> (<a href=\"http://terminology.hl7.org/3.1.0/CodeSystem-icd10.html\">ICD-10</a>#J96.0)</span></p><h3>Components</h3><table class=\"grid\"><tr><td style=\"display: none\">-</td><td><b>Code</b></td><td><b>Value[x]</b></td></tr><tr><td style=\"display: none\">*</td><td>position <span style=\"background: LightGoldenRodYellow; margin: 4px; border: 1px solid khaki\"> (<a href=\"https://build.fhir.org/ig/HL7/vrdr//CodeSystem-vrdr-component-cs.html\">Local Component Codes</a>#position)</span></td><td>1</td></tr></table></div>"
  },
  "status" : "final",
  "code" : {
    "coding" : [{
      "system" : "http://loinc.org",
      "code" : "80357-7"
    }]
  },
  "subject" : {
    "display" : "NCHS generated"
  },
  "valueCodeableConcept" : {
    "coding" : [{
      "system" : "http://hl7.org/fhir/sid/icd-10",
      "code" : "J96.0"
    }]
  },
  "component" : [{
    "code" : {
      "coding" : [{
        "system" : "http://hl7.org/fhir/us/vrdr/CodeSystem/vrdr-component-cs",
        "code" : "position"
      }]
    },
    "valueInteger" : 1
  }]
}