{
  "resourceType" : "Observation",
  "id" : "DecedentPregnancyStatus-Example1",
  "meta" : {
    "profile" : ["http://hl7.org/fhir/us/vrdr/StructureDefinition/vrdr-decedent-pregnancy-status"]
  },
  "text" : {
    "status" : "generated",
    "div" : "<div xmlns=\"http://www.w3.org/1999/xhtml\"><p><b>Generated Narrative: Observation</b><a name=\"DecedentPregnancyStatus-Example1\"> </a></p><div style=\"display: inline-block; background-color: #d9e0e7; padding: 6px; margin: 4px; border: 1px solid #8da1b4; border-radius: 5px; line-height: 60%\"><p style=\"margin-bottom: 0px\">Resource Observation &quot;DecedentPregnancyStatus-Example1&quot; </p><p style=\"margin-bottom: 0px\">Profile: <a href=\"https://build.fhir.org/ig/HL7/vrdr//StructureDefinition-vrdr-decedent-pregnancy-status.html\">Decedent Pregnancy Status</a></p></div><p><b>status</b>: final</p><p><b>code</b>: 69442-2 <span style=\"background: LightGoldenRodYellow; margin: 4px; border: 1px solid khaki\"> (<a href=\"https://loinc.org/\">LOINC</a>#69442-2)</span></p><p><b>subject</b>: <a href=\"Patient-Decedent-Example1.html\">Patient/Decedent-Example1</a> &quot; PATEL&quot;</p><p><b>value</b>: Pregnant at time of death <span style=\"background: LightGoldenRodYellow; margin: 4px; border: 1px solid khaki\"> (<a href=\"https://build.fhir.org/ig/HL7/vrdr//CodeSystem-vrdr-pregnancy-status-cs.html\">Pregnancy Status Codes</a>#2)</span></p></div>"
  },
  "status" : "final",
  "code" : {
    "coding" : [{
      "system" : "http://loinc.org",
      "code" : "69442-2"
    }]
  },
  "subject" : {
    "reference" : "Patient/Decedent-Example1"
  },
  "valueCodeableConcept" : {
    "extension" : [{
      "url" : "http://hl7.org/fhir/us/vrdr/StructureDefinition/BypassEditFlag",
      "valueCodeableConcept" : {
        "coding" : [{
          "system" : "http://hl7.org/fhir/us/vrdr/CodeSystem/vrdr-bypass-edit-flag-cs",
          "code" : "2",
          "display" : "Edit Failed, Data Queried, but not Verified"
        }]
      }
    }],
    "coding" : [{
      "system" : "http://hl7.org/fhir/us/vrdr/CodeSystem/vrdr-pregnancy-status-cs",
      "code" : "2",
      "display" : "Pregnant at time of death"
    }]
  }
}