<?xml version="1.0" encoding="UTF-8"?>

<Observation xmlns="http://hl7.org/fhir">
  <id value="EntityAxisCauseOfDeath-Example3"/>
  <meta>
    <profile value="http://hl7.org/fhir/us/vrdr/StructureDefinition/vrdr-entity-axis-cause-of-death"/>
  </meta>
  <text>
    <status value="generated"/><div xmlns="http://www.w3.org/1999/xhtml"><p><b>Generated Narrative: Observation</b><a name="EntityAxisCauseOfDeath-Example3"> </a></p><div style="display: inline-block; background-color: #d9e0e7; padding: 6px; margin: 4px; border: 1px solid #8da1b4; border-radius: 5px; line-height: 60%"><p style="margin-bottom: 0px">Resource Observation &quot;EntityAxisCauseOfDeath-Example3&quot; </p><p style="margin-bottom: 0px">Profile: <a href="https://build.fhir.org/ig/HL7/vrdr//StructureDefinition-vrdr-entity-axis-cause-of-death.html">Entity Axis Cause Of Death</a></p></div><p><b>status</b>: final</p><p><b>code</b>: 80356-9 <span style="background: LightGoldenRodYellow; margin: 4px; border: 1px solid khaki"> (<a href="https://loinc.org/">LOINC</a>#80356-9)</span></p><p><b>subject</b>: <span>: NCHS generated</span></p><p><b>value</b>: Exposure to uncontrolled fire in building or structure <span style="background: LightGoldenRodYellow; margin: 4px; border: 1px solid khaki"> (<a href="http://terminology.hl7.org/3.1.0/CodeSystem-icd10.html">ICD-10</a>#X00)</span></p><blockquote><p><b>component</b></p><p><b>code</b>: line number <span style="background: LightGoldenRodYellow; margin: 4px; border: 1px solid khaki"> (<a href="https://build.fhir.org/ig/HL7/vrdr//CodeSystem-vrdr-component-cs.html">Local Component Codes</a>#lineNumber)</span></p><p><b>value</b>: 2</p></blockquote><blockquote><p><b>component</b></p><p><b>code</b>: position <span style="background: LightGoldenRodYellow; margin: 4px; border: 1px solid khaki"> (<a href="https://build.fhir.org/ig/HL7/vrdr//CodeSystem-vrdr-component-cs.html">Local Component Codes</a>#position)</span></p><p><b>value</b>: 2</p></blockquote><blockquote><p><b>component</b></p><p><b>code</b>: e Code Indicator <span style="background: LightGoldenRodYellow; margin: 4px; border: 1px solid khaki"> (<a href="https://build.fhir.org/ig/HL7/vrdr//CodeSystem-vrdr-component-cs.html">Local Component Codes</a>#eCodeIndicator)</span></p><p><b>value</b>: true</p></blockquote></div>
  </text>
  <status value="final"/>
  <code>
    <coding>
      <system value="http://loinc.org"/>
      <code value="80356-9"/>
    </coding>
  </code>
  <subject>
    <display value="NCHS generated"/>
  </subject>
  <valueCodeableConcept>
    <coding>
      <system value="http://hl7.org/fhir/sid/icd-10"/>
      <code value="X00"/>
    </coding>
  </valueCodeableConcept>
  <component>
    <code>
      <coding>
        <system value="http://hl7.org/fhir/us/vrdr/CodeSystem/vrdr-component-cs"/>
        <code value="lineNumber"/>
      </coding>
    </code>
    <valueInteger value="2"/>
  </component>
  <component>
    <code>
      <coding>
        <system value="http://hl7.org/fhir/us/vrdr/CodeSystem/vrdr-component-cs"/>
        <code value="position"/>
      </coding>
    </code>
    <valueInteger value="2"/>
  </component>
  <component>
    <code>
      <coding>
        <system value="http://hl7.org/fhir/us/vrdr/CodeSystem/vrdr-component-cs"/>
        <code value="eCodeIndicator"/>
      </coding>
    </code>
    <valueBoolean value="true"/>
  </component>
</Observation>