<?xml version="1.0" encoding="UTF-8"?>

<Observation xmlns="http://hl7.org/fhir">
  <id value="CodedRaceAndEthnicity-Example1"/>
  <meta>
    <profile value="http://hl7.org/fhir/us/vrdr/StructureDefinition/vrdr-coded-race-and-ethnicity"/>
  </meta>
  <text>
    <status value="generated"/><div xmlns="http://www.w3.org/1999/xhtml"><p><b>Generated Narrative: Observation</b><a name="CodedRaceAndEthnicity-Example1"> </a></p><div style="display: inline-block; background-color: #d9e0e7; padding: 6px; margin: 4px; border: 1px solid #8da1b4; border-radius: 5px; line-height: 60%"><p style="margin-bottom: 0px">Resource Observation &quot;CodedRaceAndEthnicity-Example1&quot; </p><p style="margin-bottom: 0px">Profile: <a href="https://build.fhir.org/ig/HL7/vrdr//StructureDefinition-vrdr-coded-race-and-ethnicity.html">Coded Race and Ethnicity</a></p></div><p><b>status</b>: final</p><p><b>code</b>: Coded Race and Ethnicity <span style="background: LightGoldenRodYellow; margin: 4px; border: 1px solid khaki"> (<a href="https://build.fhir.org/ig/HL7/vrdr//CodeSystem-vrdr-observations-cs.html">Local Observation Codes</a>#codedraceandethnicity)</span></p><p><b>subject</b>: <span>: NCHS generated</span></p><blockquote><p><b>component</b></p><p><b>code</b>: First Edited Race Code <span style="background: LightGoldenRodYellow; margin: 4px; border: 1px solid khaki"> (<a href="https://build.fhir.org/ig/HL7/vrdr//CodeSystem-vrdr-component-cs.html">Local Component Codes</a>#FirstEditedCode)</span></p><p><b>value</b>: White <span style="background: LightGoldenRodYellow; margin: 4px; border: 1px solid khaki"> (<a href="https://build.fhir.org/ig/HL7/vrdr//CodeSystem-vrdr-race-code-cs.html">Race Code CS</a>#101)</span></p></blockquote><blockquote><p><b>component</b></p><p><b>code</b>: Second Edited Race Code <span style="background: LightGoldenRodYellow; margin: 4px; border: 1px solid khaki"> (<a href="https://build.fhir.org/ig/HL7/vrdr//CodeSystem-vrdr-component-cs.html">Local Component Codes</a>#SecondEditedCode)</span></p><p><b>value</b>: Israeli <span style="background: LightGoldenRodYellow; margin: 4px; border: 1px solid khaki"> (<a href="https://build.fhir.org/ig/HL7/vrdr//CodeSystem-vrdr-race-code-cs.html">Race Code CS</a>#122)</span></p></blockquote><blockquote><p><b>component</b></p><p><b>code</b>: First Edited American Indian Race Code <span style="background: LightGoldenRodYellow; margin: 4px; border: 1px solid khaki"> (<a href="https://build.fhir.org/ig/HL7/vrdr//CodeSystem-vrdr-component-cs.html">Local Component Codes</a>#FirstAmericanIndianCode)</span></p><p><b>value</b>: Arikara <span style="background: LightGoldenRodYellow; margin: 4px; border: 1px solid khaki"> (<a href="https://build.fhir.org/ig/HL7/vrdr//CodeSystem-vrdr-race-code-cs.html">Race Code CS</a>#A31)</span></p></blockquote><blockquote><p><b>component</b></p><p><b>code</b>: Race Recode 40 <span style="background: LightGoldenRodYellow; margin: 4px; border: 1px solid khaki"> (<a href="https://build.fhir.org/ig/HL7/vrdr//CodeSystem-vrdr-component-cs.html">Local Component Codes</a>#RaceRecode40)</span></p><p><b>value</b>: AIAN and Asian <span style="background: LightGoldenRodYellow; margin: 4px; border: 1px solid khaki"> (<a href="https://build.fhir.org/ig/HL7/vrdr//CodeSystem-vrdr-race-recode-40-cs.html">Race Recode 40 CS</a>#20)</span></p></blockquote><blockquote><p><b>component</b></p><p><b>code</b>: Hispanic Code <span style="background: LightGoldenRodYellow; margin: 4px; border: 1px solid khaki"> (<a href="https://build.fhir.org/ig/HL7/vrdr//CodeSystem-vrdr-component-cs.html">Local Component Codes</a>#HispanicCode)</span></p><p><b>value</b>: Chilean <span style="background: LightGoldenRodYellow; margin: 4px; border: 1px solid khaki"> (<a href="https://build.fhir.org/ig/HL7/vrdr//CodeSystem-vrdr-hispanic-origin-cs.html">HispanicOrigin CS</a>#233)</span></p></blockquote></div>
  </text>
  <status value="final"/>
  <code>
    <coding>
      <system value="http://hl7.org/fhir/us/vrdr/CodeSystem/vrdr-observations-cs"/>
      <code value="codedraceandethnicity"/>
    </coding>
  </code>
  <subject>
    <display value="NCHS generated"/>
  </subject>
  <component>
    <code>
      <coding>
        <system value="http://hl7.org/fhir/us/vrdr/CodeSystem/vrdr-component-cs"/>
        <code value="FirstEditedCode"/>
      </coding>
    </code>
    <valueCodeableConcept>
      <coding>
        <system value="http://hl7.org/fhir/us/vrdr/CodeSystem/vrdr-race-code-cs"/>
        <code value="101"/>
        <display value="White"/>
      </coding>
    </valueCodeableConcept>
  </component>
  <component>
    <code>
      <coding>
        <system value="http://hl7.org/fhir/us/vrdr/CodeSystem/vrdr-component-cs"/>
        <code value="SecondEditedCode"/>
      </coding>
    </code>
    <valueCodeableConcept>
      <coding>
        <system value="http://hl7.org/fhir/us/vrdr/CodeSystem/vrdr-race-code-cs"/>
        <code value="122"/>
        <display value="Israeli"/>
      </coding>
    </valueCodeableConcept>
  </component>
  <component>
    <code>
      <coding>
        <system value="http://hl7.org/fhir/us/vrdr/CodeSystem/vrdr-component-cs"/>
        <code value="FirstAmericanIndianCode"/>
      </coding>
    </code>
    <valueCodeableConcept>
      <coding>
        <system value="http://hl7.org/fhir/us/vrdr/CodeSystem/vrdr-race-code-cs"/>
        <code value="A31"/>
        <display value="Arikara"/>
      </coding>
    </valueCodeableConcept>
  </component>
  <component>
    <code>
      <coding>
        <system value="http://hl7.org/fhir/us/vrdr/CodeSystem/vrdr-component-cs"/>
        <code value="RaceRecode40"/>
      </coding>
    </code>
    <valueCodeableConcept>
      <coding>
        <system value="http://hl7.org/fhir/us/vrdr/CodeSystem/vrdr-race-recode-40-cs"/>
        <code value="20"/>
        <display value="AIAN and Asian"/>
      </coding>
    </valueCodeableConcept>
  </component>
  <component>
    <code>
      <coding>
        <system value="http://hl7.org/fhir/us/vrdr/CodeSystem/vrdr-component-cs"/>
        <code value="HispanicCode"/>
      </coding>
    </code>
    <valueCodeableConcept>
      <coding>
        <system value="http://hl7.org/fhir/us/vrdr/CodeSystem/vrdr-hispanic-origin-cs"/>
        <code value="233"/>
        <display value="Chilean"/>
      </coding>
    </valueCodeableConcept>
  </component>
</Observation>