{
  "resourceType" : "Observation",
  "id" : "ActivityAtTimeOfDeath-Example1",
  "meta" : {
    "profile" : ["http://hl7.org/fhir/us/vrdr/StructureDefinition/vrdr-activity-at-time-of-death"]
  },
  "text" : {
    "status" : "generated",
    "div" : "<div xmlns=\"http://www.w3.org/1999/xhtml\"><p><b>Generated Narrative: Observation</b><a name=\"ActivityAtTimeOfDeath-Example1\"> </a></p><div style=\"display: inline-block; background-color: #d9e0e7; padding: 6px; margin: 4px; border: 1px solid #8da1b4; border-radius: 5px; line-height: 60%\"><p style=\"margin-bottom: 0px\">Resource Observation &quot;ActivityAtTimeOfDeath-Example1&quot; </p><p style=\"margin-bottom: 0px\">Profile: <a href=\"https://build.fhir.org/ig/HL7/vrdr//StructureDefinition-vrdr-activity-at-time-of-death.html\">Activity at Time of Death</a></p></div><p><b>status</b>: final</p><p><b>code</b>: 80626-5 <span style=\"background: LightGoldenRodYellow; margin: 4px; border: 1px solid khaki\"> (<a href=\"https://loinc.org/\">LOINC</a>#80626-5)</span></p><p><b>subject</b>: <span>: NCHS generated</span></p><p><b>value</b>: While engaged in leisure activities. <span style=\"background: LightGoldenRodYellow; margin: 4px; border: 1px solid khaki\"> (<a href=\"https://build.fhir.org/ig/HL7/vrdr//CodeSystem-vrdr-activity-at-time-of-death-cs.html\">Activity at Time of Death Codesystem</a>#1)</span></p></div>"
  },
  "status" : "final",
  "code" : {
    "coding" : [{
      "system" : "http://loinc.org",
      "code" : "80626-5"
    }]
  },
  "subject" : {
    "display" : "NCHS generated"
  },
  "valueCodeableConcept" : {
    "coding" : [{
      "system" : "http://hl7.org/fhir/us/vrdr/CodeSystem/vrdr-activity-at-time-of-death-cs",
      "code" : "1",
      "display" : "While engaged in leisure activities."
    }]
  }
}