{
  "resourceType" : "Organization",
  "id" : "FuneralHome-Example1",
  "meta" : {
    "profile" : ["http://hl7.org/fhir/us/vrdr/StructureDefinition/vrdr-funeral-home"]
  },
  "text" : {
    "status" : "generated",
    "div" : "<div xmlns=\"http://www.w3.org/1999/xhtml\"><p><b>Generated Narrative: Organization</b><a name=\"FuneralHome-Example1\"> </a></p><div style=\"display: inline-block; background-color: #d9e0e7; padding: 6px; margin: 4px; border: 1px solid #8da1b4; border-radius: 5px; line-height: 60%\"><p style=\"margin-bottom: 0px\">Resource Organization &quot;FuneralHome-Example1&quot; </p><p style=\"margin-bottom: 0px\">Profile: <a href=\"https://build.fhir.org/ig/HL7/vrdr//StructureDefinition-vrdr-funeral-home.html\">Funeral Home</a></p></div><p><b>active</b>: true</p><p><b>type</b>: Funeral Home <span style=\"background: LightGoldenRodYellow; margin: 4px; border: 1px solid khaki\"> (<a href=\"https://build.fhir.org/ig/HL7/vrdr//CodeSystem-vrdr-organization-type-cs.html\">Local Organization Type</a>#funeralhome)</span></p><p><b>name</b>: Lancaster Funeral Home and Crematory</p><p><b>address</b>: 211 High Street Lancaster PA 17573 US </p></div>"
  },
  "active" : true,
  "type" : [{
    "coding" : [{
      "system" : "http://hl7.org/fhir/us/vrdr/CodeSystem/vrdr-organization-type-cs",
      "code" : "funeralhome",
      "display" : "Funeral Home"
    }]
  }],
  "name" : "Lancaster Funeral Home and Crematory",
  "address" : [{
    "line" : ["211 High Street"],
    "city" : "Lancaster",
    "state" : "PA",
    "postalCode" : "17573",
    "country" : "US"
  }]
}