<?xml version="1.0" encoding="UTF-8"?>

<Practitioner xmlns="http://hl7.org/fhir">
  <id value="Mortician-Example1"/>
  <meta>
    <profile value="http://hl7.org/fhir/us/core/StructureDefinition/us-core-practitioner"/>
  </meta>
  <text>
    <status value="generated"/><div xmlns="http://www.w3.org/1999/xhtml"><p><b>Generated Narrative: Practitioner</b><a name="Mortician-Example1"> </a></p><div style="display: inline-block; background-color: #d9e0e7; padding: 6px; margin: 4px; border: 1px solid #8da1b4; border-radius: 5px; line-height: 60%"><p style="margin-bottom: 0px">Resource Practitioner &quot;Mortician-Example1&quot; </p><p style="margin-bottom: 0px">Profile: <a href="http://hl7.org/fhir/us/core/STU5.0.1/StructureDefinition-us-core-practitioner.html">US Core Practitioner Profile</a></p></div><p><b>identifier</b>: id: <a href="http://terminology.hl7.org/3.1.0/NamingSystem-npi.html">#</a>9941339100</p><p><b>name</b>: Ronald Q Smith (OFFICIAL)</p></div>
  </text>
  <identifier>
    <system value="http://hl7.org/fhir/sid/us-npi"/>
    <value value="9941339100"/>
  </identifier>
  <name>
    <use value="official"/>
    <family value="Smith"/>
    <given value="Ronald"/>
    <given value="Q"/>
  </name>
</Practitioner>