<?xml version="1.0" encoding="UTF-8"?>

<Parameters xmlns="http://hl7.org/fhir">
  <id value="ParametersDeathExample1"/>
  <meta>
    <profile value="http://cdc.gov/nchs/nvss/fhir/vital-records-messaging/StructureDefinition/VRM-MessageParameters"/>
  </meta>
  <parameter>
    <name value="jurisdiction_id"/>
    <valueString value="NY"/>
  </parameter>
  <parameter>
    <name value="cert_no"/>
    <valueUnsignedInt value="111111"/>
  </parameter>
  <parameter>
    <name value="state_auxiliary_id"/>
    <valueString value="abcdef10"/>
  </parameter>
</Parameters>