<?xml version="1.0" encoding="UTF-8"?>

<MessageHeader xmlns="http://hl7.org/fhir">
  <id value="ExtractionErrorHeader-Example1"/>
  <meta>
    <profile value="http://cdc.gov/nchs/nvss/fhir/vital-records-messaging/StructureDefinition/VRM-ExtractionErrorHeader"/>
  </meta>
  <text>
    <status value="generated"/><div xmlns="http://www.w3.org/1999/xhtml"><p class="res-header-id"><b>Generated Narrative: MessageHeader ExtractionErrorHeader-Example1</b></p><a name="ExtractionErrorHeader-Example1"> </a><a name="hcExtractionErrorHeader-Example1"> </a><a name="ExtractionErrorHeader-Example1-en-US"> </a><p><b>event</b>: <a href="http://nchs.cdc.gov/vrdr_extraction_error">http://nchs.cdc.gov/vrdr_extraction_error</a></p><h3>Destinations</h3><table class="grid"><tr><td style="display: none">-</td><td><b>Endpoint</b></td></tr><tr><td style="display: none">*</td><td><a href="https://sos.ny.gov/vitalrecords">https://sos.ny.gov/vitalrecords</a></td></tr></table><h3>Sources</h3><table class="grid"><tr><td style="display: none">-</td><td><b>Endpoint</b></td></tr><tr><td style="display: none">*</td><td><a href="http://nchs.cdc.gov/vrdr_submission">http://nchs.cdc.gov/vrdr_submission</a></td></tr></table><h3>Responses</h3><table class="grid"><tr><td style="display: none">-</td><td><b>Identifier</b></td><td><b>Code</b></td><td><b>Details</b></td></tr><tr><td style="display: none">*</td><td>54a07cef-4bff-4bb0-8957-9c8fbf7390ed</td><td>Fatal Error</td><td><a href="Bundle-ExtractionErrorMessage-Example1.html#http-//www.example.org/fhir/OperationOutcome/Outcome-Example1">Bundle: type = message; timestamp = 2021-05-20 00:00:00+0000</a></td></tr></table><p><b>focus</b>: <a href="Bundle-AcknowledgementMessage-Example1.html#http-//www.example.org/fhir/Parameters/Parameters-Example1">Bundle: type = message; timestamp = 2021-05-20 00:00:00+0000</a></p></div>
  </text>
  <eventUri value="http://nchs.cdc.gov/vrdr_extraction_error"/>
  <destination>
    <endpoint value="https://sos.ny.gov/vitalrecords"/>
  </destination>
  <source>
    <endpoint value="http://nchs.cdc.gov/vrdr_submission"/>
  </source>
  <response>
    <identifier value="54a07cef-4bff-4bb0-8957-9c8fbf7390ed"/>
    <code value="fatal-error"/>
    <details>
      <reference value="http://www.example.org/fhir/OperationOutcome/Outcome-Example1"/>
    </details>
  </response>
  <focus>
    <reference value="http://www.example.org/fhir/Parameters/Parameters-Example1"/>
  </focus>
</MessageHeader>