<?xml version="1.0" encoding="UTF-8"?>

<MessageHeader xmlns="http://hl7.org/fhir">
  <id value="VoidHeader-Example1"/>
  <meta>
    <profile value="http://cdc.gov/nchs/nvss/fhir/vital-records-messaging/StructureDefinition/VRM-VoidHeader"/>
  </meta>
  <text>
    <status value="generated"/><div xmlns="http://www.w3.org/1999/xhtml"><p class="res-header-id"><b>Generated Narrative: MessageHeader VoidHeader-Example1</b></p><a name="VoidHeader-Example1"> </a><a name="hcVoidHeader-Example1"> </a><a name="VoidHeader-Example1-en-US"> </a><p><b>event</b>: <a href="http://nchs.cdc.gov/vrdr_submission_void">http://nchs.cdc.gov/vrdr_submission_void</a></p><h3>Destinations</h3><table class="grid"><tr><td style="display: none">-</td><td><b>Endpoint</b></td></tr><tr><td style="display: none">*</td><td><a href="http://nchs.cdc.gov/vrdr_submission">http://nchs.cdc.gov/vrdr_submission</a></td></tr></table><h3>Sources</h3><table class="grid"><tr><td style="display: none">-</td><td><b>Endpoint</b></td></tr><tr><td style="display: none">*</td><td><a href="https://sos.ny.gov/vitalrecords">https://sos.ny.gov/vitalrecords</a></td></tr></table><p><b>focus</b>: <a href="Bundle-VoidMessage-Example1.html#http-//www.example.org/fhir/Parameters/VoidParameters-Example1">Bundle: type = message; timestamp = 2021-05-20 00:00:00+0000</a></p></div>
  </text>
  <eventUri value="http://nchs.cdc.gov/vrdr_submission_void"/>
  <destination>
    <endpoint value="http://nchs.cdc.gov/vrdr_submission"/>
  </destination>
  <source>
    <endpoint value="https://sos.ny.gov/vitalrecords"/>
  </source>
  <focus>
    <reference value="http://www.example.org/fhir/Parameters/VoidParameters-Example1"/>
  </focus>
</MessageHeader>