<?xml version="1.0" encoding="UTF-8"?>

<OperationOutcome xmlns="http://hl7.org/fhir">
  <id value="Outcome-Example1"/>
  <meta>
    <profile value="http://cdc.gov/nchs/nvss/fhir/vital-records-messaging/StructureDefinition/VRM-Outcome"/>
  </meta>
  <text>
    <status value="generated"/><div xmlns="http://www.w3.org/1999/xhtml"><p class="res-header-id"><b>Generated Narrative: OperationOutcome Outcome-Example1</b></p><a name="Outcome-Example1"> </a><a name="hcOutcome-Example1"> </a><a name="Outcome-Example1-en-US"> </a><h3>Issues</h3><table class="grid"><tr><td style="display: none">-</td><td><b>Severity</b></td><td><b>Code</b></td><td><b>Diagnostics</b></td></tr><tr><td style="display: none">*</td><td>Error</td><td>Structural Issue</td><td>Expected 1 or more Cause of Death Condition resources, received 0.</td></tr></table></div>
  </text>
  <issue>
    <severity value="error"/>
    <code value="structure"/>
    <diagnostics value="Expected 1 or more Cause of Death Condition resources, received 0."/>
  </issue>
</OperationOutcome>