<?xml version="1.0" encoding="UTF-8"?>

<ValueSet xmlns="http://hl7.org/fhir">
  <id value="VRM-StatusHeaderURI-vs"/>
  <text>
    <status value="extensions"/><div xmlns="http://www.w3.org/1999/xhtml"><p class="res-header-id"><b>Generated Narrative: ValueSet VRM-StatusHeaderURI-vs</b></p><a name="VRM-StatusHeaderURI-vs"> </a><a name="hcVRM-StatusHeaderURI-vs"> </a><a name="VRM-StatusHeaderURI-vs-en-US"> </a><ul><li>Include these codes as defined in <a href="CodeSystem-VRM-MessageHeaderURI-cs.html"><code>http://cdc.gov/nchs/nvss/fhir/vital-records-messaging/CodeSystem/VRM-MessageHeaderURI-cs</code></a><table class="none"><tr><td style="white-space:nowrap"><b>Code</b></td><td><b>Display</b></td><td><b>Definition</b></td></tr><tr><td><a href="CodeSystem-VRM-MessageHeaderURI-cs.html#VRM-MessageHeaderURI-cs-http.58.47.47nchs.46cdc.46gov.47vrdr_status">http://nchs.cdc.gov/vrdr_status</a></td><td style="color: #cccccc">VRDR Status</td><td>Indicates that this is a status for a previously submitted death report</td></tr><tr><td><a href="CodeSystem-VRM-MessageHeaderURI-cs.html#VRM-MessageHeaderURI-cs-http.58.47.47nchs.46cdc.46gov.47fd_status">http://nchs.cdc.gov/fd_status</a></td><td style="color: #cccccc">Fetal Death Status</td><td>Indicates that this is a status for a previously submitted Fetal Death Record</td></tr><tr><td><a href="CodeSystem-VRM-MessageHeaderURI-cs.html#VRM-MessageHeaderURI-cs-http.58.47.47nchs.46cdc.46gov.47birth_status">http://nchs.cdc.gov/birth_status</a></td><td style="color: #cccccc">Birth Status</td><td>Indicates that this is a status for a previously submitted birth report</td></tr></table></li></ul></div>
  </text>
  <url value="http://cdc.gov/nchs/nvss/fhir/vital-records-messaging/ValueSet/VRM-StatusHeaderURI-vs"/>
  <version value="2.0.0-Preview4"/>
  <name value="StatusURIVS"/>
  <title value="Status MessageHeader URI Values"/>
  <status value="draft"/>
  <experimental value="false"/>
  <date value="2025-02-18T14:47:05-05:00"/>
  <publisher value="CDC NCHS"/>
  <contact>
    <name value="CDC NCHS"/>
    <telecom>
      <system value="url"/>
      <value value="http://cdc.gov/nchs"/>
    </telecom>
  </contact>
  <description value="Status MessageHeader URI Values"/>
  <compose>
    <include>
      <system value="http://cdc.gov/nchs/nvss/fhir/vital-records-messaging/CodeSystem/VRM-MessageHeaderURI-cs"/>
      <concept>
        <code value="http://nchs.cdc.gov/vrdr_status"/>
      </concept>
      <concept>
        <code value="http://nchs.cdc.gov/fd_status"/>
      </concept>
      <concept>
        <code value="http://nchs.cdc.gov/birth_status"/>
      </concept>
    </include>
  </compose>
</ValueSet>