{"resourceType":"ValueSet","id":"VRM-CauseOfDeathCodingUpdateHeaderURI-vs","text":{"status":"extensions","div":"<div xmlns=\"http://www.w3.org/1999/xhtml\"><p class=\"res-header-id\"><b>Generated Narrative: ValueSet VRM-CauseOfDeathCodingUpdateHeaderURI-vs</b></p><a name=\"VRM-CauseOfDeathCodingUpdateHeaderURI-vs\"> </a><a name=\"hcVRM-CauseOfDeathCodingUpdateHeaderURI-vs\"> </a><a name=\"VRM-CauseOfDeathCodingUpdateHeaderURI-vs-en-US\"> </a><ul><li>Include these codes as defined in <a href=\"CodeSystem-VRM-MessageHeaderURI-cs.html\"><code>http://cdc.gov/nchs/nvss/fhir/vital-records-messaging/CodeSystem/VRM-MessageHeaderURI-cs</code></a><table class=\"none\"><tr><td style=\"white-space:nowrap\"><b>Code</b></td><td><b>Display</b></td><td><b>Definition</b></td></tr><tr><td><a href=\"CodeSystem-VRM-MessageHeaderURI-cs.html#VRM-MessageHeaderURI-cs-http.58.47.47nchs.46cdc.46gov.47vrdr_causeofdeath_coding_update\">http://nchs.cdc.gov/vrdr_causeofdeath_coding_update</a></td><td style=\"color: #cccccc\">VRDR Cause of Death Coding Update</td><td>Indicates that this is an updated cause of death coding</td></tr><tr><td><a href=\"CodeSystem-VRM-MessageHeaderURI-cs.html#VRM-MessageHeaderURI-cs-http.58.47.47nchs.46cdc.46gov.47fd_causeofdeath_coding_update\">http://nchs.cdc.gov/fd_causeofdeath_coding_update</a></td><td style=\"color: #cccccc\">Cause of Fetal Death Update</td><td>Indicates that this is an updated fetal cause of death</td></tr></table></li></ul></div>"},"url":"http://cdc.gov/nchs/nvss/fhir/vital-records-messaging/ValueSet/VRM-CauseOfDeathCodingUpdateHeaderURI-vs","version":"2.0.0-Preview4","name":"CauseOfDeathCodingUpdateURIVS","title":"Cause of Death Coding Update MessageHeader URI Values","status":"draft","experimental":false,"date":"2025-02-18T14:47:05-05:00","publisher":"CDC NCHS","contact":[{"name":"CDC NCHS","telecom":[{"system":"url","value":"http://cdc.gov/nchs"}]}],"description":"Cause of Death Coding Update MessageHeader URI Values","compose":{"include":[{"system":"http://cdc.gov/nchs/nvss/fhir/vital-records-messaging/CodeSystem/VRM-MessageHeaderURI-cs","concept":[{"code":"http://nchs.cdc.gov/vrdr_causeofdeath_coding_update"},{"code":"http://nchs.cdc.gov/fd_causeofdeath_coding_update"}]}]}}