{"resourceType":"ValueSet","id":"VRM-DemographicsCodingHeaderURI-vs","text":{"status":"extensions","div":"<div xmlns=\"http://www.w3.org/1999/xhtml\"><p class=\"res-header-id\"><b>Generated Narrative: ValueSet VRM-DemographicsCodingHeaderURI-vs</b></p><a name=\"VRM-DemographicsCodingHeaderURI-vs\"> </a><a name=\"hcVRM-DemographicsCodingHeaderURI-vs\"> </a><ul><li>Include these codes as defined in <a href=\"CodeSystem-VRM-MessageHeaderURI-cs.html\"><code>http://cdc.gov/nchs/nvss/fhir/vital-records-messaging/CodeSystem/VRM-MessageHeaderURI-cs</code></a><table class=\"none\"><tr><td style=\"white-space:nowrap\"><b>Code</b></td><td><b>Display</b></td><td><b>Definition</b></td></tr><tr><td><a href=\"CodeSystem-VRM-MessageHeaderURI-cs.html#VRM-MessageHeaderURI-cs-http.58.47.47nchs.46cdc.46gov.47vrdr_demographics_coding\">http://nchs.cdc.gov/vrdr_demographics_coding</a></td><td style=\"color: #cccccc\">VRDR Demographics Coding</td><td>Indicates that this is an initial demographics coding of a death report</td></tr><tr><td><a href=\"CodeSystem-VRM-MessageHeaderURI-cs.html#VRM-MessageHeaderURI-cs-http.58.47.47nchs.46cdc.46gov.47fd_demographics_coding\">http://nchs.cdc.gov/fd_demographics_coding</a></td><td style=\"color: #cccccc\">Fetal Death Parental Demographics Coding</td><td>Indicates that this is an initial demographics coding of a fetal death report</td></tr><tr><td><a href=\"CodeSystem-VRM-MessageHeaderURI-cs.html#VRM-MessageHeaderURI-cs-http.58.47.47nchs.46cdc.46gov.47birth_demographics_coding\">http://nchs.cdc.gov/birth_demographics_coding</a></td><td style=\"color: #cccccc\">Birth Parental Demographics Coding</td><td>Indicates that this is an initial demographics coding of a birth report</td></tr></table></li></ul></div>"},"url":"http://cdc.gov/nchs/nvss/fhir/vital-records-messaging/ValueSet/VRM-DemographicsCodingHeaderURI-vs","version":"2.0.0","name":"DemographicsCodingHeaderURIVS","title":"Demographics Coding  MessageHeader URI Values","status":"active","experimental":false,"date":"2025-07-09T11:57:36-04:00","publisher":"CDC NCHS","contact":[{"name":"CDC NCHS","telecom":[{"system":"url","value":"http://cdc.gov/nchs"}]}],"description":"Demographics Coding  MessageHeader URI Values","compose":{"include":[{"system":"http://cdc.gov/nchs/nvss/fhir/vital-records-messaging/CodeSystem/VRM-MessageHeaderURI-cs","concept":[{"code":"http://nchs.cdc.gov/vrdr_demographics_coding"},{"code":"http://nchs.cdc.gov/fd_demographics_coding"},{"code":"http://nchs.cdc.gov/birth_demographics_coding"}]}]}}