{
  "resourceType" : "Bundle",
  "id" : "AcknowledgementMessage-Example2",
  "meta" : {
    "profile" : ["http://cdc.gov/nchs/nvss/fhir/vital-records-messaging/StructureDefinition/VRM-AcknowledgementMessage"]
  },
  "type" : "message",
  "timestamp" : "2021-05-20T00:00:00Z",
  "entry" : [{
    "fullUrl" : "http://www.example.org/fhir/Header/AcknowledgementHeader-Example2",
    "resource" : {
      "resourceType" : "MessageHeader",
      "id" : "AcknowledgementHeader-Example2",
      "meta" : {
        "profile" : ["http://cdc.gov/nchs/nvss/fhir/vital-records-messaging/StructureDefinition/VRM-AcknowledgementHeader"]
      },
      "text" : {
        "status" : "generated",
        "div" : "<div xmlns=\"http://www.w3.org/1999/xhtml\"><a name=\"MessageHeader_AcknowledgementHeader-Example2\"> </a><p class=\"res-header-id\"><b>Generated Narrative: MessageHeader AcknowledgementHeader-Example2</b></p><a name=\"AcknowledgementHeader-Example2\"> </a><a name=\"hcAcknowledgementHeader-Example2\"> </a><div style=\"display: inline-block; background-color: #d9e0e7; padding: 6px; margin: 4px; border: 1px solid #8da1b4; border-radius: 5px; line-height: 60%\"><p style=\"margin-bottom: 0px\"/><p style=\"margin-bottom: 0px\">Profile: <a href=\"StructureDefinition-VRM-AcknowledgementHeader.html\">Acknowledgement Header</a></p></div><p><b>event</b>: <a href=\"http://nchs.cdc.gov/vrdr_acknowledgement\">http://nchs.cdc.gov/vrdr_acknowledgement</a></p><h3>Destinations</h3><table class=\"grid\"><tr><td style=\"display: none\">-</td><td><b>Endpoint</b></td></tr><tr><td style=\"display: none\">*</td><td><a href=\"https://sos.ny.gov/vitalrecords\">https://sos.ny.gov/vitalrecords</a></td></tr></table><h3>Sources</h3><table class=\"grid\"><tr><td style=\"display: none\">-</td><td><b>Endpoint</b></td></tr><tr><td style=\"display: none\">*</td><td><a href=\"http://nchs.cdc.gov/vrdr_acknowledgement\">http://nchs.cdc.gov/vrdr_acknowledgement</a></td></tr></table><h3>Responses</h3><table class=\"grid\"><tr><td style=\"display: none\">-</td><td><b>Identifier</b></td><td><b>Code</b></td><td><b>Details</b></td></tr><tr><td style=\"display: none\">*</td><td>SubmissionHeader-Example1</td><td>OK</td><td><a href=\"Bundle-AcknowledgementMessage-Example2.html#http-//www.example.org/fhir/OperationOutcome/Outcome-Example2\">Bundle: type = message; timestamp = 2021-05-20 00:00:00+0000</a></td></tr></table><p><b>focus</b>: <a href=\"Bundle-AcknowledgementMessage-Example1.html#http-//www.example.org/fhir/Parameters/Parameters-Example1\">Bundle: type = message; timestamp = 2021-05-20 00:00:00+0000</a></p></div>"
      },
      "eventUri" : "http://nchs.cdc.gov/vrdr_acknowledgement",
      "destination" : [{
        "endpoint" : "https://sos.ny.gov/vitalrecords"
      }],
      "source" : {
        "endpoint" : "http://nchs.cdc.gov/vrdr_acknowledgement"
      },
      "response" : {
        "identifier" : "SubmissionHeader-Example1",
        "code" : "ok",
        "details" : {
          "reference" : "http://www.example.org/fhir/OperationOutcome/Outcome-Example2"
        }
      },
      "focus" : [{
        "reference" : "http://www.example.org/fhir/Parameters/Parameters-Example1"
      }]
    }
  },
  {
    "fullUrl" : "http://www.example.org/fhir/Parameters/Parameters-Example1",
    "resource" : {
      "resourceType" : "Parameters",
      "id" : "Parameters-Example1",
      "meta" : {
        "profile" : ["http://cdc.gov/nchs/nvss/fhir/vital-records-messaging/StructureDefinition/VRM-MessageParameters"]
      },
      "parameter" : [{
        "name" : "cert_no",
        "valueUnsignedInt" : 123456
      },
      {
        "name" : "jurisdiction_id",
        "valueString" : "NY"
      },
      {
        "name" : "event_year",
        "valueUnsignedInt" : 2018
      },
      {
        "name" : "state_auxiliary_id",
        "valueString" : "abcdef10"
      },
      {
        "name" : "payload_version_id",
        "valueString" : "VRDRSTU2.2"
      }]
    }
  },
  {
    "fullUrl" : "http://www.example.org/fhir/OperationOutcome/Outcome-Example2",
    "resource" : {
      "resourceType" : "OperationOutcome",
      "id" : "Outcome-Example2",
      "meta" : {
        "profile" : ["http://cdc.gov/nchs/nvss/fhir/vital-records-messaging/StructureDefinition/VRM-Outcome"]
      },
      "text" : {
        "status" : "generated",
        "div" : "<div xmlns=\"http://www.w3.org/1999/xhtml\"><a name=\"OperationOutcome_Outcome-Example2\"> </a><p class=\"res-header-id\"><b>Generated Narrative: OperationOutcome Outcome-Example2</b></p><a name=\"Outcome-Example2\"> </a><a name=\"hcOutcome-Example2\"> </a><div style=\"display: inline-block; background-color: #d9e0e7; padding: 6px; margin: 4px; border: 1px solid #8da1b4; border-radius: 5px; line-height: 60%\"><p style=\"margin-bottom: 0px\"/><p style=\"margin-bottom: 0px\">Profile: <a href=\"StructureDefinition-VRM-Outcome.html\">Outcome Profile</a></p></div><h3>Issues</h3><table class=\"grid\"><tr><td style=\"display: none\">-</td><td><b>Severity</b></td><td><b>Code</b></td><td><b>Diagnostics</b></td></tr><tr><td style=\"display: none\">*</td><td>Warning</td><td>Structural Issue</td><td>Description of How Injury Occurred (HOWINJ) in InjuryIncident(Observation).value.text exceeded IJE Field size (250) and was truncated.</td></tr></table></div>"
      },
      "issue" : [{
        "severity" : "warning",
        "code" : "structure",
        "diagnostics" : "Description of How Injury Occurred (HOWINJ) in InjuryIncident(Observation).value.text exceeded IJE Field size (250) and was truncated."
      }]
    }
  }]
}