{
  "resourceType" : "MessageHeader",
  "id" : "SubmissionHeader-Example1",
  "meta" : {
    "profile" : ["http://cdc.gov/nchs/nvss/fhir/vital-records-messaging/StructureDefinition/VRM-SubmissionHeader"]
  },
  "text" : {
    "status" : "generated",
    "div" : "<div xmlns=\"http://www.w3.org/1999/xhtml\"><p class=\"res-header-id\"><b>Generated Narrative: MessageHeader SubmissionHeader-Example1</b></p><a name=\"SubmissionHeader-Example1\"> </a><a name=\"hcSubmissionHeader-Example1\"> </a><div style=\"display: inline-block; background-color: #d9e0e7; padding: 6px; margin: 4px; border: 1px solid #8da1b4; border-radius: 5px; line-height: 60%\"><p style=\"margin-bottom: 0px\"/><p style=\"margin-bottom: 0px\">Profile: <a href=\"StructureDefinition-VRM-SubmissionHeader.html\">Submission Message Header</a></p></div><p><b>event</b>: <a href=\"http://nchs.cdc.gov/vrdr_submission\">http://nchs.cdc.gov/vrdr_submission</a></p><h3>Destinations</h3><table class=\"grid\"><tr><td style=\"display: none\">-</td><td><b>Endpoint</b></td></tr><tr><td style=\"display: none\">*</td><td><a href=\"http://nchs.cdc.gov/vrdr_submission\">http://nchs.cdc.gov/vrdr_submission</a></td></tr></table><h3>Sources</h3><table class=\"grid\"><tr><td style=\"display: none\">-</td><td><b>Endpoint</b></td></tr><tr><td style=\"display: none\">*</td><td><a href=\"https://sos.ny.gov/vitalrecords\">https://sos.ny.gov/vitalrecords</a></td></tr></table><p><b>focus</b>: </p><ul><li><a href=\"Bundle-BirthReportMessage-Example1.html#http-//www.example.org/fhir/Bundle/DummyBundle\">Bundle: type = message; timestamp = 2022-08-20 00:00:00+0000</a></li><li><a href=\"Bundle-AcknowledgementMessage-Example1.html#http-//www.example.org/fhir/Parameters/Parameters-Example1\">Bundle: type = message; timestamp = 2021-05-20 00:00:00+0000</a></li></ul></div>"
  },
  "eventUri" : "http://nchs.cdc.gov/vrdr_submission",
  "destination" : [{
    "endpoint" : "http://nchs.cdc.gov/vrdr_submission"
  }],
  "source" : {
    "endpoint" : "https://sos.ny.gov/vitalrecords"
  },
  "focus" : [{
    "reference" : "http://www.example.org/fhir/Bundle/DummyBundle"
  },
  {
    "reference" : "http://www.example.org/fhir/Parameters/Parameters-Example1"
  }]
}