{
  "resourceType" : "Parameters",
  "id" : "StatusParameters-Example1",
  "meta" : {
    "profile" : ["http://cdc.gov/nchs/nvss/fhir/vital-records-messaging/StructureDefinition/VRM-StatusParameters"]
  },
  "parameter" : [{
    "name" : "cert_no",
    "valueUnsignedInt" : 123456
  },
  {
    "name" : "status",
    "valueString" : "manualCauseOfDeathCoding"
  },
  {
    "name" : "jurisdiction_id",
    "valueString" : "NY"
  },
  {
    "name" : "event_year",
    "valueUnsignedInt" : 2018
  },
  {
    "name" : "state_auxiliary_id",
    "valueString" : "abcdef10"
  }]
}