{
  "resourceType" : "MessageHeader",
  "id" : "AcknowledgementHeader-Example1",
  "meta" : {
    "profile" : ["http://cdc.gov/nchs/nvss/fhir/vital-records-messaging/StructureDefinition/VRM-AcknowledgementHeader"]
  },
  "text" : {
    "status" : "generated",
    "div" : "<div xmlns=\"http://www.w3.org/1999/xhtml\"><p class=\"res-header-id\"><b>Generated Narrative: MessageHeader AcknowledgementHeader-Example1</b></p><a name=\"AcknowledgementHeader-Example1\"> </a><a name=\"hcAcknowledgementHeader-Example1\"> </a><div style=\"display: inline-block; background-color: #d9e0e7; padding: 6px; margin: 4px; border: 1px solid #8da1b4; border-radius: 5px; line-height: 60%\"><p style=\"margin-bottom: 0px\"/><p style=\"margin-bottom: 0px\">Profile: <a href=\"StructureDefinition-VRM-AcknowledgementHeader.html\">Acknowledgement Header</a></p></div><p><b>event</b>: <a href=\"http://nchs.cdc.gov/vrdr_acknowledgement\">http://nchs.cdc.gov/vrdr_acknowledgement</a></p><h3>Destinations</h3><table class=\"grid\"><tr><td style=\"display: none\">-</td><td><b>Endpoint</b></td></tr><tr><td style=\"display: none\">*</td><td><a href=\"https://sos.ny.gov/vitalrecords\">https://sos.ny.gov/vitalrecords</a></td></tr></table><h3>Sources</h3><table class=\"grid\"><tr><td style=\"display: none\">-</td><td><b>Endpoint</b></td></tr><tr><td style=\"display: none\">*</td><td><a href=\"http://nchs.cdc.gov/vrdr_acknowledgement\">http://nchs.cdc.gov/vrdr_acknowledgement</a></td></tr></table><h3>Responses</h3><table class=\"grid\"><tr><td style=\"display: none\">-</td><td><b>Identifier</b></td><td><b>Code</b></td></tr><tr><td style=\"display: none\">*</td><td>SubmissionHeader-Example1</td><td>OK</td></tr></table><p><b>focus</b>: <a href=\"Bundle-AcknowledgementMessage-Example1.html#http-//www.example.org/fhir/Parameters/Parameters-Example1\">Bundle: type = message; timestamp = 2021-05-20 00:00:00+0000</a></p></div>"
  },
  "eventUri" : "http://nchs.cdc.gov/vrdr_acknowledgement",
  "destination" : [{
    "endpoint" : "https://sos.ny.gov/vitalrecords"
  }],
  "source" : {
    "endpoint" : "http://nchs.cdc.gov/vrdr_acknowledgement"
  },
  "response" : {
    "identifier" : "SubmissionHeader-Example1",
    "code" : "ok"
  },
  "focus" : [{
    "reference" : "http://www.example.org/fhir/Parameters/Parameters-Example1"
  }]
}