{
  "resourceType" : "ValueSet",
  "id" : "VRM-Status-vs",
  "text" : {
    "status" : "generated",
    "div" : "<div xmlns=\"http://www.w3.org/1999/xhtml\"><p class=\"res-header-id\"><b>Generated Narrative: ValueSet VRM-Status-vs</b></p><a name=\"VRM-Status-vs\"> </a><a name=\"hcVRM-Status-vs\"> </a><ul><li>Include all codes defined in <a href=\"CodeSystem-VRM-Status-cs.html\"><code>http://cdc.gov/nchs/nvss/fhir/vital-records-messaging/CodeSystem/VRM-Status-cs</code></a></li></ul></div>"
  },
  "url" : "http://cdc.gov/nchs/nvss/fhir/vital-records-messaging/ValueSet/VRM-Status-vs",
  "version" : "2.0.0",
  "name" : "StatusVS",
  "title" : "Status Codes Values",
  "status" : "active",
  "experimental" : false,
  "date" : "2025-07-09T11:57:36-04:00",
  "publisher" : "CDC NCHS",
  "contact" : [{
    "name" : "CDC NCHS",
    "telecom" : [{
      "system" : "url",
      "value" : "http://cdc.gov/nchs"
    }]
  }],
  "description" : "Status Codes Values",
  "compose" : {
    "include" : [{
      "system" : "http://cdc.gov/nchs/nvss/fhir/vital-records-messaging/CodeSystem/VRM-Status-cs"
    }]
  }
}