{
  "resourceType" : "Bundle",
  "id" : "DeathRecordVoidMessage-Example1",
  "meta" : {
    "profile" : ["http://cdc.gov/nchs/nvss/fhir/vital-records-messaging/StructureDefinition/VRM-DeathRecordVoidMessage"]
  },
  "type" : "message",
  "timestamp" : "2021-05-20T00:00:00Z",
  "entry" : [{
    "fullUrl" : "http://www.example.org/fhir/Header/VoidHeader-Example1",
    "resource" : {
      "resourceType" : "MessageHeader",
      "id" : "VoidHeader-Example1",
      "meta" : {
        "profile" : ["http://cdc.gov/nchs/nvss/fhir/vital-records-messaging/StructureDefinition/VRM-VoidHeader"]
      },
      "text" : {
        "status" : "generated",
        "div" : "<div xmlns=\"http://www.w3.org/1999/xhtml\"><p><b>Generated Narrative: MessageHeader</b><a name=\"VoidHeader-Example1\"> </a></p><div style=\"display: inline-block; background-color: #d9e0e7; padding: 6px; margin: 4px; border: 1px solid #8da1b4; border-radius: 5px; line-height: 60%\"><p style=\"margin-bottom: 0px\">Resource MessageHeader &quot;VoidHeader-Example1&quot; </p><p style=\"margin-bottom: 0px\">Profile: <a href=\"StructureDefinition-VRM-VoidHeader.html\">Void Header</a></p></div><p><b>event</b>: <a href=\"http://nchs.cdc.gov/vrdr_submission_void\">http://nchs.cdc.gov/vrdr_submission_void</a></p><h3>Destinations</h3><table class=\"grid\"><tr><td style=\"display: none\">-</td><td><b>Endpoint</b></td></tr><tr><td style=\"display: none\">*</td><td><a href=\"http://nchs.cdc.gov/vrdr_submission\">http://nchs.cdc.gov/vrdr_submission</a></td></tr></table><h3>Sources</h3><table class=\"grid\"><tr><td style=\"display: none\">-</td><td><b>Endpoint</b></td></tr><tr><td style=\"display: none\">*</td><td><a href=\"https://sos.ny.gov/vitalrecords\">https://sos.ny.gov/vitalrecords</a></td></tr></table><p><b>focus</b>: <a href=\"#Parameters_VoidParameters-Example1\">See above (Parameters/VoidParameters-Example1)</a></p></div>"
      },
      "eventUri" : "http://nchs.cdc.gov/vrdr_submission_void",
      "destination" : [{
        "endpoint" : "http://nchs.cdc.gov/vrdr_submission"
      }],
      "source" : {
        "endpoint" : "https://sos.ny.gov/vitalrecords"
      },
      "focus" : [{
        "reference" : "Parameters/VoidParameters-Example1"
      }]
    }
  },
  {
    "fullUrl" : "http://www.example.org/fhir/Parameters/VoidParameters-Example1",
    "resource" : {
      "resourceType" : "Parameters",
      "id" : "VoidParameters-Example1",
      "meta" : {
        "profile" : ["http://cdc.gov/nchs/nvss/fhir/vital-records-messaging/StructureDefinition/VRM-VoidParameters"]
      },
      "parameter" : [{
        "name" : "block_count",
        "valueUnsignedInt" : 10
      },
      {
        "name" : "jurisdiction_id",
        "valueString" : "NY"
      },
      {
        "name" : "cert_no",
        "valueUnsignedInt" : 123456
      },
      {
        "name" : "death_year",
        "valueUnsignedInt" : 2018
      },
      {
        "name" : "state_auxiliary_id",
        "valueString" : "abcdef10"
      }]
    }
  }]
}