{
  "resourceType" : "Observation",
  "id" : "CauseOfDeathPart1-Example2",
  "meta" : {
    "profile" : ["http://hl7.org/fhir/us/vrdr/StructureDefinition/vrdr-cause-of-death-part1"]
  },
  "text" : {
    "status" : "generated",
    "div" : "<div xmlns=\"http://www.w3.org/1999/xhtml\"><p><b>Generated Narrative: Observation</b><a name=\"CauseOfDeathPart1-Example2\"> </a></p><div style=\"display: inline-block; background-color: #d9e0e7; padding: 6px; margin: 4px; border: 1px solid #8da1b4; border-radius: 5px; line-height: 60%\"><p style=\"margin-bottom: 0px\">Resource Observation &quot;CauseOfDeathPart1-Example2&quot; </p><p style=\"margin-bottom: 0px\">Profile: <a href=\"https://build.fhir.org/ig/HL7/vrdr//StructureDefinition-vrdr-cause-of-death-part1.html\">Cause Of Death Part 1</a></p></div><p><b>status</b>: final</p><p><b>code</b>: 69453-9 <span style=\"background: LightGoldenRodYellow; margin: 4px; border: 1px solid khaki\"> (<a href=\"https://loinc.org/\">LOINC</a>#69453-9)</span></p><p><b>subject</b>: <a href=\"Patient-Decedent-Example1.html\">Patient/Decedent-Example1</a> &quot; PATEL&quot;</p><p><b>performer</b>: <a href=\"Practitioner-Certifier-Example1.html\">Practitioner/Certifier-Example1</a> &quot; BLACK&quot;</p><p><b>value</b>: Eclampsia <span style=\"background: LightGoldenRodYellow; margin: 4px; border: 1px solid khaki\"> ()</span></p><blockquote><p><b>component</b></p><p><b>code</b>: line number <span style=\"background: LightGoldenRodYellow; margin: 4px; border: 1px solid khaki\"> (<a href=\"https://build.fhir.org/ig/HL7/vrdr//CodeSystem-vrdr-component-cs.html\">Local Component Codes</a>#lineNumber)</span></p><p><b>value</b>: 2</p></blockquote><blockquote><p><b>component</b></p><p><b>code</b>: 69440-6 <span style=\"background: LightGoldenRodYellow; margin: 4px; border: 1px solid khaki\"> (<a href=\"https://loinc.org/\">LOINC</a>#69440-6)</span></p><p><b>value</b>: 3 months</p></blockquote></div>"
  },
  "status" : "final",
  "code" : {
    "coding" : [{
      "system" : "http://loinc.org",
      "code" : "69453-9"
    }]
  },
  "subject" : {
    "reference" : "Patient/Decedent-Example1"
  },
  "performer" : [{
    "reference" : "Practitioner/Certifier-Example1"
  }],
  "valueCodeableConcept" : {
    "text" : "Eclampsia"
  },
  "component" : [{
    "code" : {
      "coding" : [{
        "system" : "http://hl7.org/fhir/us/vrdr/CodeSystem/vrdr-component-cs",
        "code" : "lineNumber"
      }]
    },
    "valueInteger" : 2
  },
  {
    "code" : {
      "coding" : [{
        "system" : "http://loinc.org",
        "code" : "69440-6"
      }]
    },
    "valueString" : "3 months"
  }]
}