{
  "resourceType" : "Observation",
  "id" : "BirthRecordIdentifier-Example1",
  "meta" : {
    "profile" : ["http://hl7.org/fhir/us/vrdr/StructureDefinition/vrdr-birth-record-identifier"]
  },
  "text" : {
    "status" : "generated",
    "div" : "<div xmlns=\"http://www.w3.org/1999/xhtml\"><p><b>Generated Narrative: Observation</b><a name=\"BirthRecordIdentifier-Example1\"> </a></p><div style=\"display: inline-block; background-color: #d9e0e7; padding: 6px; margin: 4px; border: 1px solid #8da1b4; border-radius: 5px; line-height: 60%\"><p style=\"margin-bottom: 0px\">Resource Observation &quot;BirthRecordIdentifier-Example1&quot; </p><p style=\"margin-bottom: 0px\">Profile: <a href=\"https://build.fhir.org/ig/HL7/vrdr//StructureDefinition-vrdr-birth-record-identifier.html\">Birth Record Identifier</a></p></div><p><b>status</b>: final</p><p><b>code</b>: Birth registry number <span style=\"background: LightGoldenRodYellow; margin: 4px; border: 1px solid khaki\"> (<a href=\"http://terminology.hl7.org/5.3.0/CodeSystem-v2-0203.html\">identifierType</a>#BR)</span></p><p><b>subject</b>: <a href=\"Patient-Decedent-Example1.html\">Patient/Decedent-Example1</a> &quot; PATEL&quot;</p><p><b>value</b>: 717171</p><blockquote><p><b>component</b></p><p><b>code</b>: 21842-0 <span style=\"background: LightGoldenRodYellow; margin: 4px; border: 1px solid khaki\"> (<a href=\"https://loinc.org/\">LOINC</a>#21842-0)</span></p><p><b>value</b>: YC</p></blockquote><blockquote><p><b>component</b></p><p><b>code</b>: 80904-6 <span style=\"background: LightGoldenRodYellow; margin: 4px; border: 1px solid khaki\"> (<a href=\"https://loinc.org/\">LOINC</a>#80904-6)</span></p><p><b>value</b>: 1961</p></blockquote></div>"
  },
  "status" : "final",
  "code" : {
    "coding" : [{
      "system" : "http://terminology.hl7.org/CodeSystem/v2-0203",
      "code" : "BR",
      "display" : "Birth registry number"
    }]
  },
  "subject" : {
    "reference" : "Patient/Decedent-Example1"
  },
  "valueString" : "717171",
  "component" : [{
    "code" : {
      "coding" : [{
        "system" : "http://loinc.org",
        "code" : "21842-0"
      }]
    },
    "valueString" : "YC"
  },
  {
    "code" : {
      "coding" : [{
        "system" : "http://loinc.org",
        "code" : "80904-6"
      }]
    },
    "valueDateTime" : "1961"
  }]
}