{
  "resourceType" : "Procedure",
  "id" : "DeathCertification-Example1",
  "meta" : {
    "profile" : ["http://hl7.org/fhir/us/vrdr/StructureDefinition/vrdr-death-certification"]
  },
  "text" : {
    "status" : "generated",
    "div" : "<div xmlns=\"http://www.w3.org/1999/xhtml\"><p><b>Generated Narrative: Procedure</b><a name=\"DeathCertification-Example1\"> </a></p><div style=\"display: inline-block; background-color: #d9e0e7; padding: 6px; margin: 4px; border: 1px solid #8da1b4; border-radius: 5px; line-height: 60%\"><p style=\"margin-bottom: 0px\">Resource Procedure &quot;DeathCertification-Example1&quot; </p><p style=\"margin-bottom: 0px\">Profile: <a href=\"https://build.fhir.org/ig/HL7/vrdr//StructureDefinition-vrdr-death-certification.html\">Death Certification Procedure</a></p></div><p><b>identifier</b>: id:\u00a0180</p><p><b>status</b>: completed</p><p><b>category</b>: Diagnostic procedure <span style=\"background: LightGoldenRodYellow; margin: 4px; border: 1px solid khaki\"> (<a href=\"https://browser.ihtsdotools.org/\">SNOMED CT</a>#103693007)</span></p><p><b>code</b>: Death certification <span style=\"background: LightGoldenRodYellow; margin: 4px; border: 1px solid khaki\"> (<a href=\"https://browser.ihtsdotools.org/\">SNOMED CT</a>#308646001)</span></p><p><b>subject</b>: <a href=\"Patient-Decedent-Example1.html\">Patient/Decedent-Example1</a> &quot; PATEL&quot;</p><p><b>performed</b>: 2020-11-14 16:39:40-0500</p><h3>Performers</h3><table class=\"grid\"><tr><td style=\"display: none\">-</td><td><b>Function</b></td><td><b>Actor</b></td></tr><tr><td style=\"display: none\">*</td><td>Nurse Practitioner <span style=\"background: LightGoldenRodYellow; margin: 4px; border: 1px solid khaki\"> (<a href=\"http://terminology.hl7.org/3.1.0/CodeSystem-v3-NullFlavor.html\">NullFlavor</a>#OTH &quot;Other&quot;)</span></td><td><a href=\"Practitioner-Certifier-Example1.html\">Practitioner/Certifier-Example1</a> &quot; BLACK&quot;</td></tr></table></div>"
  },
  "identifier" : [{
    "value" : "180"
  }],
  "status" : "completed",
  "category" : {
    "coding" : [{
      "system" : "http://snomed.info/sct",
      "code" : "103693007",
      "display" : "Diagnostic procedure"
    }]
  },
  "code" : {
    "coding" : [{
      "system" : "http://snomed.info/sct",
      "code" : "308646001",
      "display" : "Death certification"
    }]
  },
  "subject" : {
    "reference" : "Patient/Decedent-Example1"
  },
  "performedDateTime" : "2020-11-14T16:39:40-05:00",
  "performer" : [{
    "function" : {
      "coding" : [{
        "system" : "http://terminology.hl7.org/CodeSystem/v3-NullFlavor",
        "code" : "OTH",
        "display" : "Other"
      }],
      "text" : "Nurse Practitioner"
    },
    "actor" : {
      "reference" : "Practitioner/Certifier-Example1"
    }
  }]
}