<?xml version="1.0" encoding="UTF-8"?><ValueSet xmlns="http://hl7.org/fhir"><id value="VRM-AcknowledgementHeaderURI-vs"/><text><status value="extensions"/><div xmlns="http://www.w3.org/1999/xhtml"><p class="res-header-id"><b>Generated Narrative: ValueSet VRM-AcknowledgementHeaderURI-vs</b></p><a name="VRM-AcknowledgementHeaderURI-vs"> </a><a name="hcVRM-AcknowledgementHeaderURI-vs"> </a><ul><li>Include these codes as defined in <a href="CodeSystem-VRM-MessageHeaderURI-cs.html"><code>http://cdc.gov/nchs/nvss/fhir/vital-records-messaging/CodeSystem/VRM-MessageHeaderURI-cs</code></a><table class="none"><tr><td style="white-space:nowrap"><b>Code</b></td><td><b>Display</b></td><td><b>Definition</b></td></tr><tr><td><a href="CodeSystem-VRM-MessageHeaderURI-cs.html#VRM-MessageHeaderURI-cs-http.58.47.47nchs.46cdc.46gov.47vrdr_acknowledgement">http://nchs.cdc.gov/vrdr_acknowledgement</a></td><td style="color: #cccccc">VRDR Acknowledgement</td><td>Indicates this is  an  acknowledgement of a death report</td></tr><tr><td><a href="CodeSystem-VRM-MessageHeaderURI-cs.html#VRM-MessageHeaderURI-cs-http.58.47.47nchs.46cdc.46gov.47fd_acknowledgement">http://nchs.cdc.gov/fd_acknowledgement</a></td><td style="color: #cccccc">Fetal Acknowledgement</td><td>Indicates this is an  acknowledgement for a Fetal Death report</td></tr><tr><td><a href="CodeSystem-VRM-MessageHeaderURI-cs.html#VRM-MessageHeaderURI-cs-http.58.47.47nchs.46cdc.46gov.47birth_acknowledgement">http://nchs.cdc.gov/birth_acknowledgement</a></td><td style="color: #cccccc">VRDR Acknowledgement</td><td>Indicates this is  an  acknowledgement for a birth report</td></tr></table></li></ul></div></text><url value="http://cdc.gov/nchs/nvss/fhir/vital-records-messaging/ValueSet/VRM-AcknowledgementHeaderURI-vs"/><version value="3.0.0-Preview1"/><name value="AcknowledgementURIVS"/><title value="Acknowledgement MessageHeader URI Values"/><status value="draft"/><experimental value="false"/><date value="2025-07-09T11:35:05-04:00"/><publisher value="CDC NCHS"/><contact><name value="CDC NCHS"/><telecom><system value="url"/><value value="http://cdc.gov/nchs"/></telecom></contact><description value="Acknowledgement MessageHeader URI Values"/><compose><include><system value="http://cdc.gov/nchs/nvss/fhir/vital-records-messaging/CodeSystem/VRM-MessageHeaderURI-cs"/><concept><code value="http://nchs.cdc.gov/vrdr_acknowledgement"/></concept><concept><code value="http://nchs.cdc.gov/fd_acknowledgement"/></concept><concept><code value="http://nchs.cdc.gov/birth_acknowledgement"/></concept></include></compose></ValueSet>