<?xml version="1.0" encoding="UTF-8"?>

<OperationOutcome xmlns="http://hl7.org/fhir">
  <id value="Outcome-Example2"/>
  <meta>
    <profile value="http://cdc.gov/nchs/nvss/fhir/vital-records-messaging/StructureDefinition/VRM-Outcome"/>
  </meta>
  <text>
    <status value="generated"/><div xmlns="http://www.w3.org/1999/xhtml"><p class="res-header-id"><b>Generated Narrative: OperationOutcome Outcome-Example2</b></p><a name="Outcome-Example2"> </a><a name="hcOutcome-Example2"> </a><div style="display: inline-block; background-color: #d9e0e7; padding: 6px; margin: 4px; border: 1px solid #8da1b4; border-radius: 5px; line-height: 60%"><p style="margin-bottom: 0px"/><p style="margin-bottom: 0px">Profile: <a href="StructureDefinition-VRM-Outcome.html">Outcome Profile</a></p></div><h3>Issues</h3><table class="grid"><tr><td style="display: none">-</td><td><b>Severity</b></td><td><b>Code</b></td><td><b>Diagnostics</b></td></tr><tr><td style="display: none">*</td><td>Warning</td><td>Structural Issue</td><td>Description of How Injury Occurred (HOWINJ) in InjuryIncident(Observation).value.text exceeded IJE Field size (250) and was truncated.</td></tr></table></div>
  </text>
  <issue>
    <severity value="warning"/>
    <code value="structure"/>
    <diagnostics value="Description of How Injury Occurred (HOWINJ) in InjuryIncident(Observation).value.text exceeded IJE Field size (250) and was truncated."/>
  </issue>
</OperationOutcome>