<?xml version="1.0" encoding="UTF-8"?>

<MessageHeader xmlns="http://hl7.org/fhir">
  <id value="CodedCauseOfFetalDeathHeader-Example1"/>
  <meta>
    <profile value="http://cdc.gov/nchs/nvss/fhir/vital-records-messaging/StructureDefinition/VRM-CauseOfDeathCodingHeader"/>
  </meta>
  <text>
    <status value="generated"/><div xmlns="http://www.w3.org/1999/xhtml"><p class="res-header-id"><b>Generated Narrative: MessageHeader CodedCauseOfFetalDeathHeader-Example1</b></p><a name="CodedCauseOfFetalDeathHeader-Example1"> </a><a name="hcCodedCauseOfFetalDeathHeader-Example1"> </a><a name="CodedCauseOfFetalDeathHeader-Example1-en-US"> </a><p><b>event</b>: <a href="http://nchs.cdc.gov/fd_causeofdeath_coding">http://nchs.cdc.gov/fd_causeofdeath_coding</a></p><h3>Destinations</h3><table class="grid"><tr><td style="display: none">-</td><td><b>Endpoint</b></td></tr><tr><td style="display: none">*</td><td><a href="https://nchs.cdc.gov/vitalrecords">https://nchs.cdc.gov/vitalrecords</a></td></tr></table><h3>Sources</h3><table class="grid"><tr><td style="display: none">-</td><td><b>Endpoint</b></td></tr><tr><td style="display: none">*</td><td><a href="https://sos.ny.gov/vitalrecords">https://sos.ny.gov/vitalrecords</a></td></tr></table><h3>Responses</h3><table class="grid"><tr><td style="display: none">-</td><td><b>Identifier</b></td><td><b>Code</b></td></tr><tr><td style="display: none">*</td><td>FetalDeathReportHeader-Example1</td><td>OK</td></tr></table><p><b>focus</b>: </p><ul><li><a href="Bundle-BirthReportMessage-Example1.html#http-//www.example.org/fhir/Bundle/DummyBundle">Bundle: type = message; timestamp = 2022-08-20 00:00:00+0000</a></li><li><a href="Bundle-CodedCauseOfFetalDeathMessage-Example1.html#http-//www.example.org/fhir/Parameters/ParametersFD-Example2">Bundle: type = message; timestamp = 2021-05-20 00:00:00+0000</a></li></ul></div>
  </text>
  <eventUri value="http://nchs.cdc.gov/fd_causeofdeath_coding"/>
  <destination>
    <endpoint value="https://nchs.cdc.gov/vitalrecords"/>
  </destination>
  <source>
    <endpoint value="https://sos.ny.gov/vitalrecords"/>
  </source>
  <response>
    <identifier value="FetalDeathReportHeader-Example1"/>
    <code value="ok"/>
  </response>
  <focus>
    <reference value="http://www.example.org/fhir/Bundle/DummyBundle"/>
  </focus>
  <focus>
    <reference value="http://www.example.org/fhir/Parameters/ParametersFD-Example2"/>
  </focus>
</MessageHeader>