<?xml version="1.0" encoding="UTF-8"?>

<Parameters xmlns="http://hl7.org/fhir">
  <id value="StatusParameters-Example1"/>
  <meta>
    <profile value="http://cdc.gov/nchs/nvss/fhir/vital-records-messaging/StructureDefinition/VRM-StatusParameters"/>
  </meta>
  <parameter>
    <name value="status"/>
    <valueString value="manualCauseOfDeathCoding"/>
  </parameter>
  <parameter>
    <name value="jurisdiction_id"/>
    <valueString value="NY"/>
  </parameter>
  <parameter>
    <name value="cert_no"/>
    <valueUnsignedInt value="123456"/>
  </parameter>
  <parameter>
    <name value="event_year"/>
    <valueUnsignedInt value="2018"/>
  </parameter>
  <parameter>
    <name value="state_auxiliary_id"/>
    <valueString value="abcdef10"/>
  </parameter>
</Parameters>