<?xml version="1.0" encoding="UTF-8"?>

<Bundle xmlns="http://hl7.org/fhir">
  <id value="MaternalLinkageBundle-Extensive-PluralBirthAndFetalDeathWithCert"/>
  <meta>
    <profile value="http://cdc.gov/nchs/nvss/fhir/vital-records-messaging/StructureDefinition/VRM-maternal-linkage-content-bundle"/>
  </meta>
  <identifier>
    <extension url="http://hl7.org/fhir/us/vr-common-library/StructureDefinition/CertificateNumber">
      <valueString value="000182"/>
    </extension>
    <extension url="http://hl7.org/fhir/us/vr-common-library/StructureDefinition/AuxiliaryStateIdentifier1">
      <valueString value="000000000001"/>
    </extension>
    <extension url="http://hl7.org/fhir/us/vr-common-library/StructureDefinition/AuxiliaryStateIdentifier2">
      <valueString value="100000000001"/>
    </extension>
    <value value="2020NY000182"/>
  </identifier>
  <type value="collection"/>
  <entry>
    <fullUrl value="http://www.example.org/fhir/Parameter/ParametersLinkage-Extensive-PluralBirthAndFetalDeath"/>
    <resource>
      <Parameters>
        <id value="ParametersLinkage-Extensive-PluralBirthAndFetalDeath"/>
        <meta>
          <profile value="http://cdc.gov/nchs/nvss/fhir/vital-records-messaging/StructureDefinition/VRM-RecentPregnancyParameters"/>
        </meta>
        <parameter>
          <name value="notes"/>
          <valueString value="Example of notes"/>
        </parameter>
        <parameter>
          <name value="coded_outcome"/>
          <valueCodeableConcept>
            <coding>
              <system value="http://cdc.gov/nchs/nvss/fhir/vital-records-messaging/CodeSystem/VRM-coded-pregnancy-status-cs"/>
              <code value="live-birth-and-fetal-death"/>
              <display value="Multiple Outcomes (Live Birth(s) and Fetal Death(s))"/>
            </coding>
          </valueCodeableConcept>
        </parameter>
        <parameter>
          <name value="birth_plurality"/>
          <valueInteger value="2"/>
        </parameter>
        <parameter>
          <name value="fetal_death_plurality"/>
          <valueInteger value="2"/>
        </parameter>
        <parameter>
          <name value="preg_status_is_correct"/>
          <valueBoolean value="false"/>
        </parameter>
        <parameter>
          <name value="corrected_pregnancy_status"/>
          <valueCodeableConcept>
            <coding>
              <system value="http://hl7.org/fhir/us/vrdr/CodeSystem/CodeSystem-death-pregnancy-status"/>
              <code value="4"/>
              <display value="Not pregnant, but pregnant 43 days to 1 year before death"/>
            </coding>
          </valueCodeableConcept>
        </parameter>
      </Parameters>
    </resource>
  </entry>
  <entry>
    <fullUrl value="http://www.example.org/fhir/Observation/BirthRecordIdentifierChild-ExtensiveExample1"/>
    <resource>
      <Observation>
        <id value="BirthRecordIdentifierChild-ExtensiveExample1"/>
        <meta>
          <profile value="http://cdc.gov/nchs/nvss/fhir/vital-records-messaging/StructureDefinition/VRM-birth-record-identifier-child"/>
        </meta>
        <text>
          <status value="generated"/><div xmlns="http://www.w3.org/1999/xhtml"><a name="Observation_BirthRecordIdentifierChild-ExtensiveExample1"> </a><p class="res-header-id"><b>Generated Narrative: Observation BirthRecordIdentifierChild-ExtensiveExample1</b></p><a name="BirthRecordIdentifierChild-ExtensiveExample1"> </a><a name="hcBirthRecordIdentifierChild-ExtensiveExample1"> </a><div style="display: inline-block; background-color: #d9e0e7; padding: 6px; margin: 4px; border: 1px solid #8da1b4; border-radius: 5px; line-height: 60%"><p style="margin-bottom: 0px"/><p style="margin-bottom: 0px">Profile: <a href="StructureDefinition-VRM-birth-record-identifier-child.html">Birth Record Identifier Child</a></p></div><p><b>status</b>: Final</p><p><b>code</b>: <span title="Codes:{http://cdc.gov/nchs/nvss/fhir/vital-records-messaging/CodeSystem/VRM-observation-cs birthrecordidentifier}">Birth Record Record Identifier</span></p><p><b>value</b>: 717171</p><blockquote><p><b>component</b></p><p><b>code</b>: <span title="Codes:{http://loinc.org 21842-0}">Birthplace</span></p><p><b>value</b>: YC</p></blockquote><blockquote><p><b>component</b></p><p><b>code</b>: <span title="Codes:{http://loinc.org 80904-6}">Birth year</span></p><p><b>value</b>: 2024</p></blockquote><blockquote><p><b>component</b></p><p><b>code</b>: <span title="Codes:">index</span></p><p><b>value</b>: 1</p></blockquote><blockquote><p><b>component</b></p><p><b>code</b>: <span title="Codes:">availability</span></p><p><b>value</b>: <span title="Codes:{http://terminology.hl7.org/CodeSystem/v2-0136 Y}">Yes</span></p></blockquote></div>
        </text>
        <status value="final"/>
        <code>
          <coding>
            <system value="http://cdc.gov/nchs/nvss/fhir/vital-records-messaging/CodeSystem/VRM-observation-cs"/>
            <code value="birthrecordidentifier"/>
          </coding>
        </code>
        <valueString value="717171"/>
        <component>
          <code>
            <coding>
              <system value="http://loinc.org"/>
              <code value="21842-0"/>
            </coding>
          </code>
          <valueString value="YC"/>
        </component>
        <component>
          <code>
            <coding>
              <system value="http://loinc.org"/>
              <code value="80904-6"/>
            </coding>
          </code>
          <valueDateTime value="2024"/>
        </component>
        <component>
          <code>
            <coding>
              <code value="index"/>
            </coding>
          </code>
          <valueInteger value="1"/>
        </component>
        <component>
          <code>
            <coding>
              <code value="availability"/>
            </coding>
          </code>
          <valueCodeableConcept>
            <coding>
              <system value="http://terminology.hl7.org/CodeSystem/v2-0136"/>
              <code value="Y"/>
              <display value="Yes"/>
            </coding>
          </valueCodeableConcept>
        </component>
      </Observation>
    </resource>
  </entry>
  <entry>
    <fullUrl value="http://www.example.org/fhir/Observation/BirthRecordIdentifierChild-ExtensiveExample2"/>
    <resource>
      <Observation>
        <id value="BirthRecordIdentifierChild-ExtensiveExample2"/>
        <meta>
          <profile value="http://cdc.gov/nchs/nvss/fhir/vital-records-messaging/StructureDefinition/VRM-birth-record-identifier-child"/>
        </meta>
        <text>
          <status value="generated"/><div xmlns="http://www.w3.org/1999/xhtml"><a name="Observation_BirthRecordIdentifierChild-ExtensiveExample2"> </a><p class="res-header-id"><b>Generated Narrative: Observation BirthRecordIdentifierChild-ExtensiveExample2</b></p><a name="BirthRecordIdentifierChild-ExtensiveExample2"> </a><a name="hcBirthRecordIdentifierChild-ExtensiveExample2"> </a><div style="display: inline-block; background-color: #d9e0e7; padding: 6px; margin: 4px; border: 1px solid #8da1b4; border-radius: 5px; line-height: 60%"><p style="margin-bottom: 0px"/><p style="margin-bottom: 0px">Profile: <a href="StructureDefinition-VRM-birth-record-identifier-child.html">Birth Record Identifier Child</a></p></div><p><b>status</b>: Final</p><p><b>code</b>: <span title="Codes:{http://cdc.gov/nchs/nvss/fhir/vital-records-messaging/CodeSystem/VRM-observation-cs birthrecordidentifier}">Birth Record Record Identifier</span></p><p><b>value</b>: 717172</p><blockquote><p><b>component</b></p><p><b>code</b>: <span title="Codes:{http://loinc.org 21842-0}">Birthplace</span></p><p><b>value</b>: YC</p></blockquote><blockquote><p><b>component</b></p><p><b>code</b>: <span title="Codes:{http://loinc.org 80904-6}">Birth year</span></p><p><b>value</b>: 2024</p></blockquote><blockquote><p><b>component</b></p><p><b>code</b>: <span title="Codes:">index</span></p><p><b>value</b>: 2</p></blockquote><blockquote><p><b>component</b></p><p><b>code</b>: <span title="Codes:">availability</span></p><p><b>value</b>: <span title="Codes:{http://terminology.hl7.org/CodeSystem/v2-0136 Y}">Yes</span></p></blockquote></div>
        </text>
        <status value="final"/>
        <code>
          <coding>
            <system value="http://cdc.gov/nchs/nvss/fhir/vital-records-messaging/CodeSystem/VRM-observation-cs"/>
            <code value="birthrecordidentifier"/>
          </coding>
        </code>
        <valueString value="717172"/>
        <component>
          <code>
            <coding>
              <system value="http://loinc.org"/>
              <code value="21842-0"/>
            </coding>
          </code>
          <valueString value="YC"/>
        </component>
        <component>
          <code>
            <coding>
              <system value="http://loinc.org"/>
              <code value="80904-6"/>
            </coding>
          </code>
          <valueDateTime value="2024"/>
        </component>
        <component>
          <code>
            <coding>
              <code value="index"/>
            </coding>
          </code>
          <valueInteger value="2"/>
        </component>
        <component>
          <code>
            <coding>
              <code value="availability"/>
            </coding>
          </code>
          <valueCodeableConcept>
            <coding>
              <system value="http://terminology.hl7.org/CodeSystem/v2-0136"/>
              <code value="Y"/>
              <display value="Yes"/>
            </coding>
          </valueCodeableConcept>
        </component>
      </Observation>
    </resource>
  </entry>
  <entry>
    <fullUrl value="http://www.example.org/fhir/Observation/FetalDeathRecordIdentifier-ExtensiveExample1"/>
    <resource>
      <Observation>
        <id value="FetalDeathRecordIdentifier-ExtensiveExample1"/>
        <meta>
          <profile value="http://cdc.gov/nchs/nvss/fhir/vital-records-messaging/StructureDefinition/VRM-fetal-death-record-identifier"/>
        </meta>
        <text>
          <status value="generated"/><div xmlns="http://www.w3.org/1999/xhtml"><a name="Observation_FetalDeathRecordIdentifier-ExtensiveExample1"> </a><p class="res-header-id"><b>Generated Narrative: Observation FetalDeathRecordIdentifier-ExtensiveExample1</b></p><a name="FetalDeathRecordIdentifier-ExtensiveExample1"> </a><a name="hcFetalDeathRecordIdentifier-ExtensiveExample1"> </a><div style="display: inline-block; background-color: #d9e0e7; padding: 6px; margin: 4px; border: 1px solid #8da1b4; border-radius: 5px; line-height: 60%"><p style="margin-bottom: 0px"/><p style="margin-bottom: 0px">Profile: <a href="StructureDefinition-VRM-fetal-death-record-identifier.html">Fetal Death Record Identifier</a></p></div><p><b>status</b>: Final</p><p><b>code</b>: <span title="Codes:{http://cdc.gov/nchs/nvss/fhir/vital-records-messaging/CodeSystem/VRM-observation-cs fetaldeathrecordidentifier}">Fetal Death Record Identifier</span></p><p><b>value</b>: 100001</p><blockquote><p><b>component</b></p><p><b>code</b>: <span title="Codes:{http://loinc.org 77969-4}">Jurisdiction code</span></p><p><b>value</b>: YC</p></blockquote><blockquote><p><b>component</b></p><p><b>code</b>: <span title="Codes:{http://loinc.org 81954-0}">Date of death [Date]</span></p><p><b>value</b>: 2024</p></blockquote><blockquote><p><b>component</b></p><p><b>code</b>: <span title="Codes:">index</span></p><p><b>value</b>: 1</p></blockquote><blockquote><p><b>component</b></p><p><b>code</b>: <span title="Codes:">availability</span></p><p><b>value</b>: <span title="Codes:{http://terminology.hl7.org/CodeSystem/v2-0136 Y}">Yes</span></p></blockquote></div>
        </text>
        <status value="final"/>
        <code>
          <coding>
            <system value="http://cdc.gov/nchs/nvss/fhir/vital-records-messaging/CodeSystem/VRM-observation-cs"/>
            <code value="fetaldeathrecordidentifier"/>
          </coding>
        </code>
        <valueString value="100001"/>
        <component>
          <code>
            <coding>
              <system value="http://loinc.org"/>
              <code value="77969-4"/>
            </coding>
          </code>
          <valueString value="YC"/>
        </component>
        <component>
          <code>
            <coding>
              <system value="http://loinc.org"/>
              <code value="81954-0"/>
            </coding>
          </code>
          <valueDateTime value="2024"/>
        </component>
        <component>
          <code>
            <coding>
              <code value="index"/>
            </coding>
          </code>
          <valueInteger value="1"/>
        </component>
        <component>
          <code>
            <coding>
              <code value="availability"/>
            </coding>
          </code>
          <valueCodeableConcept>
            <coding>
              <system value="http://terminology.hl7.org/CodeSystem/v2-0136"/>
              <code value="Y"/>
              <display value="Yes"/>
            </coding>
          </valueCodeableConcept>
        </component>
      </Observation>
    </resource>
  </entry>
  <entry>
    <fullUrl value="http://www.example.org/fhir/Observation/FetalDeathRecordIdentifier-ExtesnvieExample2"/>
    <resource>
      <Observation>
        <id value="FetalDeathRecordIdentifier-ExtesnvieExample2"/>
        <meta>
          <profile value="http://cdc.gov/nchs/nvss/fhir/vital-records-messaging/StructureDefinition/VRM-fetal-death-record-identifier"/>
        </meta>
        <text>
          <status value="generated"/><div xmlns="http://www.w3.org/1999/xhtml"><a name="Observation_FetalDeathRecordIdentifier-ExtesnvieExample2"> </a><p class="res-header-id"><b>Generated Narrative: Observation FetalDeathRecordIdentifier-ExtesnvieExample2</b></p><a name="FetalDeathRecordIdentifier-ExtesnvieExample2"> </a><a name="hcFetalDeathRecordIdentifier-ExtesnvieExample2"> </a><div style="display: inline-block; background-color: #d9e0e7; padding: 6px; margin: 4px; border: 1px solid #8da1b4; border-radius: 5px; line-height: 60%"><p style="margin-bottom: 0px"/><p style="margin-bottom: 0px">Profile: <a href="StructureDefinition-VRM-fetal-death-record-identifier.html">Fetal Death Record Identifier</a></p></div><p><b>status</b>: Final</p><p><b>code</b>: <span title="Codes:{http://cdc.gov/nchs/nvss/fhir/vital-records-messaging/CodeSystem/VRM-observation-cs fetaldeathrecordidentifier}">Fetal Death Record Identifier</span></p><blockquote><p><b>component</b></p><p><b>code</b>: <span title="Codes:">index</span></p><p><b>value</b>: 2</p></blockquote><blockquote><p><b>component</b></p><p><b>code</b>: <span title="Codes:">availability</span></p><p><b>value</b>: <span title="Codes:{http://terminology.hl7.org/CodeSystem/v2-0136 N}">No</span></p></blockquote></div>
        </text>
        <status value="final"/>
        <code>
          <coding>
            <system value="http://cdc.gov/nchs/nvss/fhir/vital-records-messaging/CodeSystem/VRM-observation-cs"/>
            <code value="fetaldeathrecordidentifier"/>
          </coding>
        </code>
        <component>
          <code>
            <coding>
              <code value="index"/>
            </coding>
          </code>
          <valueInteger value="2"/>
        </component>
        <component>
          <code>
            <coding>
              <code value="availability"/>
            </coding>
          </code>
          <valueCodeableConcept>
            <coding>
              <system value="http://terminology.hl7.org/CodeSystem/v2-0136"/>
              <code value="N"/>
              <display value="No"/>
            </coding>
          </valueCodeableConcept>
        </component>
      </Observation>
    </resource>
  </entry>
</Bundle>