<?xml version="1.0" encoding="UTF-8"?>

<Bundle xmlns="http://hl7.org/fhir">
  <id value="DeathRecordAliasMessage-Example1"/>
  <meta>
    <profile value="http://cdc.gov/nchs/nvss/fhir/vital-records-messaging/StructureDefinition/VRM-DeathRecordAliasMessage"/>
  </meta>
  <type value="message"/>
  <timestamp value="2021-05-20T00:00:00Z"/>
  <entry>
    <fullUrl value="http://www.example.org/fhir/Header/AliasHeader-Example1"/>
    <resource>
      <MessageHeader>
        <id value="AliasHeader-Example1"/>
        <meta>
          <profile value="http://cdc.gov/nchs/nvss/fhir/vital-records-messaging/StructureDefinition/VRM-AliasHeader"/>
        </meta>
        <text>
          <status value="generated"/><div xmlns="http://www.w3.org/1999/xhtml"><a name="MessageHeader_AliasHeader-Example1"> </a><p class="res-header-id"><b>Generated Narrative: MessageHeader AliasHeader-Example1</b></p><a name="AliasHeader-Example1"> </a><a name="hcAliasHeader-Example1"> </a><div style="display: inline-block; background-color: #d9e0e7; padding: 6px; margin: 4px; border: 1px solid #8da1b4; border-radius: 5px; line-height: 60%"><p style="margin-bottom: 0px"/><p style="margin-bottom: 0px">Profile: <a href="StructureDefinition-VRM-AliasHeader.html">Alias Header</a></p></div><p><b>event</b>: <a href="http://nchs.cdc.gov/vrdr_alias">http://nchs.cdc.gov/vrdr_alias</a></p><h3>Destinations</h3><table class="grid"><tr><td style="display: none">-</td><td><b>Endpoint</b></td></tr><tr><td style="display: none">*</td><td><a href="http://nchs.cdc.gov/vrdr_submission">http://nchs.cdc.gov/vrdr_submission</a></td></tr></table><h3>Sources</h3><table class="grid"><tr><td style="display: none">-</td><td><b>Endpoint</b></td></tr><tr><td style="display: none">*</td><td><a href="https://sos.ny.gov/vitalrecords">https://sos.ny.gov/vitalrecords</a></td></tr></table><p><b>focus</b>: <a href="Bundle-DeathRecordAliasMessage-Example1.html#http-//www.example.org/fhir/Parameters/AliasParameters-Example1">Bundle: type = message; timestamp = 2021-05-20 00:00:00+0000</a></p></div>
        </text>
        <eventUri value="http://nchs.cdc.gov/vrdr_alias"/>
        <destination>
          <endpoint value="http://nchs.cdc.gov/vrdr_submission"/>
        </destination>
        <source>
          <endpoint value="https://sos.ny.gov/vitalrecords"/>
        </source>
        <focus>
          <reference value="http://www.example.org/fhir/Parameters/AliasParameters-Example1"/>
        </focus>
      </MessageHeader>
    </resource>
  </entry>
  <entry>
    <fullUrl value="http://www.example.org/fhir/Parameters/AliasParameters-Example1"/>
    <resource>
      <Parameters>
        <id value="AliasParameters-Example1"/>
        <meta>
          <profile value="http://cdc.gov/nchs/nvss/fhir/vital-records-messaging/StructureDefinition/VRM-AliasParameters"/>
        </meta>
        <parameter>
          <name value="cert_no"/>
          <valueUnsignedInt value="123456"/>
        </parameter>
        <parameter>
          <name value="jurisdiction_id"/>
          <valueString value="NY"/>
        </parameter>
        <parameter>
          <name value="event_year"/>
          <valueUnsignedInt value="2018"/>
        </parameter>
        <parameter>
          <name value="state_auxiliary_id"/>
          <valueString value="abcdef10"/>
        </parameter>
        <parameter>
          <name value="alias_father_surname"/>
          <valueString value="Jingleheimer"/>
        </parameter>
        <parameter>
          <name value="alias_decedent_first_name"/>
          <valueString value="John"/>
        </parameter>
        <parameter>
          <name value="alias_decedent_middle_name"/>
          <valueString value="Jacob"/>
        </parameter>
        <parameter>
          <name value="alias_decedent_last_name"/>
          <valueString value="Schmidt"/>
        </parameter>
        <parameter>
          <name value="alias_decedent_name_suffix"/>
          <valueString value="III"/>
        </parameter>
        <parameter>
          <name value="alias_social_security_number"/>
          <valueString value="123-45-6789"/>
        </parameter>
      </Parameters>
    </resource>
  </entry>
</Bundle>