<?xml version="1.0" encoding="UTF-8"?>

<Bundle xmlns="http://hl7.org/fhir">
  <id value="MaternalLinkageRequestMessage-Example1"/>
  <meta>
    <profile value="http://cdc.gov/nchs/nvss/fhir/vital-records-messaging/StructureDefinition/VRM-MaternalLinkageRequestMessage"/>
  </meta>
  <type value="message"/>
  <timestamp value="2021-05-20T00:00:00Z"/>
  <entry>
    <fullUrl value="http://www.example.org/fhir/Header/MaternalLinkageRequestHeaderExample1"/>
    <resource>
      <MessageHeader>
        <id value="MaternalLinkageRequestHeaderExample1"/>
        <meta>
          <profile value="http://cdc.gov/nchs/nvss/fhir/vital-records-messaging/StructureDefinition/VRM-MaternalLinkageRequestHeader"/>
        </meta>
        <text>
          <status value="generated"/><div xmlns="http://www.w3.org/1999/xhtml"><a name="MessageHeader_MaternalLinkageRequestHeaderExample1"> </a><p class="res-header-id"><b>Generated Narrative: MessageHeader MaternalLinkageRequestHeaderExample1</b></p><a name="MaternalLinkageRequestHeaderExample1"> </a><a name="hcMaternalLinkageRequestHeaderExample1"> </a><div style="display: inline-block; background-color: #d9e0e7; padding: 6px; margin: 4px; border: 1px solid #8da1b4; border-radius: 5px; line-height: 60%"><p style="margin-bottom: 0px"/><p style="margin-bottom: 0px">Profile: <a href="StructureDefinition-VRM-MaternalLinkageRequestHeader.html">Maternal Linkage Request Message Header</a></p></div><p><b>event</b>: <a href="http://nchs.cdc.gov/maternal_linkage_request">http://nchs.cdc.gov/maternal_linkage_request</a></p><h3>Destinations</h3><table class="grid"><tr><td style="display: none">-</td><td><b>Endpoint</b></td></tr><tr><td style="display: none">*</td><td><a href="https://sos.ny.gov/vitalrecords">https://sos.ny.gov/vitalrecords</a></td></tr></table><h3>Sources</h3><table class="grid"><tr><td style="display: none">-</td><td><b>Endpoint</b></td></tr><tr><td style="display: none">*</td><td><a href="http://nchs.cdc.gov/vrdr_submission">http://nchs.cdc.gov/vrdr_submission</a></td></tr></table><p><b>focus</b>: <a href="Bundle-DeathRecordSubmissionMessage-Example1.html#http-//www.example.org/fhir/Parameters/ParametersDeathExample1">Bundle: type = message; timestamp = 2021-05-20 00:00:00+0000</a></p></div>
        </text>
        <eventUri value="http://nchs.cdc.gov/maternal_linkage_request"/>
        <destination>
          <endpoint value="https://sos.ny.gov/vitalrecords"/>
        </destination>
        <source>
          <endpoint value="http://nchs.cdc.gov/vrdr_submission"/>
        </source>
        <focus>
          <reference value="http://www.example.org/fhir/Parameters/ParametersDeathExample1"/>
        </focus>
      </MessageHeader>
    </resource>
  </entry>
  <entry>
    <fullUrl value="http://www.example.org/fhir/Parameters/ParametersDeathExample1"/>
    <resource>
      <Parameters>
        <id value="ParametersDeathExample1"/>
        <meta>
          <profile value="http://cdc.gov/nchs/nvss/fhir/vital-records-messaging/StructureDefinition/VRM-MessageParameters"/>
        </meta>
        <parameter>
          <name value="cert_no"/>
          <valueUnsignedInt value="111111"/>
        </parameter>
        <parameter>
          <name value="jurisdiction_id"/>
          <valueString value="NY"/>
        </parameter>
        <parameter>
          <name value="state_auxiliary_id"/>
          <valueString value="abcdef10"/>
        </parameter>
      </Parameters>
    </resource>
  </entry>
</Bundle>