<?xml version="1.0" encoding="UTF-8"?>

<Observation xmlns="http://hl7.org/fhir">
  <id value="FetalDeathRecordIdentifier-ExtesnvieExample2"/>
  <meta>
    <profile value="http://cdc.gov/nchs/nvss/fhir/vital-records-messaging/StructureDefinition/VRM-fetal-death-record-identifier"/>
  </meta>
  <text>
    <status value="generated"/><div xmlns="http://www.w3.org/1999/xhtml"><p class="res-header-id"><b>Generated Narrative: Observation FetalDeathRecordIdentifier-ExtesnvieExample2</b></p><a name="FetalDeathRecordIdentifier-ExtesnvieExample2"> </a><a name="hcFetalDeathRecordIdentifier-ExtesnvieExample2"> </a><div style="display: inline-block; background-color: #d9e0e7; padding: 6px; margin: 4px; border: 1px solid #8da1b4; border-radius: 5px; line-height: 60%"><p style="margin-bottom: 0px"/><p style="margin-bottom: 0px">Profile: <a href="StructureDefinition-VRM-fetal-death-record-identifier.html">Fetal Death Record Identifier</a></p></div><p><b>status</b>: Final</p><p><b>code</b>: <span title="Codes:{http://cdc.gov/nchs/nvss/fhir/vital-records-messaging/CodeSystem/VRM-observation-cs fetaldeathrecordidentifier}">Fetal Death Record Identifier</span></p><blockquote><p><b>component</b></p><p><b>code</b>: <span title="Codes:">index</span></p><p><b>value</b>: 2</p></blockquote><blockquote><p><b>component</b></p><p><b>code</b>: <span title="Codes:">availability</span></p><p><b>value</b>: <span title="Codes:{http://terminology.hl7.org/CodeSystem/v2-0136 N}">No</span></p></blockquote></div>
  </text>
  <status value="final"/>
  <code>
    <coding>
      <system value="http://cdc.gov/nchs/nvss/fhir/vital-records-messaging/CodeSystem/VRM-observation-cs"/>
      <code value="fetaldeathrecordidentifier"/>
    </coding>
  </code>
  <component>
    <code>
      <coding>
        <code value="index"/>
      </coding>
    </code>
    <valueInteger value="2"/>
  </component>
  <component>
    <code>
      <coding>
        <code value="availability"/>
      </coding>
    </code>
    <valueCodeableConcept>
      <coding>
        <system value="http://terminology.hl7.org/CodeSystem/v2-0136"/>
        <code value="N"/>
        <display value="No"/>
      </coding>
    </valueCodeableConcept>
  </component>
</Observation>