<?xml version="1.0" encoding="UTF-8"?>

<Observation xmlns="http://hl7.org/fhir">
  <id value="BirthRecordIdentifierChild-ExtensiveExample1"/>
  <meta>
    <profile value="http://cdc.gov/nchs/nvss/fhir/vital-records-messaging/StructureDefinition/VRM-birth-record-identifier-child"/>
  </meta>
  <text>
    <status value="generated"/><div xmlns="http://www.w3.org/1999/xhtml"><p class="res-header-id"><b>Generated Narrative: Observation BirthRecordIdentifierChild-ExtensiveExample1</b></p><a name="BirthRecordIdentifierChild-ExtensiveExample1"> </a><a name="hcBirthRecordIdentifierChild-ExtensiveExample1"> </a><div style="display: inline-block; background-color: #d9e0e7; padding: 6px; margin: 4px; border: 1px solid #8da1b4; border-radius: 5px; line-height: 60%"><p style="margin-bottom: 0px"/><p style="margin-bottom: 0px">Profile: <a href="StructureDefinition-VRM-birth-record-identifier-child.html">Birth Record Identifier Child</a></p></div><p><b>status</b>: Final</p><p><b>code</b>: <span title="Codes:{http://cdc.gov/nchs/nvss/fhir/vital-records-messaging/CodeSystem/VRM-observation-cs birthrecordidentifier}">Birth Record Record Identifier</span></p><p><b>value</b>: 717171</p><blockquote><p><b>component</b></p><p><b>code</b>: <span title="Codes:{http://loinc.org 21842-0}">Birthplace</span></p><p><b>value</b>: YC</p></blockquote><blockquote><p><b>component</b></p><p><b>code</b>: <span title="Codes:{http://loinc.org 80904-6}">Birth year</span></p><p><b>value</b>: 2024</p></blockquote><blockquote><p><b>component</b></p><p><b>code</b>: <span title="Codes:">index</span></p><p><b>value</b>: 1</p></blockquote><blockquote><p><b>component</b></p><p><b>code</b>: <span title="Codes:">availability</span></p><p><b>value</b>: <span title="Codes:{http://terminology.hl7.org/CodeSystem/v2-0136 Y}">Yes</span></p></blockquote></div>
  </text>
  <status value="final"/>
  <code>
    <coding>
      <system value="http://cdc.gov/nchs/nvss/fhir/vital-records-messaging/CodeSystem/VRM-observation-cs"/>
      <code value="birthrecordidentifier"/>
    </coding>
  </code>
  <valueString value="717171"/>
  <component>
    <code>
      <coding>
        <system value="http://loinc.org"/>
        <code value="21842-0"/>
      </coding>
    </code>
    <valueString value="YC"/>
  </component>
  <component>
    <code>
      <coding>
        <system value="http://loinc.org"/>
        <code value="80904-6"/>
      </coding>
    </code>
    <valueDateTime value="2024"/>
  </component>
  <component>
    <code>
      <coding>
        <code value="index"/>
      </coding>
    </code>
    <valueInteger value="1"/>
  </component>
  <component>
    <code>
      <coding>
        <code value="availability"/>
      </coding>
    </code>
    <valueCodeableConcept>
      <coding>
        <system value="http://terminology.hl7.org/CodeSystem/v2-0136"/>
        <code value="Y"/>
        <display value="Yes"/>
      </coding>
    </valueCodeableConcept>
  </component>
</Observation>