<?xml version="1.0" encoding="UTF-8"?><ValueSet xmlns="http://hl7.org/fhir"><id value="VRM-DemographicsCodingUpdateHeaderURI-vs"/><text><status value="extensions"/><div xmlns="http://www.w3.org/1999/xhtml"><p class="res-header-id"><b>Generated Narrative: ValueSet VRM-DemographicsCodingUpdateHeaderURI-vs</b></p><a name="VRM-DemographicsCodingUpdateHeaderURI-vs"> </a><a name="hcVRM-DemographicsCodingUpdateHeaderURI-vs"> </a><ul><li>Include these codes as defined in <a href="CodeSystem-VRM-MessageHeaderURI-cs.html"><code>http://cdc.gov/nchs/nvss/fhir/vital-records-messaging/CodeSystem/VRM-MessageHeaderURI-cs</code></a><table class="none"><tr><td style="white-space:nowrap"><b>Code</b></td><td><b>Display</b></td><td><b>Definition</b></td></tr><tr><td><a href="CodeSystem-VRM-MessageHeaderURI-cs.html#VRM-MessageHeaderURI-cs-http.58.47.47nchs.46cdc.46gov.47vrdr_demographics_coding_update">http://nchs.cdc.gov/vrdr_demographics_coding_update</a></td><td style="color: #cccccc">VRDR Demographics Coding Update</td><td>Indicates that this is an updated demographics coding of a death report</td></tr><tr><td><a href="CodeSystem-VRM-MessageHeaderURI-cs.html#VRM-MessageHeaderURI-cs-http.58.47.47nchs.46cdc.46gov.47fd_demographics_coding_update">http://nchs.cdc.gov/fd_demographics_coding_update</a></td><td style="color: #cccccc">Fetal Death Parental Demographics Coding Update</td><td>Indicates that this is an updated demographics coding of a fetal death report</td></tr><tr><td><a href="CodeSystem-VRM-MessageHeaderURI-cs.html#VRM-MessageHeaderURI-cs-http.58.47.47nchs.46cdc.46gov.47birth_demographics_coding_update">http://nchs.cdc.gov/birth_demographics_coding_update</a></td><td style="color: #cccccc">Bith Parental Demographics Coding Update</td><td>Indicates that this is an updated demographics coding of a birth report</td></tr></table></li></ul></div></text><url value="http://cdc.gov/nchs/nvss/fhir/vital-records-messaging/ValueSet/VRM-DemographicsCodingUpdateHeaderURI-vs"/><version value="2.0.0"/><name value="DemographicsCodingUpdateHeaderURIVS"/><title value="Demographics Coding Update MessageHeader URI Values"/><status value="active"/><experimental value="false"/><date value="2025-07-09T11:57:36-04:00"/><publisher value="CDC NCHS"/><contact><name value="CDC NCHS"/><telecom><system value="url"/><value value="http://cdc.gov/nchs"/></telecom></contact><description value="Demographics Coding Update MessageHeader URI Values"/><compose><include><system value="http://cdc.gov/nchs/nvss/fhir/vital-records-messaging/CodeSystem/VRM-MessageHeaderURI-cs"/><concept><code value="http://nchs.cdc.gov/vrdr_demographics_coding_update"/></concept><concept><code value="http://nchs.cdc.gov/fd_demographics_coding_update"/></concept><concept><code value="http://nchs.cdc.gov/birth_demographics_coding_update"/></concept></include></compose></ValueSet>