Source File	Size	loadResources	load	generateSnapshots	load-configure	scan	loadDepInfo	loadInfo	checkR4R4B	generateNarratives	validate	loadLists	checkConformanceResources	checkConformanceResources2	checkConformanceResources3	generateLogicalMaps	validateExpressions	scanForUsageStats	checkURLsUnique	processProvenanceDetails	generate1	generate2	generateLogicals	makeDependencies	generateExampleZip	generateValidationPack	scanProfilesForR5	scanExamplesForR5
\fsh-generated\resources\ImplementationGuide-vital-records-fhir-messaging.json	40719	-	0	0	0	0	0	0	21	156	0	0	0	0	0	0	0	0	0	0	1665	1154	0	0	0	31	0	0
fsh-generated/resources/Bundle-AcknowledgementMessage-Example1.json	2120	15	32	0	0	0	0	0	0	80	0	0	0	0	0	0	0	0	0	0	173	195	0	0	0	0	0	0
fsh-generated/resources/Bundle-AcknowledgementMessage-Example2.json	2895	26	15	0	0	0	0	0	0	31	0	0	0	0	0	0	0	0	0	0	220	205	0	0	0	0	0	0
fsh-generated/resources/Bundle-BirthReportMessage-Example1.json	3606	6	0	0	0	0	0	0	0	50	0	0	0	0	0	0	0	0	0	0	285	223	0	0	0	0	0	0
fsh-generated/resources/Bundle-BirthReportUpdateMessage-Example1.json	3633	16	23	0	0	0	0	0	0	29	0	0	0	0	0	0	0	0	0	0	173	206	0	0	0	0	0	0
fsh-generated/resources/Bundle-CauseOfDeathCodingMessage-Example1.json	3746	16	9	0	0	0	0	0	0	54	0	0	0	0	0	0	0	0	0	0	211	206	0	0	0	0	0	0
fsh-generated/resources/Bundle-CauseOfDeathCodingUpdateMessage1.json	3775	0	0	0	0	0	0	0	0	26	0	0	0	0	0	0	0	0	0	0	200	206	0	0	2	0	0	0
fsh-generated/resources/Bundle-CodedCauseOfFetalDeathMessage-Example1.json	3770	16	0	0	0	0	0	0	0	16	0	0	0	0	0	0	0	0	0	0	220	206	0	0	0	0	0	0
fsh-generated/resources/Bundle-CodedCauseOfFetalDeathUpdateMessage-Example1.json	3809	15	20	0	0	0	0	0	0	44	0	0	0	0	0	0	0	0	0	0	189	206	0	0	0	0	0	0
fsh-generated/resources/Bundle-DeathRecordAliasMessage-Example1.json	2539	16	0	0	0	0	0	0	0	20	0	0	0	0	0	0	0	0	0	0	174	206	0	0	0	0	0	0
fsh-generated/resources/Bundle-DeathRecordSubmissionMessage-Example1.json	3201	13	12	0	0	0	0	0	0	32	0	0	0	0	0	0	0	0	0	0	190	190	0	0	0	0	0	0
fsh-generated/resources/Bundle-DemographicsCodingMessage-Example1.json	3746	14	0	0	0	0	0	0	0	16	0	0	0	0	0	0	0	0	0	0	188	213	0	0	0	0	0	0
fsh-generated/resources/Bundle-DemographicsCodingUpdateMessage1.json	3775	10	16	0	0	0	0	0	0	32	0	0	0	0	0	0	0	0	0	0	189	189	0	0	0	0	0	0
fsh-generated/resources/Bundle-DummyBundle.json	1145	11	0	0	0	0	0	0	0	0	0	0	0	0	0	0	0	0	0	0	95	141	0	0	0	0	0	0
fsh-generated/resources/Bundle-DummyDeathBundle.json	945	0	10	0	0	0	0	0	0	0	0	0	0	0	0	0	0	0	0	0	111	143	0	0	0	0	0	0
fsh-generated/resources/Bundle-ExtractionErrorMessage-Example1.json	2841	16	6	0	0	0	0	0	0	32	0	0	0	0	0	0	0	2	0	0	205	207	0	0	0	0	0	0
fsh-generated/resources/Bundle-FetalDeathReportMessage-Example1.json	3614	16	0	0	0	0	0	0	0	32	0	0	0	0	0	0	0	0	0	0	206	205	0	0	0	0	0	0
fsh-generated/resources/Bundle-FetalDeathReportUpdateMessage-Example1.json	3641	16	15	0	0	0	0	0	0	32	0	0	0	0	0	0	0	0	0	0	189	191	0	0	0	0	0	0
fsh-generated/resources/Bundle-IndustryOccupationCodingMessage-Example1.json	3782	0	0	0	0	0	0	0	0	32	0	0	0	0	0	0	0	0	0	0	205	193	0	0	0	0	0	0
fsh-generated/resources/Bundle-IndustryOccupationCodingUpdateMessage1.json	3811	16	16	0	0	0	0	0	10	15	0	0	0	0	0	0	0	0	0	0	205	186	0	0	0	0	0	0
fsh-generated/resources/Bundle-ParentalDemographicsCodingMessage-Example1.json	3787	16	0	0	0	0	0	0	0	32	0	0	0	0	0	0	0	0	0	0	189	203	0	0	2	0	0	0
fsh-generated/resources/Bundle-ParentalDemographicsCodingUpdateMessage-Example1.json	3824	10	23	0	0	0	0	0	0	32	0	0	0	0	0	0	0	0	0	0	205	198	0	0	0	0	0	0
fsh-generated/resources/Bundle-StatusMessage-Example1.json	2076	6	15	0	0	0	0	0	0	16	0	0	0	0	0	0	0	0	0	0	158	188	0	0	0	0	0	0
fsh-generated/resources/Bundle-UpdateMessage-Example1.json	3586	16	10	0	0	0	0	0	0	32	0	0	0	0	0	0	0	0	0	0	205	185	0	0	0	0	0	0
fsh-generated/resources/Bundle-VoidMessage-Example1.json	1948	15	16	0	0	0	0	0	0	31	0	0	0	0	0	0	0	0	0	0	142	200	0	0	0	0	0	0
fsh-generated/resources/CodeSystem-Payload-version-cs.json	813	0	0	15	0	0	0	0	0	16	0	0	0	0	0	0	0	0	0	0	127	1114	0	0	0	1	0	0
fsh-generated/resources/CodeSystem-VRM-MessageHeaderURI-cs.json	7896	16	0	0	0	0	0	0	0	32	0	0	0	0	0	0	0	0	0	0	514	364	0	0	0	4	0	0
fsh-generated/resources/CodeSystem-VRM-Status-cs.json	1729	16	0	0	0	0	0	0	0	63	0	0	0	0	0	0	0	0	0	0	181	270	0	0	0	0	0	0
fsh-generated/resources/MessageHeader-AcknowledgementHeader-Example1.json	647	0	0	0	0	0	0	0	0	32	0	0	0	0	0	0	0	0	0	0	141	154	0	0	0	0	0	0
fsh-generated/resources/MessageHeader-AcknowledgementHeader-Example2.json	754	23	0	0	0	0	0	0	0	32	0	0	0	0	0	0	0	0	0	0	142	164	0	0	0	0	0	0
fsh-generated/resources/MessageHeader-AliasHeader-Example1.json	532	12	0	0	0	0	0	0	0	16	0	0	0	0	0	0	0	0	0	0	137	143	0	0	0	0	0	0
fsh-generated/resources/MessageHeader-BirthReportHeader-Example1.json	628	4	0	0	16	0	0	0	0	37	0	0	0	0	0	0	0	0	0	0	131	173	0	0	0	0	0	0
fsh-generated/resources/MessageHeader-BirthReportUpdateHeader-Example1.json	637	8	0	0	0	0	0	0	0	42	0	0	0	0	0	0	0	0	0	0	126	174	0	0	0	0	0	0
fsh-generated/resources/MessageHeader-CauseOfDeathCodingHeader-Example1.json	733	9	0	0	0	0	0	0	0	16	0	0	0	0	0	0	0	0	0	0	158	173	0	0	0	0	0	0
fsh-generated/resources/MessageHeader-CauseOfDeathCodingUpdateHeader-Example1.json	752	12	0	0	0	0	0	0	0	32	0	0	0	0	0	0	0	0	0	0	142	162	0	0	0	0	0	0
fsh-generated/resources/MessageHeader-CodedCauseOfFetalDeathHeader-Example1.json	741	12	0	0	0	0	0	0	0	16	0	0	0	0	0	0	0	0	0	0	143	189	0	0	0	0	0	0
fsh-generated/resources/MessageHeader-CodedCauseOfFetalDeathUpdateHeader-Example1.json	762	0	0	0	0	0	0	0	0	32	0	0	0	0	0	0	0	0	0	0	126	178	0	0	0	0	0	0
fsh-generated/resources/MessageHeader-DeathRecordSubmissionHeaderExample1.json	642	25	0	0	0	0	0	0	0	32	0	0	0	0	0	0	0	0	0	0	111	154	0	0	2	0	0	0
fsh-generated/resources/MessageHeader-DemographicsCodingHeader-Example1.json	733	11	0	0	0	0	0	0	0	32	0	0	0	0	0	0	0	0	0	0	164	190	0	0	0	0	0	0
fsh-generated/resources/MessageHeader-DemographicsCodingUpdateHeader-Example1.json	752	12	0	0	0	0	0	0	0	47	0	0	0	0	0	0	0	0	0	0	137	152	0	0	0	0	0	0
fsh-generated/resources/MessageHeader-ExtractionErrorHeader-Example1.json	770	3	0	0	0	0	0	0	0	32	0	0	0	0	0	0	0	0	0	0	174	173	0	0	0	0	0	0
fsh-generated/resources/MessageHeader-FetalDeathReportHeader-Example1.json	627	12	0	0	0	0	0	0	0	31	0	0	0	0	0	0	0	0	0	0	132	170	0	0	0	0	0	0
fsh-generated/resources/MessageHeader-FetalDeathReportUpdateHeader-Example1.json	636	16	0	0	0	0	0	0	0	16	0	0	0	0	0	0	0	0	0	0	106	163	0	0	0	0	0	0
fsh-generated/resources/MessageHeader-IndustryOccupationCodingHeader-Example1.json	751	0	0	0	0	0	0	0	0	32	0	0	0	0	0	0	0	0	0	0	64	168	0	0	0	0	0	0
fsh-generated/resources/MessageHeader-IndustryOccupationCodingUpdateHeader-Example1.json	770	16	0	0	0	0	0	0	0	32	0	0	0	0	0	0	0	0	0	0	206	178	0	0	0	0	0	0
fsh-generated/resources/MessageHeader-ParentalDemographicsCodingHeader-Example1.json	748	15	0	0	0	0	0	0	0	16	0	0	0	0	0	0	0	0	0	0	143	167	0	0	0	0	0	0
fsh-generated/resources/MessageHeader-ParentalDemographicsCodingUpdateHeader-Example1.json	767	0	0	0	0	0	0	0	0	44	0	0	0	0	0	0	0	0	0	0	143	192	0	0	0	0	0	0
fsh-generated/resources/MessageHeader-StatusHeader-Example1.json	617	16	0	0	0	0	0	0	0	21	0	0	0	0	0	0	0	0	0	0	113	159	0	0	0	0	0	0
fsh-generated/resources/MessageHeader-SubmissionHeader-Example1.json	623	16	0	0	0	0	0	0	0	30	0	0	0	0	0	0	0	0	0	0	77	164	0	0	0	0	0	0
fsh-generated/resources/MessageHeader-UpdateHeader-Example1.json	622	9	0	0	0	0	0	0	0	15	0	0	0	0	0	0	0	0	0	0	82	153	0	0	2	0	0	0
fsh-generated/resources/MessageHeader-VoidHeader-Example1.json	539	7	0	0	0	0	0	0	0	32	0	0	0	0	0	0	0	0	0	0	79	167	0	0	0	0	0	0
fsh-generated/resources/OperationOutcome-Outcome-Example1.json	377	16	0	0	0	0	0	0	0	0	0	0	0	0	0	0	0	0	0	0	80	118	0	0	0	0	0	0
fsh-generated/resources/OperationOutcome-Outcome-Example2.json	447	0	0	0	0	0	0	0	0	0	0	0	0	0	0	0	0	0	0	0	76	132	0	0	0	0	0	0
fsh-generated/resources/Parameters-AliasParameters-Example1.json	1051	27	0	0	0	0	0	0	0	0	0	0	0	0	0	0	0	0	0	0	64	136	0	0	0	0	0	0
fsh-generated/resources/Parameters-Parameters-Example1.json	610	5	0	0	0	0	0	0	0	0	0	0	0	0	0	0	0	0	0	0	95	142	0	0	2	0	0	0
fsh-generated/resources/Parameters-ParametersBirth-Example1.json	615	15	0	0	0	0	0	0	0	0	0	0	0	0	0	0	0	0	0	0	64	143	0	0	0	0	0	0
fsh-generated/resources/Parameters-ParametersDeathExample1.json	459	10	0	0	0	0	0	0	0	0	0	0	0	0	0	0	0	0	0	0	81	143	0	0	0	0	0	0
fsh-generated/resources/Parameters-ParametersFD-Example2.json	612	8	0	0	0	0	0	0	0	0	0	0	0	0	0	0	0	0	0	0	47	142	0	0	0	0	0	0
fsh-generated/resources/Parameters-StatusParameters-Example1.json	617	14	0	0	0	0	0	0	0	0	0	0	0	0	0	0	0	0	0	0	93	149	0	0	0	0	0	0
fsh-generated/resources/Parameters-VoidParameters-Example1.json	599	0	0	0	0	0	0	0	0	16	0	0	0	0	0	0	0	0	0	0	70	140	0	0	0	0	0	0
fsh-generated/resources/StructureDefinition-VRM-AcknowledgementHeader.json	2288	16	0	158	0	0	0	0	0	79	0	0	0	0	0	0	0	0	0	0	2132	2176	0	0	0	10	0	0
fsh-generated/resources/StructureDefinition-VRM-AcknowledgementMessage.json	3231	16	0	284	0	0	0	0	0	56	0	0	0	0	0	0	0	0	0	0	5084	3061	0	0	0	25	0	0
fsh-generated/resources/StructureDefinition-VRM-AliasHeader.json	1752	0	0	271	0	0	0	0	0	35	0	0	0	0	0	0	0	2	0	0	1770	1536	0	0	0	9	0	0
fsh-generated/resources/StructureDefinition-VRM-AliasParameters.json	15165	15	0	117	0	0	0	0	0	84	0	0	0	0	0	0	0	0	0	0	11480	2328	0	0	0	20	0	0
fsh-generated/resources/StructureDefinition-VRM-BirthReportMessage.json	3298	16	0	421	0	0	0	0	0	63	0	0	0	0	0	0	0	0	0	0	5848	3406	0	0	0	29	0	0
fsh-generated/resources/StructureDefinition-VRM-BirthReportUpdateMessage.json	3332	16	0	382	0	0	0	0	0	48	0	0	0	0	0	0	0	2	0	0	6691	2449	0	0	0	26	0	0
fsh-generated/resources/StructureDefinition-VRM-CauseOfDeathCodingHeader.json	2089	16	0	111	0	0	0	0	0	31	0	0	0	0	0	0	0	0	0	0	1725	2459	0	0	0	10	0	0
fsh-generated/resources/StructureDefinition-VRM-CauseOfDeathCodingMessage.json	3298	4	0	206	0	0	0	0	0	64	0	0	0	0	0	0	0	0	0	0	7616	2373	0	0	0	10	0	0
fsh-generated/resources/StructureDefinition-VRM-CauseOfDeathCodingUpdateHeader.json	2127	12	0	95	0	0	0	0	0	31	0	0	0	0	0	0	0	0	0	0	1792	1721	0	0	0	18	0	0
fsh-generated/resources/StructureDefinition-VRM-CauseOfDeathCodingUpdateMessage.json	3382	15	0	208	0	0	0	0	0	48	0	0	0	0	0	0	0	2	0	0	5141	2134	0	0	0	38	0	15
fsh-generated/resources/StructureDefinition-VRM-CodedCauseOfFetalDeathMessage.json	3470	16	0	197	14	0	0	0	0	69	0	0	0	0	0	0	0	0	0	0	5086	2098	0	0	0	33	0	0
fsh-generated/resources/StructureDefinition-VRM-CodedCauseOfFetalDeathUpdateMessage.json	3514	0	0	205	0	0	0	0	0	57	0	0	0	0	0	0	0	2	0	0	4830	2162	0	0	0	38	0	0
fsh-generated/resources/StructureDefinition-VRM-DeathRecordAliasMessage.json	2624	16	0	159	0	0	0	0	0	76	0	0	0	0	0	0	0	0	0	0	3933	1798	0	0	0	18	0	0
fsh-generated/resources/StructureDefinition-VRM-DeathRecordSubmissionMessage.json	3872	16	0	231	0	0	0	0	0	82	0	0	0	0	0	0	0	0	0	0	5798	2274	0	0	0	44	0	2
fsh-generated/resources/StructureDefinition-VRM-DeathRecordUpdateMessage.json	3339	0	0	238	2	0	2	0	0	80	0	0	0	0	0	0	0	2	0	0	4815	2001	0	0	0	20	0	0
fsh-generated/resources/StructureDefinition-VRM-DemographicsCodingHeader.json	2070	25	0	95	0	0	0	0	0	48	0	0	0	0	0	0	0	0	0	0	1953	1468	0	0	0	12	0	0
fsh-generated/resources/StructureDefinition-VRM-DemographicsCodingMessage.json	3290	7	0	239	0	0	0	0	0	63	0	0	0	0	0	0	0	0	0	0	5066	1908	0	0	0	28	0	0
fsh-generated/resources/StructureDefinition-VRM-DemographicsCodingUpdateHeader.json	2108	15	0	80	0	0	0	0	0	32	0	0	0	0	0	0	0	0	0	0	2058	1500	0	0	0	11	0	0
fsh-generated/resources/StructureDefinition-VRM-DemographicsCodingUpdateMessage.json	3342	17	0	205	0	0	0	0	0	64	0	0	0	0	0	0	0	2	0	0	5021	1991	0	0	0	24	0	0
fsh-generated/resources/StructureDefinition-VRM-ExtractionErrorHeader.json	2656	0	0	79	0	0	0	0	0	39	0	0	0	0	0	0	0	0	0	0	3429	1419	0	0	0	15	0	2
fsh-generated/resources/StructureDefinition-VRM-ExtractionErrorMessage.json	3247	15	0	206	0	0	0	0	0	55	0	0	0	0	0	0	0	1	0	0	4606	2681	0	0	0	29	0	0
fsh-generated/resources/StructureDefinition-VRM-FetalDeathReportMessage.json	3379	16	0	222	0	0	0	0	0	63	0	0	0	0	0	0	0	0	0	0	8089	2020	0	0	0	20	0	0
fsh-generated/resources/StructureDefinition-VRM-FetalDeathReportUpdateMessage.json	3406	0	0	255	0	0	0	0	0	69	0	0	0	0	0	0	0	0	0	0	5992	2036	0	0	0	16	0	0
fsh-generated/resources/StructureDefinition-VRM-IndustryOccupationCodingHeader.json	2102	16	0	104	0	0	0	0	0	26	0	0	0	0	0	0	0	0	0	0	1887	1483	0	0	0	22	0	0
fsh-generated/resources/StructureDefinition-VRM-IndustryOccupationCodingMessage.json	3195	16	0	230	0	0	0	0	0	63	0	0	0	0	0	0	0	0	0	0	8228	2193	0	0	0	20	0	2
fsh-generated/resources/StructureDefinition-VRM-IndustryOccupationCodingUpdateHeader.json	2140	16	0	78	0	0	0	0	0	31	0	0	0	0	0	0	0	0	0	0	1829	1782	0	0	0	14	0	0
fsh-generated/resources/StructureDefinition-VRM-IndustryOccupationCodingUpdateMessage.json	3435	0	0	223	0	0	0	0	0	63	0	0	0	0	0	0	0	11	0	0	7670	2382	0	0	0	24	0	0
fsh-generated/resources/StructureDefinition-VRM-MessageBundle.json	646	16	0	31	0	0	0	0	0	17	0	0	0	0	0	0	0	0	0	0	1393	1215	0	0	0	10	0	0
fsh-generated/resources/StructureDefinition-VRM-MessageParameters.json	8140	0	0	39	0	0	0	0	0	63	0	0	0	0	0	0	0	0	0	0	4904	1561	0	0	0	13	0	0
fsh-generated/resources/StructureDefinition-VRM-Outcome.json	660	15	0	9	0	0	0	0	0	15	0	0	0	0	0	0	0	0	0	0	888	1246	0	0	0	4	0	0
fsh-generated/resources/StructureDefinition-VRM-StatusHeader.json	2247	32	0	159	0	0	0	0	0	32	0	0	0	0	0	0	0	0	0	0	1727	1529	0	0	0	7	0	0
fsh-generated/resources/StructureDefinition-VRM-StatusMessage.json	2610	0	0	144	0	0	0	0	0	47	0	0	0	0	0	0	0	0	0	0	6030	2382	0	0	0	24	0	0
fsh-generated/resources/StructureDefinition-VRM-StatusParameters.json	9137	19	0	31	0	0	0	0	0	63	0	0	0	0	0	0	0	0	0	0	4084	1578	0	0	0	15	0	2
fsh-generated/resources/StructureDefinition-VRM-SubmissionHeader.json	1678	13	0	32	0	0	0	0	0	32	0	0	0	0	0	0	0	0	0	0	2649	1481	0	0	0	6	0	0
fsh-generated/resources/StructureDefinition-VRM-UpdateHeader.json	1654	2	0	16	0	0	0	0	0	32	0	0	0	0	0	0	0	0	0	0	1546	1509	0	0	0	13	0	0
fsh-generated/resources/StructureDefinition-VRM-VoidHeader.json	1651	19	0	89	0	0	0	0	0	31	0	0	0	0	0	0	0	0	0	0	2617	1711	0	0	0	2	0	0
fsh-generated/resources/StructureDefinition-VRM-VoidMessage.json	2643	8	0	213	0	0	0	0	0	47	0	0	0	0	0	0	0	0	0	0	4841	2969	0	0	0	23	0	0
fsh-generated/resources/StructureDefinition-VRM-VoidParameters.json	9204	3	0	31	0	0	0	0	0	79	0	0	0	0	0	0	0	0	0	0	3460	1877	0	0	0	9	0	0
fsh-generated/resources/ValueSet-Payload-version-vs.json	499	16	0	0	0	0	0	0	0	237	0	0	0	0	0	0	0	0	0	0	111	677	0	0	0	0	0	0
fsh-generated/resources/ValueSet-VRM-AcknowledgementHeaderURI-vs.json	842	0	0	0	0	0	0	0	0	32	0	0	0	0	0	0	0	0	0	0	158	425	0	0	0	16	0	0
fsh-generated/resources/ValueSet-VRM-CauseOfDeathCodingHeaderURI-vs.json	782	16	0	0	0	0	0	0	0	16	0	0	0	0	0	0	0	0	0	0	127	379	0	0	0	0	0	0
fsh-generated/resources/ValueSet-VRM-CauseOfDeathCodingUpdateHeaderURI-vs.json	828	16	0	0	0	0	0	0	0	15	0	0	0	0	0	0	0	0	0	0	142	363	0	0	0	0	0	0
fsh-generated/resources/ValueSet-VRM-DemographicsCodingHeaderURI-vs.json	879	7	0	0	0	0	0	0	0	16	0	0	0	0	0	0	0	0	0	0	143	393	0	0	0	0	0	0
fsh-generated/resources/ValueSet-VRM-DemographicsCodingUpdateHeaderURI-vs.json	930	9	0	0	0	0	0	0	0	16	0	0	0	0	0	0	0	0	0	0	142	379	0	0	0	0	0	0
fsh-generated/resources/ValueSet-VRM-ExtractionErrorHeaderURI-vs.json	851	15	0	0	0	0	0	0	0	16	0	0	0	0	0	0	0	0	0	0	142	362	0	0	0	0	0	0
fsh-generated/resources/ValueSet-VRM-IndustryOccupationHeaderURI-vs.json	897	17	0	0	0	0	0	0	0	16	0	0	0	0	0	0	0	0	0	0	175	363	0	0	0	0	0	0
fsh-generated/resources/ValueSet-VRM-IndustryOccupationUpdateHeaderURI-vs.json	950	0	0	0	0	0	0	0	0	32	0	0	0	0	0	0	0	0	0	0	158	363	0	0	0	0	0	0
fsh-generated/resources/ValueSet-VRM-Status-vs.json	448	15	0	0	0	0	0	0	0	16	0	0	0	0	0	0	0	0	0	0	95	378	0	0	0	0	0	0
fsh-generated/resources/ValueSet-VRM-StatusHeaderURI-vs.json	770	0	0	0	0	0	0	0	0	15	0	0	0	0	0	0	0	0	0	0	127	331	0	0	0	0	0	0
fsh-generated/resources/ValueSet-VRM-SubmissionHeaderURI-vs.json	777	16	0	0	0	0	0	0	0	16	0	0	0	0	0	0	0	0	0	0	174	331	0	0	0	0	0	0
fsh-generated/resources/ValueSet-VRM-UpdateHeaderURI-vs.json	803	16	0	0	0	0	0	0	0	17	0	0	0	0	0	0	0	0	0	0	127	315	0	0	0	0	0	0
fsh-generated/resources/ValueSet-VRM-VOIDHeaderURI-vs.json	787	16	0	0	0	0	0	0	0	15	0	0	0	0	0	0	0	0	0	0	142	300	0	0	0	0	0	0
