{
  "resourceType" : "Bundle",
  "id" : "DeathRecordSubmissionMessage-Example1",
  "meta" : {
    "profile" : ["http://cdc.gov/nchs/nvss/fhir/vital-records-messaging/StructureDefinition/VRM-DeathRecordSubmissionMessage"]
  },
  "type" : "message",
  "timestamp" : "2021-05-20T00:00:00Z",
  "entry" : [{
    "fullUrl" : "http://www.example.org/fhir/Header/DeathRecordSubmissionHeaderExample1",
    "resource" : {
      "resourceType" : "MessageHeader",
      "id" : "DeathRecordSubmissionHeaderExample1",
      "meta" : {
        "profile" : ["http://cdc.gov/nchs/nvss/fhir/vital-records-messaging/StructureDefinition/VRM-SubmissionHeader"]
      },
      "text" : {
        "status" : "generated",
        "div" : "<div xmlns=\"http://www.w3.org/1999/xhtml\"><a name=\"MessageHeader_DeathRecordSubmissionHeaderExample1\"> </a><p class=\"res-header-id\"><b>Generated Narrative: MessageHeader DeathRecordSubmissionHeaderExample1</b></p><a name=\"DeathRecordSubmissionHeaderExample1\"> </a><a name=\"hcDeathRecordSubmissionHeaderExample1\"> </a><a name=\"DeathRecordSubmissionHeaderExample1-en-US\"> </a><p><b>event</b>: <a href=\"http://nchs.cdc.gov/vrdr_submission\">http://nchs.cdc.gov/vrdr_submission</a></p><h3>Destinations</h3><table class=\"grid\"><tr><td style=\"display: none\">-</td><td><b>Endpoint</b></td></tr><tr><td style=\"display: none\">*</td><td><a href=\"http://nchs.cdc.gov/vrdr_submission\">http://nchs.cdc.gov/vrdr_submission</a></td></tr></table><h3>Sources</h3><table class=\"grid\"><tr><td style=\"display: none\">-</td><td><b>Endpoint</b></td></tr><tr><td style=\"display: none\">*</td><td><a href=\"https://sos.ny.gov/vitalrecords\">https://sos.ny.gov/vitalrecords</a></td></tr></table><p><b>focus</b>: </p><ul><li><a href=\"Bundle-DeathRecordSubmissionMessage-Example1.html#http-//www.example.org/fhir/Parameters/ParametersDeathExample1\">Bundle: type = message; timestamp = 2021-05-20 00:00:00+0000</a></li><li><a href=\"Bundle-DeathRecordSubmissionMessage-Example1.html#http-//www.example.org/fhir/Bundle/DummyDeathBundle\">Bundle: type = message; timestamp = 2021-05-20 00:00:00+0000</a></li></ul></div>"
      },
      "eventUri" : "http://nchs.cdc.gov/vrdr_submission",
      "destination" : [{
        "endpoint" : "http://nchs.cdc.gov/vrdr_submission"
      }],
      "source" : {
        "endpoint" : "https://sos.ny.gov/vitalrecords"
      },
      "focus" : [{
        "reference" : "http://www.example.org/fhir/Parameters/ParametersDeathExample1"
      },
      {
        "reference" : "http://www.example.org/fhir/Bundle/DummyDeathBundle"
      }]
    }
  },
  {
    "fullUrl" : "http://www.example.org/fhir/Parameters/ParametersDeathExample1",
    "resource" : {
      "resourceType" : "Parameters",
      "id" : "ParametersDeathExample1",
      "meta" : {
        "profile" : ["http://cdc.gov/nchs/nvss/fhir/vital-records-messaging/StructureDefinition/VRM-MessageParameters"]
      },
      "parameter" : [{
        "name" : "jurisdiction_id",
        "valueString" : "NY"
      },
      {
        "name" : "cert_no",
        "valueUnsignedInt" : 111111
      },
      {
        "name" : "state_auxiliary_id",
        "valueString" : "abcdef10"
      }]
    }
  },
  {
    "fullUrl" : "http://www.example.org/fhir/Bundle/DummyDeathBundle",
    "resource" : {
      "resourceType" : "Bundle",
      "id" : "DummyDeathBundle",
      "meta" : {
        "profile" : ["http://cdc.gov/nchs/nvss/fhir/vital-records-messaging/StructureDefinition/VRM-MessageBundle"]
      },
      "type" : "collection",
      "entry" : [{
        "fullUrl" : "http://www.example.org/fhir/Parameters/ParametersDeathExample1",
        "resource" : {
          "resourceType" : "Parameters",
          "id" : "ParametersDeathExample1",
          "meta" : {
            "profile" : ["http://cdc.gov/nchs/nvss/fhir/vital-records-messaging/StructureDefinition/VRM-MessageParameters"]
          },
          "parameter" : [{
            "name" : "jurisdiction_id",
            "valueString" : "NY"
          },
          {
            "name" : "cert_no",
            "valueUnsignedInt" : 111111
          },
          {
            "name" : "state_auxiliary_id",
            "valueString" : "abcdef10"
          }]
        }
      }]
    }
  }]
}