{
  "resourceType" : "OperationOutcome",
  "id" : "Outcome-Example2",
  "meta" : {
    "profile" : ["http://cdc.gov/nchs/nvss/fhir/vital-records-messaging/StructureDefinition/VRM-Outcome"]
  },
  "text" : {
    "status" : "generated",
    "div" : "<div xmlns=\"http://www.w3.org/1999/xhtml\"><p class=\"res-header-id\"><b>Generated Narrative: OperationOutcome Outcome-Example2</b></p><a name=\"Outcome-Example2\"> </a><a name=\"hcOutcome-Example2\"> </a><a name=\"Outcome-Example2-en-US\"> </a><h3>Issues</h3><table class=\"grid\"><tr><td style=\"display: none\">-</td><td><b>Severity</b></td><td><b>Code</b></td><td><b>Diagnostics</b></td></tr><tr><td style=\"display: none\">*</td><td>Warning</td><td>Structural Issue</td><td>Description of How Injury Occurred (HOWINJ) in InjuryIncident(Observation).value.text exceeded IJE Field size (250) and was truncated.</td></tr></table></div>"
  },
  "issue" : [{
    "severity" : "warning",
    "code" : "structure",
    "diagnostics" : "Description of How Injury Occurred (HOWINJ) in InjuryIncident(Observation).value.text exceeded IJE Field size (250) and was truncated."
  }]
}