{
  "resourceType" : "ValueSet",
  "id" : "VRM-AcknowledgementHeaderURI-vs",
  "text" : {
    "status" : "extensions",
    "div" : "<div xmlns=\"http://www.w3.org/1999/xhtml\"><p class=\"res-header-id\"><b>Generated Narrative: ValueSet VRM-AcknowledgementHeaderURI-vs</b></p><a name=\"VRM-AcknowledgementHeaderURI-vs\"> </a><a name=\"hcVRM-AcknowledgementHeaderURI-vs\"> </a><a name=\"VRM-AcknowledgementHeaderURI-vs-en-US\"> </a><ul><li>Include these codes as defined in <a href=\"CodeSystem-VRM-MessageHeaderURI-cs.html\"><code>http://cdc.gov/nchs/nvss/fhir/vital-records-messaging/CodeSystem/VRM-MessageHeaderURI-cs</code></a><table class=\"none\"><tr><td style=\"white-space:nowrap\"><b>Code</b></td><td><b>Display</b></td><td><b>Definition</b></td></tr><tr><td><a href=\"CodeSystem-VRM-MessageHeaderURI-cs.html#VRM-MessageHeaderURI-cs-http.58.47.47nchs.46cdc.46gov.47vrdr_acknowledgement\">http://nchs.cdc.gov/vrdr_acknowledgement</a></td><td style=\"color: #cccccc\">VRDR Acknowledgement</td><td>Indicates this is  an  acknowledgement of a death report</td></tr><tr><td><a href=\"CodeSystem-VRM-MessageHeaderURI-cs.html#VRM-MessageHeaderURI-cs-http.58.47.47nchs.46cdc.46gov.47fd_acknowledgement\">http://nchs.cdc.gov/fd_acknowledgement</a></td><td style=\"color: #cccccc\">Fetal Acknowledgement</td><td>Indicates this is an  acknowledgement for a Fetal Death report</td></tr><tr><td><a href=\"CodeSystem-VRM-MessageHeaderURI-cs.html#VRM-MessageHeaderURI-cs-http.58.47.47nchs.46cdc.46gov.47birth_acknowledgement\">http://nchs.cdc.gov/birth_acknowledgement</a></td><td style=\"color: #cccccc\">VRDR Acknowledgement</td><td>Indicates this is  an  acknowledgement for a birth report</td></tr></table></li></ul></div>"
  },
  "url" : "http://cdc.gov/nchs/nvss/fhir/vital-records-messaging/ValueSet/VRM-AcknowledgementHeaderURI-vs",
  "version" : "2.0.0-Preview4",
  "name" : "AcknowledgementURIVS",
  "title" : "Acknowledgement MessageHeader URI Values",
  "status" : "draft",
  "experimental" : false,
  "date" : "2025-02-18T14:47:05-05:00",
  "publisher" : "CDC NCHS",
  "contact" : [{
    "name" : "CDC NCHS",
    "telecom" : [{
      "system" : "url",
      "value" : "http://cdc.gov/nchs"
    }]
  }],
  "description" : "Acknowledgement MessageHeader URI Values",
  "compose" : {
    "include" : [{
      "system" : "http://cdc.gov/nchs/nvss/fhir/vital-records-messaging/CodeSystem/VRM-MessageHeaderURI-cs",
      "concept" : [{
        "code" : "http://nchs.cdc.gov/vrdr_acknowledgement"
      },
      {
        "code" : "http://nchs.cdc.gov/fd_acknowledgement"
      },
      {
        "code" : "http://nchs.cdc.gov/birth_acknowledgement"
      }]
    }]
  }
}