{
  "resourceType" : "CodeSystem",
  "id" : "VRM-MessageHeaderURI-cs",
  "text" : {
    "status" : "generated",
    "div" : "<div xmlns=\"http://www.w3.org/1999/xhtml\"><p>This case-sensitive code system <code>http://cdc.gov/nchs/nvss/fhir/vital-records-messaging/CodeSystem/VRM-MessageHeaderURI-cs</code> defines the following codes:</p><table class=\"codes\"><tr><td style=\"white-space:nowrap\"><b>Code</b></td><td><b>Display</b></td><td><b>Definition</b></td></tr><tr><td style=\"white-space:nowrap\">http://nchs.cdc.gov/vrdr_submission<a name=\"VRM-MessageHeaderURI-cs-http.58.47.47nchs.46cdc.46gov.47vrdr_submission\"> </a></td><td>VRDR Submission</td><td><div><p>Indicates that the payload is aninitial (or retransmission of an unacknowledged) submission of a VRDR Death Certificate\nDocument</p>\n</div></td></tr><tr><td style=\"white-space:nowrap\">http://nchs.cdc.gov/vrdr_submission_update<a name=\"VRM-MessageHeaderURI-cs-http.58.47.47nchs.46cdc.46gov.47vrdr_submission_update\"> </a></td><td>VRDR Update</td><td><div><p>Indicates this is  an  update  to  a  previously  acknowledged  submission  of  a  VRDR  DeathCertificate Document</p>\n</div></td></tr><tr><td style=\"white-space:nowrap\">http://nchs.cdc.gov/vrdr_submission_void<a name=\"VRM-MessageHeaderURI-cs-http.58.47.47nchs.46cdc.46gov.47vrdr_submission_void\"> </a></td><td>VRDR Void</td><td><div><p>Indicates this is  void  of  a  VRDR  DeathCertificate Document</p>\n</div></td></tr><tr><td style=\"white-space:nowrap\">http://nchs.cdc.gov/vrdr_acknowledgement<a name=\"VRM-MessageHeaderURI-cs-http.58.47.47nchs.46cdc.46gov.47vrdr_acknowledgement\"> </a></td><td>VRDR Acknowledgement</td><td><div><p>Indicates this is  an  acknowledgement</p>\n</div></td></tr><tr><td style=\"white-space:nowrap\">http://nchs.cdc.gov/vrdr_demographics_coding_update<a name=\"VRM-MessageHeaderURI-cs-http.58.47.47nchs.46cdc.46gov.47vrdr_demographics_coding_update\"> </a></td><td>VRDR Demographics Coding Update</td><td><div><p>Indicates that this is an updated demographics coding</p>\n</div></td></tr><tr><td style=\"white-space:nowrap\">http://nchs.cdc.gov/vrdr_causeofdeath_coding_update<a name=\"VRM-MessageHeaderURI-cs-http.58.47.47nchs.46cdc.46gov.47vrdr_causeofdeath_coding_update\"> </a></td><td>VRDR Cause of Death Coding Update</td><td><div><p>Indicates that this is an updated cause of death coding</p>\n</div></td></tr><tr><td style=\"white-space:nowrap\">http://nchs.cdc.gov/vrdr_demographics_coding<a name=\"VRM-MessageHeaderURI-cs-http.58.47.47nchs.46cdc.46gov.47vrdr_demographics_coding\"> </a></td><td>VRDR Demographics Coding</td><td><div><p>Indicates that this is an initial demographics coding</p>\n</div></td></tr><tr><td style=\"white-space:nowrap\">http://nchs.cdc.gov/vrdr_causeofdeath_coding<a name=\"VRM-MessageHeaderURI-cs-http.58.47.47nchs.46cdc.46gov.47vrdr_causeofdeath_coding\"> </a></td><td>VRDR Cause of Death Coding</td><td><div><p>Indicates that this is an initial cause of death coding</p>\n</div></td></tr><tr><td style=\"white-space:nowrap\">http://nchs.cdc.gov/vrdr_alias<a name=\"VRM-MessageHeaderURI-cs-http.58.47.47nchs.46cdc.46gov.47vrdr_alias\"> </a></td><td>VRDR Alias</td><td><div><p>Indicates that this is an alias for a previously submitted Decedent</p>\n</div></td></tr><tr><td style=\"white-space:nowrap\">http://nchs.cdc.gov/vrdr_extraction_error<a name=\"VRM-MessageHeaderURI-cs-http.58.47.47nchs.46cdc.46gov.47vrdr_extraction_error\"> </a></td><td>VRDR Extraction Error</td><td><div><p>Indicates that this is an extraction error</p>\n</div></td></tr><tr><td style=\"white-space:nowrap\">http://nchs.cdc.gov/vrdr_status<a name=\"VRM-MessageHeaderURI-cs-http.58.47.47nchs.46cdc.46gov.47vrdr_status\"> </a></td><td>VRDR Status</td><td><div><p>Indicates that this is a status for a previously submitted Decedent</p>\n</div></td></tr></table></div>"
  },
  "url" : "http://cdc.gov/nchs/nvss/fhir/vital-records-messaging/CodeSystem/VRM-MessageHeaderURI-cs",
  "version" : "1.0.1",
  "name" : "MessageHeaderURICS",
  "title" : "MessageHeader URI Values",
  "status" : "draft",
  "experimental" : false,
  "date" : "2023-12-28T11:01:10-05:00",
  "publisher" : "CDC NCHS",
  "contact" : [{
    "name" : "CDC NCHS",
    "telecom" : [{
      "system" : "url",
      "value" : "http://cdc.gov/nchs"
    }]
  }],
  "description" : "MessageHeader URI Values",
  "caseSensitive" : true,
  "content" : "complete",
  "count" : 11,
  "concept" : [{
    "code" : "http://nchs.cdc.gov/vrdr_submission",
    "display" : "VRDR Submission",
    "definition" : "Indicates that the payload is aninitial (or retransmission of an unacknowledged) submission of a VRDR Death Certificate\nDocument"
  },
  {
    "code" : "http://nchs.cdc.gov/vrdr_submission_update",
    "display" : "VRDR Update",
    "definition" : "Indicates this is  an  update  to  a  previously  acknowledged  submission  of  a  VRDR  DeathCertificate Document"
  },
  {
    "code" : "http://nchs.cdc.gov/vrdr_submission_void",
    "display" : "VRDR Void",
    "definition" : "Indicates this is  void  of  a  VRDR  DeathCertificate Document"
  },
  {
    "code" : "http://nchs.cdc.gov/vrdr_acknowledgement",
    "display" : "VRDR Acknowledgement",
    "definition" : "Indicates this is  an  acknowledgement"
  },
  {
    "code" : "http://nchs.cdc.gov/vrdr_demographics_coding_update",
    "display" : "VRDR Demographics Coding Update",
    "definition" : "Indicates that this is an updated demographics coding"
  },
  {
    "code" : "http://nchs.cdc.gov/vrdr_causeofdeath_coding_update",
    "display" : "VRDR Cause of Death Coding Update",
    "definition" : "Indicates that this is an updated cause of death coding"
  },
  {
    "code" : "http://nchs.cdc.gov/vrdr_demographics_coding",
    "display" : "VRDR Demographics Coding",
    "definition" : "Indicates that this is an initial demographics coding"
  },
  {
    "code" : "http://nchs.cdc.gov/vrdr_causeofdeath_coding",
    "display" : "VRDR Cause of Death Coding",
    "definition" : "Indicates that this is an initial cause of death coding"
  },
  {
    "code" : "http://nchs.cdc.gov/vrdr_alias",
    "display" : "VRDR Alias",
    "definition" : "Indicates that this is an alias for a previously submitted Decedent"
  },
  {
    "code" : "http://nchs.cdc.gov/vrdr_extraction_error",
    "display" : "VRDR Extraction Error",
    "definition" : "Indicates that this is an extraction error"
  },
  {
    "code" : "http://nchs.cdc.gov/vrdr_status",
    "display" : "VRDR Status",
    "definition" : "Indicates that this is a status for a previously submitted Decedent"
  }]
}