<?xml version="1.0" encoding="UTF-8"?>

<Parameters xmlns="http://hl7.org/fhir">
  <id value="AliasParameters-Example1"/>
  <meta>
    <profile value="http://cdc.gov/nchs/nvss/fhir/vital-records-messaging/StructureDefinition/VRM-AliasParameters"/>
  </meta>
  <parameter>
    <name value="jurisdiction_id"/>
    <valueString value="NY"/>
  </parameter>
  <parameter>
    <name value="cert_no"/>
    <valueUnsignedInt value="123456"/>
  </parameter>
  <parameter>
    <name value="death_year"/>
    <valueUnsignedInt value="2018"/>
  </parameter>
  <parameter>
    <name value="state_auxiliary_id"/>
    <valueString value="abcdef10"/>
  </parameter>
  <parameter>
    <name value="alias_father_surname"/>
    <valueString value="Jingleheimer"/>
  </parameter>
  <parameter>
    <name value="alias_decedent_first_name"/>
    <valueString value="John"/>
  </parameter>
  <parameter>
    <name value="alias_decedent_middle_name"/>
    <valueString value="Jacob"/>
  </parameter>
  <parameter>
    <name value="alias_decedent_last_name"/>
    <valueString value="Schmidt"/>
  </parameter>
  <parameter>
    <name value="alias_decedent_name_suffix"/>
    <valueString value="III"/>
  </parameter>
  <parameter>
    <name value="alias_social_security_number"/>
    <valueString value="123-45-6789"/>
  </parameter>
</Parameters>