{
  "resourceType" : "Location",
  "id" : "DeathLocation-Example2",
  "meta" : {
    "profile" : ["http://hl7.org/fhir/us/vrdr/StructureDefinition/vrdr-death-location"]
  },
  "text" : {
    "status" : "generated",
    "div" : "<div xmlns=\"http://www.w3.org/1999/xhtml\"><p><b>Generated Narrative: Location</b><a name=\"DeathLocation-Example2\"> </a></p><div style=\"display: inline-block; background-color: #d9e0e7; padding: 6px; margin: 4px; border: 1px solid #8da1b4; border-radius: 5px; line-height: 60%\"><p style=\"margin-bottom: 0px\">Resource Location &quot;DeathLocation-Example2&quot; </p><p style=\"margin-bottom: 0px\">Profile: <a href=\"https://build.fhir.org/ig/HL7/vrdr//StructureDefinition-vrdr-death-location.html\">Death Location</a></p></div><p><b>name</b>: Pecan Grove Nursing Home</p><p><b>description</b>: nursing home</p><p><b>type</b>: Death Location <span style=\"background: LightGoldenRodYellow; margin: 4px; border: 1px solid khaki\"> (<a href=\"https://build.fhir.org/ig/HL7/vrdr//CodeSystem-vrdr-location-type-cs.html\">Location Type Code System</a>#death)</span></p><p><b>address</b>: Queens NY US </p></div>"
  },
  "name" : "Pecan Grove Nursing Home",
  "description" : "nursing home",
  "type" : [{
    "coding" : [{
      "system" : "http://hl7.org/fhir/us/vrdr/CodeSystem/vrdr-location-type-cs",
      "code" : "death"
    }]
  }],
  "address" : {
    "city" : "Queens",
    "state" : "NY",
    "_state" : {
      "extension" : [{
        "url" : "http://hl7.org/fhir/us/vrdr/StructureDefinition/Location-Jurisdiction-Id",
        "valueString" : "YC"
      }]
    },
    "country" : "US"
  }
}