{
  "resourceType" : "Location",
  "id" : "DeathLocation-Example1",
  "meta" : {
    "profile" : ["http://hl7.org/fhir/us/vrdr/StructureDefinition/vrdr-death-location"]
  },
  "text" : {
    "status" : "generated",
    "div" : "<div xmlns=\"http://www.w3.org/1999/xhtml\"><p><b>Generated Narrative: Location</b><a name=\"DeathLocation-Example1\"> </a></p><div style=\"display: inline-block; background-color: #d9e0e7; padding: 6px; margin: 4px; border: 1px solid #8da1b4; border-radius: 5px; line-height: 60%\"><p style=\"margin-bottom: 0px\">Resource Location &quot;DeathLocation-Example1&quot; </p><p style=\"margin-bottom: 0px\">Profile: <a href=\"https://build.fhir.org/ig/HL7/vrdr//StructureDefinition-vrdr-death-location.html\">Death Location</a></p></div><p><b>name</b>: Pecan Grove Nursing Home</p><p><b>description</b>: nursing home</p><p><b>type</b>: Death Location <span style=\"background: LightGoldenRodYellow; margin: 4px; border: 1px solid khaki\"> (<a href=\"https://build.fhir.org/ig/HL7/vrdr//CodeSystem-vrdr-location-type-cs.html\">Location Type Code System</a>#death)</span></p><p><b>address</b>: Albany NY US </p><h3>Positions</h3><table class=\"grid\"><tr><td style=\"display: none\">-</td><td><b>Longitude</b></td><td><b>Latitude</b></td></tr><tr><td style=\"display: none\">*</td><td>-77.050636</td><td>38.889248</td></tr></table></div>"
  },
  "name" : "Pecan Grove Nursing Home",
  "description" : "nursing home",
  "type" : [{
    "coding" : [{
      "system" : "http://hl7.org/fhir/us/vrdr/CodeSystem/vrdr-location-type-cs",
      "code" : "death"
    }]
  }],
  "address" : {
    "city" : "Albany",
    "state" : "NY",
    "country" : "US"
  },
  "position" : {
    "longitude" : -77.050636,
    "latitude" : 38.889248
  }
}